id,surface,chapter,file_line,category,detail,severity_or_confidence,found_by,origin
PYQ-S-2026-ACID-010,bank,acids-bases-and-salts,lazytopper/src/data/questionBanks/class10/science/acidsBasesSalts.pyq2026.ts:83,broken (solver),Option (d)/answer contains page-footer residue 'Al2O3 { } of 32',high,agent:acids-bases-and-salts,official(pyq2026)
PYQ-S-2026-ACID-012,bank,acids-bases-and-salts,lazytopper/src/data/questionBanks/class10/science/acidsBasesSalts.pyq2026.ts:99,broken (solver),"Stem 'In the following diagram' with no description of the set-up (Zn + dil H2SO4, gas collection); option (d) contains page residue '{ } of 32'",high,agent:acids-bases-and-salts,official(pyq2026)
PYQ-S-2026-ACID-013,bank,acids-bases-and-salts,lazytopper/src/data/questionBanks/class10/science/acidsBasesSalts.pyq2026.ts:107,broken (solver),Option (d)/answer contains page-footer residue 'magnesium and aluminium { } of 32',high,agent:acids-bases-and-salts,official(pyq2026)
PYQ-S-2026-ACID-014,bank,acids-bases-and-salts,lazytopper/src/data/questionBanks/class10/science/acidsBasesSalts.pyq2026.ts:115,broken (solver),Stray '1' (marks residue) in stem after 'as shown in the diagram given below :'; diagram referenced but not needed,medium,agent:acids-bases-and-salts,official(pyq2026)
PYQ-S-ACID-001,bank,acids-bases-and-salts,lazytopper/src/data/questionBanks/class10/science/acids-bases-and-salts.pyq.ts:11,broken (solver),Stem says 'In the given experimental set-up' but the set-up (conductivity circuit with bulb) is not described,medium,agent:acids-bases-and-salts,official(pyq)
PYQ-S-ACID-005,bank,acids-bases-and-salts,lazytopper/src/data/questionBanks/class10/science/acids-bases-and-salts.pyq.ts:43,broken (solver),finalAnswer and explanation are marking-scheme residue 'x) 1 1' instead of an answer/explanation (key itself is correct),high,agent:acids-bases-and-salts,official(pyq)
PYQ-S-ACID-006,bank,acids-bases-and-salts,lazytopper/src/data/questionBanks/class10/science/acids-bases-and-salts.pyq.ts:51,broken (solver),finalAnswer and explanation are marking-scheme residue 'x) 1 1' instead of an answer/explanation (key itself is correct),high,agent:acids-bases-and-salts,official(pyq)
PYQ-S-ACID-007,bank,acids-bases-and-salts,lazytopper/src/data/questionBanks/class10/science/acids-bases-and-salts.pyq.ts:59,broken (solver),finalAnswer and explanation are marking-scheme residue 'x) 1 1' instead of an answer/explanation (key itself is correct),high,agent:acids-bases-and-salts,official(pyq)
PYQ-S-ACID-008,bank,acids-bases-and-salts,lazytopper/src/data/questionBanks/class10/science/acids-bases-and-salts.pyq.ts:67,broken (solver),finalAnswer and explanation are marking-scheme residue 'x) 1 1' instead of an answer/explanation (key itself is correct),high,agent:acids-bases-and-salts,official(pyq)
SCO-S-ACID-007,bank,acids-bases-and-salts,lazytopper/src/data/questionBanks/class10/science/acids-bases-and-salts.chapterwise.ts:60,broken (solver),Stem typo 'Plaster of pairs' (should be Plaster of Paris),high,agent:acids-bases-and-salts,transcribed-third-party(chapterwise)
SCO-S-ACID-008,bank,acids-bases-and-salts,lazytopper/src/data/questionBanks/class10/science/acids-bases-and-salts.chapterwise.ts:68,broken (solver),Options garbled with trailing '=' and inverted text ('it gives orange colour at 3 pH ='),high,agent:acids-bases-and-salts,transcribed-third-party(chapterwise)
SCO-S-ACID-009,bank,acids-bases-and-salts,lazytopper/src/data/questionBanks/class10/science/acids-bases-and-salts.chapterwise.ts:76,broken (solver),Option (a) contains leftover page header 'Chap 2 : Acid Base and Salt',high,agent:acids-bases-and-salts,transcribed-third-party(chapterwise)
SCO-S-ACID-010,bank,acids-bases-and-salts,lazytopper/src/data/questionBanks/class10/science/acids-bases-and-salts.chapterwise.ts:84,broken (solver),"Explanation garbled: 'with some slaked, ( ) Ca OH 2'",medium,agent:acids-bases-and-salts,transcribed-third-party(chapterwise)
SCO-S-ACID-017,bank,acids-bases-and-salts,lazytopper/src/data/questionBanks/class10/science/acids-bases-and-salts.chapterwise.ts:140,broken (solver),"Explanation garbled: 'The pH of varies from 3-35 to 4' / 'apple juice is , acidic'",medium,agent:acids-bases-and-salts,transcribed-third-party(chapterwise)
SCQ-S-ACID-038,bank,acids-bases-and-salts,lazytopper/src/data/questionBanks/class10/science/acids-bases-and-salts.chapterwise.ts:274,broken (solver),"Leftover page header 'Chap 2 : Acid Bases and Salts' inside stem part c; answer truncated ('Na2CO3 is the salt whose pH is '); step text 'pH is more than, CuSO4' missing value",high,agent:acids-bases-and-salts,transcribed-third-party(chapterwise)
APQ-S-ACID-006,bank,acids-bases-and-salts,lazytopper/src/data/questionBanks/class10/science/acids-bases-and-salts.additionalPQ.ts:56,case-missing-subparts,case/Section-E row with no (i)/(ii)/(iii) sub-questions in stem,high,script,official(additionalPQ)
APQ-S-ACID-002,bank,acids-bases-and-salts,lazytopper/src/data/questionBanks/class10/science/acids-bases-and-salts.additionalPQ.ts:19,empty-option,"options [0, 1, 2, 3] are bare labels/empty (option content missing): ['A', 'B', 'C', 'D']",high,script,official(additionalPQ)
BX-ABS-E-002,bank,acids-bases-and-salts,lazytopper/src/data/questionBanks/class10/science/acidsBasesSalts.expand.caseE.ts:35,figure-missing,"stem says ""as shown""; no figure bound in data/figures/* (getFiguresForQuestion returns [])",high,script,LT-authored(expand.caseE)
CFPQ-S-ABS-013,bank,acids-bases-and-salts,lazytopper/src/data/questionBanks/class10/science/acids-bases-and-salts.cfpq.ts:306,figure-missing,"stem says ""as shown""; no figure bound in data/figures/* (getFiguresForQuestion returns []); diagramDescription present but not rendered",high,script,official(cfpq)
S-ABS-1,promptD,acids-bases-and-salts,lazytopper/src/data/promptDPracticePacks.ts:168,missing-answer,"promptD pack row has no answer / solutionSteps / marking scheme (schema: id,text,marks,difficulty,questionType)",medium,script,LT-authored(promptD)
S-ABS-10,promptD,acids-bases-and-salts,lazytopper/src/data/promptDPracticePacks.ts:231,missing-answer,"promptD pack row has no answer / solutionSteps / marking scheme (schema: id,text,marks,difficulty,questionType)",medium,script,LT-authored(promptD)
S-ABS-2,promptD,acids-bases-and-salts,lazytopper/src/data/promptDPracticePacks.ts:175,missing-answer,"promptD pack row has no answer / solutionSteps / marking scheme (schema: id,text,marks,difficulty,questionType)",medium,script,LT-authored(promptD)
S-ABS-3,promptD,acids-bases-and-salts,lazytopper/src/data/promptDPracticePacks.ts:182,missing-answer,"promptD pack row has no answer / solutionSteps / marking scheme (schema: id,text,marks,difficulty,questionType)",medium,script,LT-authored(promptD)
S-ABS-4,promptD,acids-bases-and-salts,lazytopper/src/data/promptDPracticePacks.ts:189,missing-answer,"promptD pack row has no answer / solutionSteps / marking scheme (schema: id,text,marks,difficulty,questionType)",medium,script,LT-authored(promptD)
S-ABS-5,promptD,acids-bases-and-salts,lazytopper/src/data/promptDPracticePacks.ts:196,missing-answer,"promptD pack row has no answer / solutionSteps / marking scheme (schema: id,text,marks,difficulty,questionType)",medium,script,LT-authored(promptD)
S-ABS-6,promptD,acids-bases-and-salts,lazytopper/src/data/promptDPracticePacks.ts:203,missing-answer,"promptD pack row has no answer / solutionSteps / marking scheme (schema: id,text,marks,difficulty,questionType)",medium,script,LT-authored(promptD)
S-ABS-7,promptD,acids-bases-and-salts,lazytopper/src/data/promptDPracticePacks.ts:210,missing-answer,"promptD pack row has no answer / solutionSteps / marking scheme (schema: id,text,marks,difficulty,questionType)",medium,script,LT-authored(promptD)
S-ABS-8,promptD,acids-bases-and-salts,lazytopper/src/data/promptDPracticePacks.ts:217,missing-answer,"promptD pack row has no answer / solutionSteps / marking scheme (schema: id,text,marks,difficulty,questionType)",medium,script,LT-authored(promptD)
S-ABS-9,promptD,acids-bases-and-salts,lazytopper/src/data/promptDPracticePacks.ts:224,missing-answer,"promptD pack row has no answer / solutionSteps / marking scheme (schema: id,text,marks,difficulty,questionType)",medium,script,LT-authored(promptD)
sci-abs-comp-01,hpq,acids-bases-and-salts,lazytopper/src/data/hpqCompetencyAdditions.ts:279,missing-marking-scheme,written question with no solutionSteps,medium,script,LT-authored(hpq)
sci-abs-comp-02,hpq,acids-bases-and-salts,lazytopper/src/data/hpqCompetencyAdditions.ts:964,missing-marking-scheme,written question with no solutionSteps,medium,script,LT-authored(hpq)
APQ-M-ARC-001,bank,areas-related-to-circles,lazytopper/src/data/questionBanks/class10/maths/areas-related-to-circles.additionalPQ.ts:10,broken (solver),"Stem says area of shaded region is ""(some fraction)"" of the circle - placeholder text; figure/fraction missing so answer cannot be derived",high,agent:areas-related-to-circles,official(additionalPQ)
APQ-M-ARC-002,bank,areas-related-to-circles,lazytopper/src/data/questionBanks/class10/maths/areas-related-to-circles.additionalPQ.ts:20,broken (solver),Stem depends on a figure (which pentagon sectors are shaded) that is not described; answer 10pi unverifiable,high,agent:areas-related-to-circles,official(additionalPQ)
APQ-M-ARC-003,bank,areas-related-to-circles,lazytopper/src/data/questionBanks/class10/maths/areas-related-to-circles.additionalPQ.ts:30,broken (solver),"""In the given figure"" - central angle of segment ACB not stated; answer assumes 90 deg",medium,agent:areas-related-to-circles,official(additionalPQ)
APQ-M-ARC-004,bank,areas-related-to-circles,lazytopper/src/data/questionBanks/class10/maths/areas-related-to-circles.additionalPQ.ts:40,broken (solver),"Rhombus part needs figure: angle A=60 deg (and which region is shaded) not given in stem; solution asserts 60 deg from ""BD line of symmetry"", which does not imply it",medium,agent:areas-related-to-circles,official(additionalPQ)
APQ-M-ARC-006,bank,areas-related-to-circles,lazytopper/src/data/questionBanks/class10/maths/areas-related-to-circles.additionalPQ.ts:60,broken (solver),"Asks length PE of a sector ""shown below""; no figure or data in stem, explanation only cites MS",high,agent:areas-related-to-circles,official(additionalPQ)
APQ-M-ARC-007,bank,areas-related-to-circles,lazytopper/src/data/questionBanks/class10/maths/areas-related-to-circles.additionalPQ.ts:70,broken (solver),"Figure-dependent (unit square ROST in sector POQ) not described; if R,T lie on OP,OQ then angle=90 and r=sqrt2 so the given info alone suffices, contradicting key (c)",medium,agent:areas-related-to-circles,official(additionalPQ)
APQ-M-ARC-008,bank,areas-related-to-circles,lazytopper/src/data/questionBanks/class10/maths/areas-related-to-circles.additionalPQ.ts:80,broken (solver),Fibonacci-grid shaded sector shown in a figure that is not described; which sector is shaded cannot be determined,medium,agent:areas-related-to-circles,official(additionalPQ)
APQ-M-ARC-010,bank,areas-related-to-circles,lazytopper/src/data/questionBanks/class10/maths/areas-related-to-circles.additionalPQ.ts:98,broken (solver),Shaded segment not defined in stem (figure needed); answer assumes 90 deg segment of r=6,medium,agent:areas-related-to-circles,official(additionalPQ)
ARC-H04,bank,areas-related-to-circles,lazytopper/src/data/questionBanks/class10/maths/areasRelatedToCircles.pack1.ts:183,broken (solver),"""In the given figure"" - which triangle is cut (OBD with D on OA) is not stated in stem",medium,agent:areas-related-to-circles,LT-authored(AI pack)
ARC-M02,bank,areas-related-to-circles,lazytopper/src/data/questionBanks/class10/maths/areasRelatedToCircles.pack1.ts:76,broken (solver),"""six equal designs as shown in figure"" - figure not described; segment central angle (60 deg) must be stated",medium,agent:areas-related-to-circles,LT-authored(AI pack)
ARC-M06,bank,areas-related-to-circles,lazytopper/src/data/questionBanks/class10/maths/areasRelatedToCircles.pack1.ts:92,broken (solver),"Duplicate of ARC-M02; ""as shown"" figure not described, 60 deg segment angle missing",medium,agent:areas-related-to-circles,LT-authored(AI pack)
PYQ-M-2024-ARC-001,bank,areas-related-to-circles,lazytopper/src/data/questionBanks/class10/maths/areas-related-to-circles.pyq2024.ts:12,broken (solver),"""onetwelfth"" run together; finalAnswer garbled ""(b) 30 1""",medium,agent:areas-related-to-circles,official(pyq2024)
PYQ-M-2024-ARC-003,bank,areas-related-to-circles,lazytopper/src/data/questionBanks/class10/maths/areas-related-to-circles.pyq2024.ts:28,broken (solver),"pi rendered as ""p"": ""60p cm2""",high,agent:areas-related-to-circles,official(pyq2024)
PYQ-M-2024-ARC-004,bank,areas-related-to-circles,lazytopper/src/data/questionBanks/class10/maths/areas-related-to-circles.pyq2024.ts:36,broken (solver),"Option D contains page footer ""462 cm 1530/5/1""",high,agent:areas-related-to-circles,official(pyq2024)
PYQ-M-2024-ARC-005,bank,areas-related-to-circles,lazytopper/src/data/questionBanks/class10/maths/areas-related-to-circles.pyq2024.ts:44,broken (solver),"pi rendered as ""p"" (""10p cm""); finalAnswer ""(d) 1500"" (degree sign as 0)",high,agent:areas-related-to-circles,official(pyq2024)
PYQ-M-2024-ARC-006b,bank,areas-related-to-circles,lazytopper/src/data/questionBanks/class10/maths/areas-related-to-circles.pyq2024.ts:52,broken (solver),"Answer text has flattened fractions ""2 x 22 7 x 42 x 60 360""",medium,agent:areas-related-to-circles,official(pyq2024)
PYQ-M-2024-ARC-007,bank,areas-related-to-circles,lazytopper/src/data/questionBanks/class10/maths/areas-related-to-circles.pyq2024.ts:59,broken (solver),"pi rendered ""p"" in stem (""Use p = 3.14""); answer ""157 2 cm2"" flattened fraction",medium,agent:areas-related-to-circles,official(pyq2024)
PYQ-M-2025-ARC-001,bank,areas-related-to-circles,lazytopper/src/data/questionBanks/class10/maths/areas-related-to-circles.pyq2025.ts:11,broken (solver),"pi lost from stem (""40 sq. units"" should be 40pi) and sqrt from option (""10 2""); as written r = sqrt(200/pi), no option correct",high,agent:areas-related-to-circles,official(pyq2025)
PYQ-M-2025-ARC-002,bank,areas-related-to-circles,lazytopper/src/data/questionBanks/class10/maths/areas-related-to-circles.pyq2025.ts:19,broken (solver),"pi lost from options: arc = (144/360)x2pi x5 = 4pi cm but options read 2,4,5,6 cm; keyed ""4 cm"" is numerically wrong as served",high,agent:areas-related-to-circles,official(pyq2025)
PYQ-M-2025-ARC-003,bank,areas-related-to-circles,lazytopper/src/data/questionBanks/class10/maths/areas-related-to-circles.pyq2025.ts:27,broken (solver),pi lost from stem (54pi cm2) and options; finalAnswer says 3pi cm while key says 3 cm (3 cm is correct only for the garbled stem),high,agent:areas-related-to-circles,official(pyq2025)
PYQ-M-2025-ARC-004,bank,areas-related-to-circles,lazytopper/src/data/questionBanks/class10/maths/areas-related-to-circles.pyq2025.ts:35,broken (solver),"Answer text truncated ""...+ 5 x 3"" and fractions flattened; also stem shows mark numbers inline (""1"", ""2"")",medium,agent:areas-related-to-circles,official(pyq2025)
PYQ-M-2026-ARC-001,bank,areas-related-to-circles,lazytopper/src/data/questionBanks/class10/maths/areas-related-to-circles.pyq2026.ts:12,broken (solver),"Reason formula garbled: ""is 2r 360"" (theta and pi lost); also ""60"" missing degree sign",high,agent:areas-related-to-circles,official(pyq2026)
PYQ-M-ARC-001,bank,areas-related-to-circles,lazytopper/src/data/questionBanks/class10/maths/areas-related-to-circles.pyq.ts:11,broken (solver),"Degree symbol lost: ""central angle 90 ?""",medium,agent:areas-related-to-circles,official(pyq)
PYQ-M-ARC-004,bank,areas-related-to-circles,lazytopper/src/data/questionBanks/class10/maths/areas-related-to-circles.pyq.ts:35,broken (solver),"Answer text has flattened fractions/garbage ""7 22 x 21 x 21 x o o 360 120""",medium,agent:areas-related-to-circles,official(pyq)
PYQ-M-ARC-006,bank,areas-related-to-circles,lazytopper/src/data/questionBanks/class10/maths/areas-related-to-circles.pyq.ts:49,broken (solver),"Answer text has flattened fractions ""3.14 x (14)2 6"", ""1.73 4 (14)2""",medium,agent:areas-related-to-circles,official(pyq)
Z3-ARC-004,bank,areas-related-to-circles,lazytopper/src/data/questionBanks/class10/maths/competency.z3.ts:674,broken (solver),"finalAnswer/lastStep served with editorial note ""a value of 2912 cm^2 is also under review - pending verification""",high,agent:areas-related-to-circles,transcribed-third-party(z3)
APQ-M-ARC-003,bank,areas-related-to-circles,lazytopper/src/data/questionBanks/class10/maths/areas-related-to-circles.additionalPQ.ts:30,figure-missing,"stem says ""In the given figure""; no figure bound in data/figures/* (getFiguresForQuestion returns [])",high,script,official(additionalPQ)
ARC-H04,bank,areas-related-to-circles,lazytopper/src/data/questionBanks/class10/maths/areasRelatedToCircles.pack1.ts:183,figure-missing,"stem says ""In the given figure""; no figure bound in data/figures/* (getFiguresForQuestion returns [])",high,script,LT-authored(AI pack)
ARC-M02,bank,areas-related-to-circles,lazytopper/src/data/questionBanks/class10/maths/areasRelatedToCircles.pack1.ts:76,figure-missing,"stem says ""as shown""; no figure bound in data/figures/* (getFiguresForQuestion returns [])",high,script,LT-authored(AI pack)
ARC-M06,bank,areas-related-to-circles,lazytopper/src/data/questionBanks/class10/maths/areasRelatedToCircles.pack1.ts:92,figure-missing,"stem says ""as shown""; no figure bound in data/figures/* (getFiguresForQuestion returns [])",high,script,LT-authored(AI pack)
M-ARC-1,promptD,areas-related-to-circles,lazytopper/src/data/promptDPracticePacks.ts:2113,missing-answer,"promptD pack row has no answer / solutionSteps / marking scheme (schema: id,text,marks,difficulty,questionType)",medium,script,LT-authored(promptD)
M-ARC-10,promptD,areas-related-to-circles,lazytopper/src/data/promptDPracticePacks.ts:2176,missing-answer,"promptD pack row has no answer / solutionSteps / marking scheme (schema: id,text,marks,difficulty,questionType)",medium,script,LT-authored(promptD)
M-ARC-2,promptD,areas-related-to-circles,lazytopper/src/data/promptDPracticePacks.ts:2120,missing-answer,"promptD pack row has no answer / solutionSteps / marking scheme (schema: id,text,marks,difficulty,questionType)",medium,script,LT-authored(promptD)
M-ARC-3,promptD,areas-related-to-circles,lazytopper/src/data/promptDPracticePacks.ts:2127,missing-answer,"promptD pack row has no answer / solutionSteps / marking scheme (schema: id,text,marks,difficulty,questionType)",medium,script,LT-authored(promptD)
M-ARC-4,promptD,areas-related-to-circles,lazytopper/src/data/promptDPracticePacks.ts:2134,missing-answer,"promptD pack row has no answer / solutionSteps / marking scheme (schema: id,text,marks,difficulty,questionType)",medium,script,LT-authored(promptD)
M-ARC-5,promptD,areas-related-to-circles,lazytopper/src/data/promptDPracticePacks.ts:2141,missing-answer,"promptD pack row has no answer / solutionSteps / marking scheme (schema: id,text,marks,difficulty,questionType)",medium,script,LT-authored(promptD)
M-ARC-6,promptD,areas-related-to-circles,lazytopper/src/data/promptDPracticePacks.ts:2148,missing-answer,"promptD pack row has no answer / solutionSteps / marking scheme (schema: id,text,marks,difficulty,questionType)",medium,script,LT-authored(promptD)
M-ARC-7,promptD,areas-related-to-circles,lazytopper/src/data/promptDPracticePacks.ts:2155,missing-answer,"promptD pack row has no answer / solutionSteps / marking scheme (schema: id,text,marks,difficulty,questionType)",medium,script,LT-authored(promptD)
M-ARC-8,promptD,areas-related-to-circles,lazytopper/src/data/promptDPracticePacks.ts:2162,missing-answer,"promptD pack row has no answer / solutionSteps / marking scheme (schema: id,text,marks,difficulty,questionType)",medium,script,LT-authored(promptD)
M-ARC-9,promptD,areas-related-to-circles,lazytopper/src/data/promptDPracticePacks.ts:2169,missing-answer,"promptD pack row has no answer / solutionSteps / marking scheme (schema: id,text,marks,difficulty,questionType)",medium,script,LT-authored(promptD)
arc-comp-01,hpq,areas-related-to-circles,lazytopper/src/data/hpqCompetencyAdditions.ts:215,missing-marking-scheme,written question with no solutionSteps,medium,script,LT-authored(hpq)
2026-ARC-AR-02,predicted,areas-related-to-circles,lazytopper/src/data/predictedQuestions.ts:1420,missing-options,Assertion-Reasoning with 0 options,high,script,LT-authored(predicted)
APQ-M-AP-005,bank,arithmetic-progression,lazytopper/src/data/questionBanks/class10/maths/arithmetic-progression.additionalPQ.ts:46,broken (solver),"Stem says ""Based on first 6 months, the monthly velocities form a pattern"" but the velocity table (27360, 30915, 34470, ...) is missing; part (i) and d = 3555 cannot be derived from the stem.",medium,agent:arithmetic-progression,official(additionalPQ)
CASE-MATHS-AP-001,bank,arithmetic-progression,lazytopper/src/data/questionBanks/class10/maths/maths.caseBased.ts:104,broken (solver),"Part (iii) asks for ""the first VIP row"" but the stem never defines a VIP row (threshold missing); stored answer is a self-contradicting debate (0 VIP rows vs 1 VIP row).",high,agent:arithmetic-progression,LT-authored(caseBased)
PYQ-M-2024-AP-001a,bank,arithmetic-progression,lazytopper/src/data/questionBanks/class10/maths/arithmetic-progression.pyq2024.ts:12,broken (solver),"Stem has spaces stripped and ""m¹n"" for m ≠ n; answer garbled and truncated (""Sm+n = ... ="").",high,agent:arithmetic-progression,official(pyq2024)
PYQ-M-2024-AP-002b,bank,arithmetic-progression,lazytopper/src/data/questionBanks/class10/maths/arithmetic-progression.pyq2024.ts:26,broken (solver),"Answer truncated/garbled (""d = 40 15 or""), no clean final value.",medium,agent:arithmetic-progression,official(pyq2024)
PYQ-M-2025-AP-001,bank,arithmetic-progression,lazytopper/src/data/questionBanks/class10/maths/arithmetic-progression.pyq2025.ts:11,broken (solver),"Stem garbled: minus signs and the claim are lost (""Common difference of the AP : 5, 1, 3,"" – no ""... is 4""); R reads ""d = an an 1"". As written A cannot be judged.",high,agent:arithmetic-progression,official(pyq2025)
PYQ-M-2025-AP-002,bank,arithmetic-progression,lazytopper/src/data/questionBanks/class10/maths/arithmetic-progression.pyq2025.ts:19,broken (solver),"Stem contains stray marks numerals (""... AP so formed. 1"", ""... 8th round. 1"", ""... 10 rounds. 2"") from PDF extraction.",medium,agent:arithmetic-progression,official(pyq2025)
PYQ-M-AP-002,bank,arithmetic-progression,lazytopper/src/data/questionBanks/class10/maths/arithmetic-progression.pyq.ts:19,broken (solver),"Garbled extraction: stray marks ""3"" in stem, solution text garbled (""n > 4 69"") and truncated (""1st negative term of the AP =""); OR part (A) has no answer.",high,agent:arithmetic-progression,official(pyq)
PYQ-M-AP-005,bank,arithmetic-progression,lazytopper/src/data/questionBanks/class10/maths/arithmetic-progression.pyq.ts:40,broken (solver),"Stem lost minus sign (""Sn = 6n n2"" for 6n − n²); answer garbled and truncated (""a30 = 5 + 29(– 2) = –"").",high,agent:arithmetic-progression,official(pyq)
PYQ-M-AP-006,bank,arithmetic-progression,lazytopper/src/data/questionBanks/class10/maths/arithmetic-progression.pyq.ts:47,broken (solver),"Answer truncated (""⟹ d ="") and contains typo ""65 = 18 + 19d"" (should be 8 + 19d); fractions garbled.",high,agent:arithmetic-progression,official(pyq)
2026-AP-CASE-04,predicted,arithmetic-progression,lazytopper/src/data/predictedQuestions.ts:892,case-missing-subparts,case/Section-E row with no (i)/(ii)/(iii) sub-questions in stem,high,script,LT-authored(predicted)
CBE-M-AP-A-005,bank,arithmetic-progression,lazytopper/src/data/questionBanks/class10/maths/arithmetic-progression.cbe.ts:102,case-missing-subparts,case/Section-E row with no (i)/(ii)/(iii) sub-questions in stem,high,script,official(cbe)
M-AP-1,promptD,arithmetic-progression,lazytopper/src/data/promptDPracticePacks.ts:1627,missing-answer,"promptD pack row has no answer / solutionSteps / marking scheme (schema: id,text,marks,difficulty,questionType)",medium,script,LT-authored(promptD)
M-AP-10,promptD,arithmetic-progression,lazytopper/src/data/promptDPracticePacks.ts:1690,missing-answer,"promptD pack row has no answer / solutionSteps / marking scheme (schema: id,text,marks,difficulty,questionType)",medium,script,LT-authored(promptD)
M-AP-2,promptD,arithmetic-progression,lazytopper/src/data/promptDPracticePacks.ts:1634,missing-answer,"promptD pack row has no answer / solutionSteps / marking scheme (schema: id,text,marks,difficulty,questionType)",medium,script,LT-authored(promptD)
M-AP-3,promptD,arithmetic-progression,lazytopper/src/data/promptDPracticePacks.ts:1641,missing-answer,"promptD pack row has no answer / solutionSteps / marking scheme (schema: id,text,marks,difficulty,questionType)",medium,script,LT-authored(promptD)
M-AP-4,promptD,arithmetic-progression,lazytopper/src/data/promptDPracticePacks.ts:1648,missing-answer,"promptD pack row has no answer / solutionSteps / marking scheme (schema: id,text,marks,difficulty,questionType)",medium,script,LT-authored(promptD)
M-AP-5,promptD,arithmetic-progression,lazytopper/src/data/promptDPracticePacks.ts:1655,missing-answer,"promptD pack row has no answer / solutionSteps / marking scheme (schema: id,text,marks,difficulty,questionType)",medium,script,LT-authored(promptD)
M-AP-6,promptD,arithmetic-progression,lazytopper/src/data/promptDPracticePacks.ts:1662,missing-answer,"promptD pack row has no answer / solutionSteps / marking scheme (schema: id,text,marks,difficulty,questionType)",medium,script,LT-authored(promptD)
M-AP-7,promptD,arithmetic-progression,lazytopper/src/data/promptDPracticePacks.ts:1669,missing-answer,"promptD pack row has no answer / solutionSteps / marking scheme (schema: id,text,marks,difficulty,questionType)",medium,script,LT-authored(promptD)
M-AP-8,promptD,arithmetic-progression,lazytopper/src/data/promptDPracticePacks.ts:1676,missing-answer,"promptD pack row has no answer / solutionSteps / marking scheme (schema: id,text,marks,difficulty,questionType)",medium,script,LT-authored(promptD)
M-AP-9,promptD,arithmetic-progression,lazytopper/src/data/promptDPracticePacks.ts:1683,missing-answer,"promptD pack row has no answer / solutionSteps / marking scheme (schema: id,text,marks,difficulty,questionType)",medium,script,LT-authored(promptD)
ap-comp-02,hpq,arithmetic-progression,lazytopper/src/data/hpqCompetencyAdditions.ts:124,missing-marking-scheme,written question with no solutionSteps,medium,script,LT-authored(hpq)
2026-AP-AR-03,predicted,arithmetic-progression,lazytopper/src/data/predictedQuestions.ts:869,missing-options,Assertion-Reasoning with 0 options,high,script,LT-authored(predicted)
2026-AP-AR-03X,predicted,arithmetic-progression,lazytopper/src/data/predictedQuestions.ts:1317,missing-options,Assertion-Reasoning with 0 options,high,script,LT-authored(predicted)
2026-AP-AR-08,predicted,arithmetic-progression,lazytopper/src/data/predictedQuestions.ts:2320,missing-options,Assertion-Reasoning with 0 options,high,script,LT-authored(predicted)
APQ-S-CARB-005,bank,carbon-and-its-compounds,lazytopper/src/data/questionBanks/class10/science/carbon-and-its-compounds.additionalPQ.ts:45,broken (solver),stem refers to 'chemical changes shown' - scheme/figure missing,high,agent:carbon-and-its-compounds,official(additionalPQ)
CARB-EXMPLR-4-MCQ-005,bank,carbon-and-its-compounds,lazytopper/src/data/questionBanks/class10/science/carbonCompounds.exemplar.ts:35,broken (solver),stem refers to 'NCERT figures (i)-(iv)' which are not provided; options unanswerable,high,agent:carbon-and-its-compounds,official(exemplar)
CARB-EXMPLR-4-MCQ-010,bank,carbon-and-its-compounds,lazytopper/src/data/questionBanks/class10/science/carbonCompounds.exemplar.ts:66,broken (solver),options are bare '(a)'-(d)' labels; electron-dot figures missing,high,agent:carbon-and-its-compounds,official(exemplar)
CARB-EXMPLR-4-MCQ-011,bank,carbon-and-its-compounds,lazytopper/src/data/questionBanks/class10/science/carbonCompounds.exemplar.ts:73,broken (solver),"options garbled: '3H-C≡C-H (incorrect)', '(c) - different option', '(d) - different option'",high,agent:carbon-and-its-compounds,official(exemplar)
CARB-EXMPLR-4-MCQ-016,bank,carbon-and-its-compounds,lazytopper/src/data/questionBanks/class10/science/carbonCompounds.exemplar.ts:103,broken (solver),options are bare '(a)'-(d)' labels; benzene structure figures missing,high,agent:carbon-and-its-compounds,official(exemplar)
CARB-EXMPLR-4-MCQ-022,bank,carbon-and-its-compounds,lazytopper/src/data/questionBanks/class10/science/carbonCompounds.exemplar.ts:141,broken (solver),options are bare '(a)'-(d)' labels; water electron-dot figures missing,high,agent:carbon-and-its-compounds,official(exemplar)
CARB-EXMPLR-4-MCQ-023,bank,carbon-and-its-compounds,lazytopper/src/data/questionBanks/class10/science/carbonCompounds.exemplar.ts:148,broken (solver),options are bare '(a)'-(d)' labels; hydrocarbon structure figures missing,high,agent:carbon-and-its-compounds,official(exemplar)
CARB-EXMPLR-4-MCQ-024,bank,carbon-and-its-compounds,lazytopper/src/data/questionBanks/class10/science/carbonCompounds.exemplar.ts:155,broken (solver),stem lists only (i); '(ii)-(iv) Various other structures' placeholder - structures missing,high,agent:carbon-and-its-compounds,official(exemplar)
CC2-021,bank,carbon-and-its-compounds,lazytopper/src/data/questionBanks/class10/science/carbonCompounds.pack2.ts:633,broken (solver),Part (c) asks about 'ethane and ethyne' but experiment uses methane/ethene/ethyne; step 1 is template filler ('Record all relevant equations before solving'),medium,agent:carbon-and-its-compounds,LT-authored(AI pack)
CFPQ-S-CARB-002,bank,carbon-and-its-compounds,lazytopper/src/data/questionBanks/class10/science/carbon-and-its-compounds.cfpq.ts:72,broken (solver),options P/Q/R/S refer to functional groups shown in a missing figure,high,agent:carbon-and-its-compounds,official(cfpq)
PYQ-S-2026-CARB-001,bank,carbon-and-its-compounds,lazytopper/src/data/questionBanks/class10/science/carbonCompounds.pyq2026.ts:11,broken (solver),"structures X and Y are garbled flattened text, unreadable",high,agent:carbon-and-its-compounds,official(pyq2026)
PYQ-S-2026-CARB-004,bank,carbon-and-its-compounds,lazytopper/src/data/questionBanks/class10/science/carbonCompounds.pyq2026.ts:35,broken (solver),option 4 ends with leaked page artefact '{ } of 32',high,agent:carbon-and-its-compounds,official(pyq2026)
SCO-S-CARB-006,bank,carbon-and-its-compounds,lazytopper/src/data/questionBanks/class10/science/carbon-and-its-compounds.chapterwise.ts:52,broken (solver),option 4 contains leaked page header '4 CBSE Objective Questions Exam 2019-2020 visit or whatsapp at 8905629969 Chap 4...',high,agent:carbon-and-its-compounds,transcribed-third-party(chapterwise)
SCO-S-CARB-009,bank,carbon-and-its-compounds,lazytopper/src/data/questionBanks/class10/science/carbon-and-its-compounds.chapterwise.ts:76,broken (solver),options garbled subscripts: 'H O 2' for H2O,high,agent:carbon-and-its-compounds,transcribed-third-party(chapterwise)
SCO-S-CARB-010,bank,carbon-and-its-compounds,lazytopper/src/data/questionBanks/class10/science/carbon-and-its-compounds.chapterwise.ts:84,broken (solver),stem says 'structures of three hydrocarbons are given below' - structures missing,high,agent:carbon-and-its-compounds,transcribed-third-party(chapterwise)
SCO-S-CARB-011,bank,carbon-and-its-compounds,lazytopper/src/data/questionBanks/class10/science/carbon-and-its-compounds.chapterwise.ts:92,broken (solver),stem refers to a diagram of ethyl propanoate not provided (answer 17 still derivable from name); explanation has leaked header 'Chap 4 : Carbon and Its Compound',medium,agent:carbon-and-its-compounds,transcribed-third-party(chapterwise)
SCO-S-CARB-016,bank,carbon-and-its-compounds,lazytopper/src/data/questionBanks/class10/science/carbon-and-its-compounds.chapterwise.ts:132,broken (solver),options garbled subscripts: 'H O 2' for H2O,high,agent:carbon-and-its-compounds,transcribed-third-party(chapterwise)
SCO-S-CARB-019,bank,carbon-and-its-compounds,lazytopper/src/data/questionBanks/class10/science/carbon-and-its-compounds.chapterwise.ts:156,broken (solver),stem garbled: 'C H 5 12' for C5H12,high,agent:carbon-and-its-compounds,transcribed-third-party(chapterwise)
CC2-049,bank,carbon-and-its-compounds,lazytopper/src/data/questionBanks/class10/science/carbonCompounds.pack2.ts:1493,case-missing-subparts,case/Section-E row with no (i)/(ii)/(iii) sub-questions in stem,high,script,LT-authored(AI pack)
CARB-EXMPLR-4-MCQ-010,bank,carbon-and-its-compounds,lazytopper/src/data/questionBanks/class10/science/carbonCompounds.exemplar.ts:66,empty-option,"options [0, 1, 2, 3] are bare labels/empty (option content missing): ['(a)', '(b)', '(c)', '(d)']",high,script,official(exemplar)
CARB-EXMPLR-4-MCQ-016,bank,carbon-and-its-compounds,lazytopper/src/data/questionBanks/class10/science/carbonCompounds.exemplar.ts:103,empty-option,"options [0, 1, 2, 3] are bare labels/empty (option content missing): ['(a)', '(b)', '(c)', '(d)']",high,script,official(exemplar)
CARB-EXMPLR-4-MCQ-022,bank,carbon-and-its-compounds,lazytopper/src/data/questionBanks/class10/science/carbonCompounds.exemplar.ts:141,empty-option,"options [0, 1, 2, 3] are bare labels/empty (option content missing): ['(a)', '(b)', '(c)', '(d)']",high,script,official(exemplar)
CARB-EXMPLR-4-MCQ-023,bank,carbon-and-its-compounds,lazytopper/src/data/questionBanks/class10/science/carbonCompounds.exemplar.ts:148,empty-option,"options [0, 1, 2, 3] are bare labels/empty (option content missing): ['(a)', '(b)', '(c)', '(d)']",high,script,official(exemplar)
S-CARB-1,promptD,carbon-and-its-compounds,lazytopper/src/data/promptDPracticePacks.ts:358,missing-answer,"promptD pack row has no answer / solutionSteps / marking scheme (schema: id,text,marks,difficulty,questionType)",medium,script,LT-authored(promptD)
S-CARB-10,promptD,carbon-and-its-compounds,lazytopper/src/data/promptDPracticePacks.ts:421,missing-answer,"promptD pack row has no answer / solutionSteps / marking scheme (schema: id,text,marks,difficulty,questionType)",medium,script,LT-authored(promptD)
S-CARB-2,promptD,carbon-and-its-compounds,lazytopper/src/data/promptDPracticePacks.ts:365,missing-answer,"promptD pack row has no answer / solutionSteps / marking scheme (schema: id,text,marks,difficulty,questionType)",medium,script,LT-authored(promptD)
S-CARB-3,promptD,carbon-and-its-compounds,lazytopper/src/data/promptDPracticePacks.ts:372,missing-answer,"promptD pack row has no answer / solutionSteps / marking scheme (schema: id,text,marks,difficulty,questionType)",medium,script,LT-authored(promptD)
S-CARB-4,promptD,carbon-and-its-compounds,lazytopper/src/data/promptDPracticePacks.ts:379,missing-answer,"promptD pack row has no answer / solutionSteps / marking scheme (schema: id,text,marks,difficulty,questionType)",medium,script,LT-authored(promptD)
S-CARB-5,promptD,carbon-and-its-compounds,lazytopper/src/data/promptDPracticePacks.ts:386,missing-answer,"promptD pack row has no answer / solutionSteps / marking scheme (schema: id,text,marks,difficulty,questionType)",medium,script,LT-authored(promptD)
S-CARB-6,promptD,carbon-and-its-compounds,lazytopper/src/data/promptDPracticePacks.ts:393,missing-answer,"promptD pack row has no answer / solutionSteps / marking scheme (schema: id,text,marks,difficulty,questionType)",medium,script,LT-authored(promptD)
S-CARB-7,promptD,carbon-and-its-compounds,lazytopper/src/data/promptDPracticePacks.ts:400,missing-answer,"promptD pack row has no answer / solutionSteps / marking scheme (schema: id,text,marks,difficulty,questionType)",medium,script,LT-authored(promptD)
S-CARB-8,promptD,carbon-and-its-compounds,lazytopper/src/data/promptDPracticePacks.ts:407,missing-answer,"promptD pack row has no answer / solutionSteps / marking scheme (schema: id,text,marks,difficulty,questionType)",medium,script,LT-authored(promptD)
S-CARB-9,promptD,carbon-and-its-compounds,lazytopper/src/data/promptDPracticePacks.ts:414,missing-answer,"promptD pack row has no answer / solutionSteps / marking scheme (schema: id,text,marks,difficulty,questionType)",medium,script,LT-authored(promptD)
sci-cc-comp-01,hpq,carbon-and-its-compounds,lazytopper/src/data/hpqCompetencyAdditions.ts:347,missing-marking-scheme,written question with no solutionSteps,medium,script,LT-authored(hpq)
CFPQ-S-CARB-019,bank,carbon-and-its-compounds,lazytopper/src/data/questionBanks/class10/science/carbon-and-its-compounds.cfpq.ts:490,step-marks-partial,1/3 steps carry a [N mark] prefix,low,script,official(cfpq)
CFPQ-S-CARB-019,bank,carbon-and-its-compounds,lazytopper/src/data/questionBanks/class10/science/carbon-and-its-compounds.cfpq.ts:490,step-marks-sum,"[N mark] prefixes sum to 2, marks=3",high,script,official(cfpq)
APQ-S-CHEM-002,bank,chemical-reactions-and-equations,lazytopper/src/data/questionBanks/class10/science/chemical-reactions-and-equations.additionalPQ.ts:19,broken (solver),"Reaction S ""2KOH + H2SO4 → K2SO4 + H2O"" is unbalanced; expl also calls combustion (R) a combination reaction",medium,agent:chemical-reactions-and-equations,official(additionalPQ)
CR2-005,bank,chemical-reactions-and-equations,lazytopper/src/data/questionBanks/class10/science/chemicalReactions.pack2.ts:126,broken (solver),"Distractor option A ""Na + Cl₂ → 2NaCl"" is unbalanced (should be 2Na + Cl₂ → 2NaCl)",medium,agent:chemical-reactions-and-equations,LT-authored(AI pack)
PYQ-S-2024-CHEMRXN-002,bank,chemical-reactions-and-equations,lazytopper/src/data/questionBanks/class10/science/chemicalReactions.pyq2024.ts:20,broken (solver),"Reaction arrows lost in extraction in stem/options (e.g. ""CaO + H2O Ca(OH)2"")",medium,agent:chemical-reactions-and-equations,official(pyq2024)
PYQ-S-2024-CHEMRXN-003,bank,chemical-reactions-and-equations,lazytopper/src/data/questionBanks/class10/science/chemicalReactions.pyq2024.ts:28,broken (solver),"Reaction arrows lost in extraction in stem/options (e.g. ""CaO + H2O Ca(OH)2"")",medium,agent:chemical-reactions-and-equations,official(pyq2024)
PYQ-S-2024-CHEMRXN-004,bank,chemical-reactions-and-equations,lazytopper/src/data/questionBanks/class10/science/chemicalReactions.pyq2024.ts:36,broken (solver),"Reaction arrows lost in extraction in stem/options (e.g. ""CaO + H2O Ca(OH)2"")",medium,agent:chemical-reactions-and-equations,official(pyq2024)
PYQ-S-2024-CHEMRXN-004,bank,chemical-reactions-and-equations,lazytopper/src/data/questionBanks/class10/science/chemicalReactions.pyq2024.ts:36,broken (solver),"Option d missing reactant coefficient: ""Pb(NO3)2 2 PbO + 4 NO2 + O2""",medium,agent:chemical-reactions-and-equations,official(pyq2024)
PYQ-S-2026-CHEMRXN-007,bank,chemical-reactions-and-equations,lazytopper/src/data/questionBanks/class10/science/chemicalReactions.pyq2026.ts:59,broken (solver),"Page residue in stem (""...prevent iron from rusting. 1"") and option d ""(P) and (Q) { } of 32""",high,agent:chemical-reactions-and-equations,official(pyq2026)
PYQ-S-CHEM-003,bank,chemical-reactions-and-equations,lazytopper/src/data/questionBanks/class10/science/chemical-reactions-and-equations.pyq.ts:27,broken (solver),"Reaction arrows lost in extraction in stem/options (e.g. ""CaO + H2O Ca(OH)2"")",medium,agent:chemical-reactions-and-equations,official(pyq)
PYQ-S-CHEM-004,bank,chemical-reactions-and-equations,lazytopper/src/data/questionBanks/class10/science/chemical-reactions-and-equations.pyq.ts:35,broken (solver),"Reaction arrows lost in extraction in stem/options (e.g. ""CaO + H2O Ca(OH)2"")",medium,agent:chemical-reactions-and-equations,official(pyq)
PYQ-S-CHEM-004,bank,chemical-reactions-and-equations,lazytopper/src/data/questionBanks/class10/science/chemical-reactions-and-equations.pyq.ts:35,broken (solver),"finalAnswer/expl garbled ""c) 1 1"" (mark-scheme residue)",high,agent:chemical-reactions-and-equations,official(pyq)
PYQ-S-CHEM-005,bank,chemical-reactions-and-equations,lazytopper/src/data/questionBanks/class10/science/chemical-reactions-and-equations.pyq.ts:43,broken (solver),"Reaction arrows lost in extraction in stem/options (e.g. ""CaO + H2O Ca(OH)2"")",medium,agent:chemical-reactions-and-equations,official(pyq)
PYQ-S-CHEM-005,bank,chemical-reactions-and-equations,lazytopper/src/data/questionBanks/class10/science/chemical-reactions-and-equations.pyq.ts:43,broken (solver),"finalAnswer/expl garbled ""a) 1 1"" (mark-scheme residue)",high,agent:chemical-reactions-and-equations,official(pyq)
SCO-S-CHEM-006,bank,chemical-reactions-and-equations,lazytopper/src/data/questionBanks/class10/science/chemical-reactions-and-equations.chapterwise.ts:52,broken (solver),"Stem truncated: ""one containing dil HCl"" - test tube B contents and question missing, though options reference test tube A and B",high,agent:chemical-reactions-and-equations,transcribed-third-party(chapterwise)
SCO-S-CHEM-014,bank,chemical-reactions-and-equations,lazytopper/src/data/questionBanks/class10/science/chemical-reactions-and-equations.chapterwise.ts:116,broken (solver),"Garbled formula ""Ethane ( ) C H 2 6"" (C₂H₆ lost in extraction)",medium,agent:chemical-reactions-and-equations,transcribed-third-party(chapterwise)
SP-S-2023-CHEM-A-001,bank,chemical-reactions-and-equations,lazytopper/src/data/questionBanks/class10/science/chemical-reactions-and-equations.sp.ts:78,broken (solver),"Stem says ""the above reaction"" but no reaction/figure is given (lead nitrate heating context missing)",high,agent:chemical-reactions-and-equations,official(sp)
SP-S-2023-CHEM-A-002,bank,chemical-reactions-and-equations,lazytopper/src/data/questionBanks/class10/science/chemical-reactions-and-equations.sp.ts:104,broken (solver),"Equation in stem unbalanced: ""Fe2O3 + CO -> 2Fe + 3CO2"" (missing coefficient 3 on CO)",medium,agent:chemical-reactions-and-equations,official(sp)
sci-cre-hpq-1,hpq,chemical-reactions-and-equations,lazytopper/src/data/highlyProbableQuestions.ts:1395,broken (solver),"MCQ ""Which of the following is the correctly balanced form..."" has no options inline or in an options array; only the unbalanced skeleton is shown",high,agent:misc,LT-authored(hpq)
SCQ-S-CHEM-023,bank,chemical-reactions-and-equations,lazytopper/src/data/questionBanks/class10/science/chemical-reactions-and-equations.chapterwise.ts:176,broken-latex,stem: odd number of $ delimiters: 'Write the essential condition for the following reaction to take place: 2AgBr $ 2Ag + Br2 Write application of this reac',high,script,transcribed-third-party(chapterwise)
SCQ-S-CHEM-027,bank,chemical-reactions-and-equations,lazytopper/src/data/questionBanks/class10/science/chemical-reactions-and-equations.chapterwise.ts:200,broken-latex,"stem: odd number of $ delimiters: 'Name the reducing agent in the following reaction: 3MnO2 + 4A1 $ 3Mn + Al2O3 State which is more reactive, Mn or Al and '",high,script,transcribed-third-party(chapterwise)
APQ-S-CHEM-001,bank,chemical-reactions-and-equations,lazytopper/src/data/questionBanks/class10/science/chemical-reactions-and-equations.additionalPQ.ts:10,empty-option,"options [0, 1, 2, 3] are bare labels/empty (option content missing): ['A', 'B', 'C', 'D']",high,script,official(additionalPQ)
CBE-S-CHEM-B-003,bank,chemical-reactions-and-equations,lazytopper/src/data/questionBanks/class10/science/chemical-reactions-and-equations.cbe.ts:299,figure-missing,"stem says ""Fig. 1""; no figure bound in data/figures/* (getFiguresForQuestion returns []); diagramDescription present but not rendered",high,script,official(cbe)
PYQ-S-2026-CHEMRXN-013,bank,chemical-reactions-and-equations,lazytopper/src/data/questionBanks/class10/science/chemicalReactions.pyq2026.ts:102,figure-missing,"stem says ""in the given diagram""; no figure bound in data/figures/* (getFiguresForQuestion returns [])",high,script,official(pyq2026)
PYQ-S-CHEM-014,bank,chemical-reactions-and-equations,lazytopper/src/data/questionBanks/class10/science/chemical-reactions-and-equations.pyq.ts:107,header-or-source-text,"stem contains ""SECTION – E"": …'nt bond formation in nitrogen molecule. SECTION – E (Source Based/Case Based Questions)'…",high,script,official(pyq)
S-CHEM-1,promptD,chemical-reactions-and-equations,lazytopper/src/data/promptDPracticePacks.ts:80,missing-answer,"promptD pack row has no answer / solutionSteps / marking scheme (schema: id,text,marks,difficulty,questionType)",medium,script,LT-authored(promptD)
S-CHEM-10,promptD,chemical-reactions-and-equations,lazytopper/src/data/promptDPracticePacks.ts:136,missing-answer,"promptD pack row has no answer / solutionSteps / marking scheme (schema: id,text,marks,difficulty,questionType)",medium,script,LT-authored(promptD)
S-CHEM-2,promptD,chemical-reactions-and-equations,lazytopper/src/data/promptDPracticePacks.ts:87,missing-answer,"promptD pack row has no answer / solutionSteps / marking scheme (schema: id,text,marks,difficulty,questionType)",medium,script,LT-authored(promptD)
S-CHEM-3,promptD,chemical-reactions-and-equations,lazytopper/src/data/promptDPracticePacks.ts:94,missing-answer,"promptD pack row has no answer / solutionSteps / marking scheme (schema: id,text,marks,difficulty,questionType)",medium,script,LT-authored(promptD)
S-CHEM-4,promptD,chemical-reactions-and-equations,lazytopper/src/data/promptDPracticePacks.ts:101,missing-answer,"promptD pack row has no answer / solutionSteps / marking scheme (schema: id,text,marks,difficulty,questionType)",medium,script,LT-authored(promptD)
S-CHEM-6,promptD,chemical-reactions-and-equations,lazytopper/src/data/promptDPracticePacks.ts:108,missing-answer,"promptD pack row has no answer / solutionSteps / marking scheme (schema: id,text,marks,difficulty,questionType)",medium,script,LT-authored(promptD)
S-CHEM-7,promptD,chemical-reactions-and-equations,lazytopper/src/data/promptDPracticePacks.ts:115,missing-answer,"promptD pack row has no answer / solutionSteps / marking scheme (schema: id,text,marks,difficulty,questionType)",medium,script,LT-authored(promptD)
S-CHEM-8,promptD,chemical-reactions-and-equations,lazytopper/src/data/promptDPracticePacks.ts:122,missing-answer,"promptD pack row has no answer / solutionSteps / marking scheme (schema: id,text,marks,difficulty,questionType)",medium,script,LT-authored(promptD)
S-CHEM-9,promptD,chemical-reactions-and-equations,lazytopper/src/data/promptDPracticePacks.ts:129,missing-answer,"promptD pack row has no answer / solutionSteps / marking scheme (schema: id,text,marks,difficulty,questionType)",medium,script,LT-authored(promptD)
sci-cre-comp-01,hpq,chemical-reactions-and-equations,lazytopper/src/data/hpqCompetencyAdditions.ts:250,missing-marking-scheme,written question with no solutionSteps,medium,script,LT-authored(hpq)
sci-cre-hpq-1,hpq,chemical-reactions-and-equations,lazytopper/src/data/highlyProbableQuestions.ts:1395,missing-options,MCQ with 0 options,high,script,LT-authored(hpq)
APQ-M-CIRC-001,bank,circles,lazytopper/src/data/questionBanks/class10/maths/circles.additionalPQ.ts:10,broken (solver),"Explanation contains drafting residue ""Wait: per figure...""",medium,agent:circles,official(additionalPQ)
APQ-M-CIRC-002,bank,circles,lazytopper/src/data/questionBanks/class10/maths/circles.additionalPQ.ts:20,broken (solver),"Explanation contains drafting residue ""Hmm: QT and RT..."" and contradictory working; figure-dependent stem (""Shown below"")",medium,agent:circles,official(additionalPQ)
APQ-M-CIRC-009,bank,circles,lazytopper/src/data/questionBanks/class10/maths/circles.additionalPQ.ts:91,broken (solver),"answer field = ""(cannot be uniquely determined)"" but finalAnswer/expl = ""(c) 80°""; figure absent. With L,M between K and circle: KL=6, LM=5, KM=5 gives ∠LMK≈73.7°, matching neither key",high,agent:circles,official(additionalPQ)
APQ-M-CIRC-010,bank,circles,lazytopper/src/data/questionBanks/class10/maths/circles.additionalPQ.ts:101,broken (solver),"Stem gives no angle; answer uses a 50° from the absent figure (""Shown below"")",high,agent:circles,official(additionalPQ)
CIR-M08,bank,circles,lazytopper/src/data/questionBanks/class10/maths/circles.pack1.ts:140,broken (solver),"Step 1 contains irrelevant boilerplate construction (""Draw a circle... mark the point of tangency. Draw the tangent line at that point"")",medium,agent:circles,LT-authored(AI pack)
PYQ-M-2024-CIRC-001,bank,circles,lazytopper/src/data/questionBanks/class10/maths/circles.pyq2024.ts:12,broken (solver),"Options garbled: √ lost (""5 3 2 cm"", ""3 5 cm"", ""5 3 cm"")",high,agent:circles,official(pyq2024)
PYQ-M-2024-CIRC-002,bank,circles,lazytopper/src/data/questionBanks/class10/maths/circles.pyq2024.ts:20,broken (solver),"Stem garbled: words run together and ""Ð"" for ∠ (""subtendsanangleof65°...ÐQPTis"")",high,agent:circles,official(pyq2024)
PYQ-M-2024-CIRC-003,bank,circles,lazytopper/src/data/questionBanks/class10/maths/circles.pyq2024.ts:28,broken (solver),"Stem garbled (""ÐTPO=35°,thenthemeasureofÐxis"") and x undefined without figure",high,agent:circles,official(pyq2024)
PYQ-M-2024-CIRC-004,bank,circles,lazytopper/src/data/questionBanks/class10/maths/circles.pyq2024.ts:36,broken (solver),"Garbled symbol ""Ð ABC"" for ∠ABC",high,agent:circles,official(pyq2024)
PYQ-M-2024-CIRC-006,bank,circles,lazytopper/src/data/questionBanks/class10/maths/circles.pyq2024.ts:52,broken (solver),"Garbled ""Ð RJL"" and finalAnswer ""(b) 840"" (degree sign became 0)",high,agent:circles,official(pyq2024)
PYQ-M-2024-CIRC-008a,bank,circles,lazytopper/src/data/questionBanks/class10/maths/circles.pyq2024.ts:67,broken (solver),"Answer is marking-scheme residue (""APO = 300 tan 300 = 1 √3 = 3 𝐴𝑃 ... ½ ½ ½ ½"")",high,agent:circles,official(pyq2024)
PYQ-M-2024-CIRC-009b,bank,circles,lazytopper/src/data/questionBanks/class10/maths/circles.pyq2024.ts:81,broken (solver),"Leftover paper code ""1430(B)"" in stem and ""D PCD"" for ΔPCD",high,agent:circles,official(pyq2024)
PYQ-M-2024-CIRC-010a,bank,circles,lazytopper/src/data/questionBanks/class10/maths/circles.pyq2024.ts:88,broken (solver),"Stem garbled (""ÐBAQ=30°;showthatBP=BQ""), figure-dependent; answer is unreadable residue ""5 90 60 30 4 BP=BQ Join OQ = = − ...""",high,agent:circles,official(pyq2024)
PYQ-M-2024-CIRC-011a,bank,circles,lazytopper/src/data/questionBanks/class10/maths/circles.pyq2024.ts:95,broken (solver),"Duplicate of 010a with same garbled stem plus leftover ""3 OR""; answer unreadable residue",high,agent:circles,official(pyq2024)
PYQ-M-2025-CIRC-005,bank,circles,lazytopper/src/data/questionBanks/class10/maths/circles.pyq2025.ts:40,broken (solver),"""[Use = 3·14]"" — π symbol lost",high,agent:circles,official(pyq2025)
PYQ-M-2025-CIRC-006,bank,circles,lazytopper/src/data/questionBanks/class10/maths/circles.pyq2025.ts:47,broken (solver),"Stem garbled: ""if PCA = 110 . 4 (LA) , 5 4 5=20"" (∠/° lost plus paper residue); answer only gives ∠OBC=∠OCB without ∠CBA/∠BCO statement",high,agent:circles,official(pyq2025)
PYQ-M-2026-CIRC-002,bank,circles,lazytopper/src/data/questionBanks/class10/maths/circles.pyq2026.ts:20,broken (solver),"Garbled ""(Use 3 = 1.73)"" (√ lost), ""sin 600"", fraction layout broken in answer",high,agent:circles,official(pyq2026)
PYQ-M-2026-CIRC-004,bank,circles,lazytopper/src/data/questionBanks/class10/maths/circles.pyq2026.ts:34,broken (solver),"Stem ""angle of 60 at the centre"" lost °; answer fractions flattened (""308 3"", ""86 3"") and units cm instead of cm²",high,agent:circles,official(pyq2026)
PYQ-M-2026-CIRC-006,bank,circles,lazytopper/src/data/questionBanks/class10/maths/circles.pyq2026.ts:48,broken (solver),"answer field truncated/garbled: ""(12 −x)= x+ 8"" (squares lost, stops before solution)",medium,agent:circles,official(pyq2026)
PYQ-M-CIRC-001,bank,circles,lazytopper/src/data/questionBanks/class10/maths/circles.pyq.ts:11,broken (solver),"Stem ""In the given figure... PA + CS"" relies on contact points A, C not described in text",medium,agent:circles,official(pyq)
PYQ-M-CIRC-006,bank,circles,lazytopper/src/data/questionBanks/class10/maths/circles.pyq.ts:51,broken (solver),"Figure-dependent: x is undefined in text; degree symbol garbled (""25o"", ""65 o"")",high,agent:circles,official(pyq)
PYQ-M-CIRC-007,bank,circles,lazytopper/src/data/questionBanks/class10/maths/circles.pyq.ts:59,broken (solver),"Garbled stem ""If COD = 120 , then BAO"" (∠ and ° lost); point D undefined without figure",high,agent:circles,official(pyq)
PYQ-M-CIRC-009,bank,circles,lazytopper/src/data/questionBanks/class10/maths/circles.pyq.ts:75,broken (solver),"Garbled stem ""If BAC = 65 , then find the measure of BOC"" (∠ and ° lost)",high,agent:circles,official(pyq)
PYQ-M-CIRC-015,bank,circles,lazytopper/src/data/questionBanks/class10/maths/circles.pyq.ts:117,broken (solver),"Answer text contains marking-scheme residue ""𝟏 𝟐 1 1 13"" and ""AP2 = 52 – 32"" (lost superscripts)",medium,agent:circles,official(pyq)
APQ-M-CIRC-001,bank,circles,lazytopper/src/data/questionBanks/class10/maths/circles.additionalPQ.ts:10,figure-missing,"stem says ""as shown""; no figure bound in data/figures/* (getFiguresForQuestion returns [])",high,script,official(additionalPQ)
APQ-M-CIRC-007,bank,circles,lazytopper/src/data/questionBanks/class10/maths/circles.additionalPQ.ts:66,figure-missing,"stem says ""In the given figure""; no figure bound in data/figures/* (getFiguresForQuestion returns [])",high,script,official(additionalPQ)
CIR-E09,bank,circles,lazytopper/src/data/questionBanks/class10/maths/circles.pack1.ts:40,figure-missing,"stem says ""In the given figure""; no figure bound in data/figures/* (getFiguresForQuestion returns [])",high,script,LT-authored(AI pack)
CIR-E19,bank,circles,lazytopper/src/data/questionBanks/class10/maths/circles.pack1.ts:96,figure-missing,"stem says ""In the figure""; no figure bound in data/figures/* (getFiguresForQuestion returns [])",high,script,LT-authored(AI pack)
CIR-M05,bank,circles,lazytopper/src/data/questionBanks/class10/maths/circles.pack1.ts:124,figure-missing,"stem says ""In the figure""; no figure bound in data/figures/* (getFiguresForQuestion returns [])",high,script,LT-authored(AI pack)
M-CIR-4,promptD,circles,lazytopper/src/data/promptDPracticePacks.ts:2046,figure-missing,"promptD stem refers to a figure (""In fig""); pack rows carry no figure",high,script,LT-authored(promptD)
PYQ-M-2024-CIRC-002,bank,circles,lazytopper/src/data/questionBanks/class10/maths/circles.pyq2024.ts:20,figure-missing,"stem says ""In the given figure""; no figure bound in data/figures/* (getFiguresForQuestion returns [])",high,script,official(pyq2024)
PYQ-M-2024-CIRC-003,bank,circles,lazytopper/src/data/questionBanks/class10/maths/circles.pyq2024.ts:28,figure-missing,"stem says ""In the given figure""; no figure bound in data/figures/* (getFiguresForQuestion returns [])",high,script,official(pyq2024)
PYQ-M-2024-CIRC-004,bank,circles,lazytopper/src/data/questionBanks/class10/maths/circles.pyq2024.ts:36,figure-missing,"stem says ""In the given figure""; no figure bound in data/figures/* (getFiguresForQuestion returns [])",high,script,official(pyq2024)
PYQ-M-2024-CIRC-005,bank,circles,lazytopper/src/data/questionBanks/class10/maths/circles.pyq2024.ts:44,figure-missing,"stem says ""In the given figure""; no figure bound in data/figures/* (getFiguresForQuestion returns [])",high,script,official(pyq2024)
PYQ-M-2024-CIRC-006,bank,circles,lazytopper/src/data/questionBanks/class10/maths/circles.pyq2024.ts:52,figure-missing,"stem says ""In the given figure""; no figure bound in data/figures/* (getFiguresForQuestion returns [])",high,script,official(pyq2024)
PYQ-M-2024-CIRC-010a,bank,circles,lazytopper/src/data/questionBanks/class10/maths/circles.pyq2024.ts:88,figure-missing,"stem says ""In the given figure""; no figure bound in data/figures/* (getFiguresForQuestion returns [])",high,script,official(pyq2024)
PYQ-M-2024-CIRC-011a,bank,circles,lazytopper/src/data/questionBanks/class10/maths/circles.pyq2024.ts:95,figure-missing,"stem says ""In the given figure""; no figure bound in data/figures/* (getFiguresForQuestion returns [])",high,script,official(pyq2024)
PYQ-M-2025-CIRC-006,bank,circles,lazytopper/src/data/questionBanks/class10/maths/circles.pyq2025.ts:47,figure-missing,"stem says ""In the given figure""; no figure bound in data/figures/* (getFiguresForQuestion returns [])",high,script,official(pyq2025)
PYQ-M-2025-CIRC-007,bank,circles,lazytopper/src/data/questionBanks/class10/maths/circles.pyq2025.ts:54,figure-missing,"stem says ""In the given figure""; no figure bound in data/figures/* (getFiguresForQuestion returns [])",high,script,official(pyq2025)
PYQ-M-2026-CIRC-005,bank,circles,lazytopper/src/data/questionBanks/class10/maths/circles.pyq2026.ts:41,figure-missing,"stem says ""In the given figure""; no figure bound in data/figures/* (getFiguresForQuestion returns [])",high,script,official(pyq2026)
PYQ-M-CIRC-001,bank,circles,lazytopper/src/data/questionBanks/class10/maths/circles.pyq.ts:11,figure-missing,"stem says ""In the given figure""; no figure bound in data/figures/* (getFiguresForQuestion returns [])",high,script,official(pyq)
PYQ-M-CIRC-006,bank,circles,lazytopper/src/data/questionBanks/class10/maths/circles.pyq.ts:51,figure-missing,"stem says ""In the given figure""; no figure bound in data/figures/* (getFiguresForQuestion returns [])",high,script,official(pyq)
PYQ-M-CIRC-007,bank,circles,lazytopper/src/data/questionBanks/class10/maths/circles.pyq.ts:59,figure-missing,"stem says ""In the given figure""; no figure bound in data/figures/* (getFiguresForQuestion returns [])",high,script,official(pyq)
PYQ-M-CIRC-009,bank,circles,lazytopper/src/data/questionBanks/class10/maths/circles.pyq.ts:75,figure-missing,"stem says ""In the given figure""; no figure bound in data/figures/* (getFiguresForQuestion returns [])",high,script,official(pyq)
PYQ-M-CIRC-010,bank,circles,lazytopper/src/data/questionBanks/class10/maths/circles.pyq.ts:82,figure-missing,"stem says ""In the given figure""; no figure bound in data/figures/* (getFiguresForQuestion returns [])",high,script,official(pyq)
PYQ-M-CIRC-013,bank,circles,lazytopper/src/data/questionBanks/class10/maths/circles.pyq.ts:103,figure-missing,"stem says ""In the given figure""; no figure bound in data/figures/* (getFiguresForQuestion returns [])",high,script,official(pyq)
M-CIR-1,promptD,circles,lazytopper/src/data/promptDPracticePacks.ts:2025,missing-answer,"promptD pack row has no answer / solutionSteps / marking scheme (schema: id,text,marks,difficulty,questionType)",medium,script,LT-authored(promptD)
M-CIR-10,promptD,circles,lazytopper/src/data/promptDPracticePacks.ts:2081,missing-answer,"promptD pack row has no answer / solutionSteps / marking scheme (schema: id,text,marks,difficulty,questionType)",medium,script,LT-authored(promptD)
M-CIR-2,promptD,circles,lazytopper/src/data/promptDPracticePacks.ts:2032,missing-answer,"promptD pack row has no answer / solutionSteps / marking scheme (schema: id,text,marks,difficulty,questionType)",medium,script,LT-authored(promptD)
M-CIR-3,promptD,circles,lazytopper/src/data/promptDPracticePacks.ts:2039,missing-answer,"promptD pack row has no answer / solutionSteps / marking scheme (schema: id,text,marks,difficulty,questionType)",medium,script,LT-authored(promptD)
M-CIR-4,promptD,circles,lazytopper/src/data/promptDPracticePacks.ts:2046,missing-answer,"promptD pack row has no answer / solutionSteps / marking scheme (schema: id,text,marks,difficulty,questionType)",medium,script,LT-authored(promptD)
M-CIR-5,promptD,circles,lazytopper/src/data/promptDPracticePacks.ts:2053,missing-answer,"promptD pack row has no answer / solutionSteps / marking scheme (schema: id,text,marks,difficulty,questionType)",medium,script,LT-authored(promptD)
M-CIR-7,promptD,circles,lazytopper/src/data/promptDPracticePacks.ts:2060,missing-answer,"promptD pack row has no answer / solutionSteps / marking scheme (schema: id,text,marks,difficulty,questionType)",medium,script,LT-authored(promptD)
M-CIR-8,promptD,circles,lazytopper/src/data/promptDPracticePacks.ts:2067,missing-answer,"promptD pack row has no answer / solutionSteps / marking scheme (schema: id,text,marks,difficulty,questionType)",medium,script,LT-authored(promptD)
M-CIR-9,promptD,circles,lazytopper/src/data/promptDPracticePacks.ts:2074,missing-answer,"promptD pack row has no answer / solutionSteps / marking scheme (schema: id,text,marks,difficulty,questionType)",medium,script,LT-authored(promptD)
2026-CIRC-AR-03,predicted,circles,lazytopper/src/data/predictedQuestions.ts:943,missing-options,Assertion-Reasoning with 0 options,high,script,LT-authored(predicted)
CBE-S-CTRL-A-005,bank,control-and-coordination,lazytopper/src/data/questionBanks/class10/science/control-and-coordination.cbe.ts:95,broken (solver),"Stem ""direction shown in Fig. 1.1"" - figure not described; steps say ""upward (towards light)"" which is ambiguous without the figure.",medium,agent:control-and-coordination,official(cbe)
CBE-S-CTRL-E-001,bank,control-and-coordination,lazytopper/src/data/questionBanks/class10/science/control-and-coordination.cbe.ts:183,broken (solver),"Stem ""With reference to Fig. 1.1"" - figure not described in the stem.",medium,agent:control-and-coordination,official(cbe)
CFPQ-S-CTRL-003,bank,control-and-coordination,lazytopper/src/data/questionBanks/class10/science/control-and-coordination.cfpq.ts:94,broken (solver),"Stem relies on figure parts X, Y, Z; only X is described (auxin site), Y and Z are never identified, so options are not answerable from text.",medium,agent:control-and-coordination,official(cfpq)
CTRL-EXMPLR-6-SA-003,bank,control-and-coordination,lazytopper/src/data/questionBanks/class10/science/controlAndCoordination.exemplar.ts:263,broken (solver),"Labelling question ""Label the endocrine glands in Figure 7.3"" served without the figure.",medium,agent:control-and-coordination,official(exemplar)
PYQ-S-2024-CTRL-001,bank,control-and-coordination,lazytopper/src/data/questionBanks/class10/science/controlCoordination.pyq2024.ts:12,broken (solver),"finalAnswer and explanation are marking-scheme boilerplate (""If a question has parts, please award marks on the right-hand side..."") instead of the answer.",high,agent:control-and-coordination,official(pyq2024)
PYQ-S-2024-CTRL-002,bank,control-and-coordination,lazytopper/src/data/questionBanks/class10/science/controlCoordination.pyq2024.ts:20,broken (solver),"Answer field is a truncated fragment ""metabolism for body growth."" and last step is a split line.",high,agent:control-and-coordination,official(pyq2024)
PYQ-S-2026-CTRL-002,bank,control-and-coordination,lazytopper/src/data/questionBanks/class10/science/controlCoordination.pyq2026.ts:19,broken (solver),"Option (d), answer and finalAnswer carry leaked text ""Bell-jar Watch-glass containing potassium hydroxide"" from another question.",high,agent:control-and-coordination,official(pyq2026)
PYQ-S-2026-CTRL-004,bank,control-and-coordination,lazytopper/src/data/questionBanks/class10/science/controlCoordination.pyq2026.ts:35,broken (solver),"Option (d) contains leaked page-footer text ""{ } of 32"".",high,agent:control-and-coordination,official(pyq2026)
PYQ-S-2026-CTRL-007,bank,control-and-coordination,lazytopper/src/data/questionBanks/class10/science/controlCoordination.pyq2026.ts:59,broken (solver),"Stem carries stray mark ""2"" before OR; answer field omits part (a) and begins ""(Any other suitable example) OR (b)"".",medium,agent:control-and-coordination,official(pyq2026)
SCO-S-CTRL-009,bank,control-and-coordination,lazytopper/src/data/questionBanks/class10/science/control-and-coordination.chapterwise.ts:76,broken (solver),"Option (c) contains leaked page header/advert text: ""CBSE Objective Questions Exam 2019-2020 visit or whatsapp at 8905629969 Chap 7 : Control and Coordination"".",high,agent:control-and-coordination,transcribed-third-party(chapterwise)
SCO-S-CTRL-011,bank,control-and-coordination,lazytopper/src/data/questionBanks/class10/science/control-and-coordination.chapterwise.ts:92,broken (solver),"Stem says ""The given diagram shows ... human skin ... information labelled"" but no figure/labels are described; unanswerable without figure.",high,agent:control-and-coordination,transcribed-third-party(chapterwise)
SCO-S-CTRL-012,bank,control-and-coordination,lazytopper/src/data/questionBanks/class10/science/control-and-coordination.chapterwise.ts:100,broken (solver),"Stem depends on a diagram with blocks at X, Y, Z that is not described; answer ""At Z"" unverifiable.",high,agent:control-and-coordination,transcribed-third-party(chapterwise)
SCO-S-CTRL-013,bank,control-and-coordination,lazytopper/src/data/questionBanks/class10/science/control-and-coordination.chapterwise.ts:108,broken (solver),"Garbled stem ("", , , P Q R S and T"", broken table ""pro- ducers"", ""temper- ature"") and garbled options ("", P Q and T""); figure not described; explanation contradicts the stem table.",high,agent:control-and-coordination,transcribed-third-party(chapterwise)
SCO-S-CTRL-014,bank,control-and-coordination,lazytopper/src/data/questionBanks/class10/science/control-and-coordination.chapterwise.ts:116,broken (solver),"Arrows lost in options (""P Q -"", ""P R -"") and diagram P/Q/R not described; explanation garbled (""R - P is the sensory neurone"").",high,agent:control-and-coordination,transcribed-third-party(chapterwise)
SCO-S-CTRL-015,bank,control-and-coordination,lazytopper/src/data/questionBanks/class10/science/control-and-coordination.chapterwise.ts:124,broken (solver),"Leaked page header ""Chap 7 : Control and Coordination"" inside stem; table headers run into stem and option columns unlabelled.",high,agent:control-and-coordination,transcribed-third-party(chapterwise)
SCO-S-CTRL-016,bank,control-and-coordination,lazytopper/src/data/questionBanks/class10/science/control-and-coordination.chapterwise.ts:132,broken (solver),"Arrow symbols rendered as ""$"" in all options and answer.",high,agent:control-and-coordination,transcribed-third-party(chapterwise)
SCQ-S-CTRL-033,bank,control-and-coordination,lazytopper/src/data/questionBanks/class10/science/control-and-coordination.chapterwise.ts:244,broken (solver),"Answer/steps contain source tag ""[All India 2018, CBSE 2017]"" and typos (""Throxine"", ""harmone""); 3-mark answer stored as one step.",medium,agent:control-and-coordination,transcribed-third-party(chapterwise)
SCQ-S-CTRL-027,bank,control-and-coordination,lazytopper/src/data/questionBanks/class10/science/control-and-coordination.chapterwise.ts:208,broken-latex,stem: odd number of $ delimiters: '(a) Name one gustatory receptor and one olfactory receptor present in human beings. (b) Write a and b in the given flow ',high,script,transcribed-third-party(chapterwise)
S-CC-1,promptD,control-and-coordination,lazytopper/src/data/promptDPracticePacks.ts:643,missing-answer,"promptD pack row has no answer / solutionSteps / marking scheme (schema: id,text,marks,difficulty,questionType)",medium,script,LT-authored(promptD)
S-CC-10,promptD,control-and-coordination,lazytopper/src/data/promptDPracticePacks.ts:706,missing-answer,"promptD pack row has no answer / solutionSteps / marking scheme (schema: id,text,marks,difficulty,questionType)",medium,script,LT-authored(promptD)
S-CC-2,promptD,control-and-coordination,lazytopper/src/data/promptDPracticePacks.ts:650,missing-answer,"promptD pack row has no answer / solutionSteps / marking scheme (schema: id,text,marks,difficulty,questionType)",medium,script,LT-authored(promptD)
S-CC-3,promptD,control-and-coordination,lazytopper/src/data/promptDPracticePacks.ts:657,missing-answer,"promptD pack row has no answer / solutionSteps / marking scheme (schema: id,text,marks,difficulty,questionType)",medium,script,LT-authored(promptD)
S-CC-4,promptD,control-and-coordination,lazytopper/src/data/promptDPracticePacks.ts:664,missing-answer,"promptD pack row has no answer / solutionSteps / marking scheme (schema: id,text,marks,difficulty,questionType)",medium,script,LT-authored(promptD)
S-CC-5,promptD,control-and-coordination,lazytopper/src/data/promptDPracticePacks.ts:671,missing-answer,"promptD pack row has no answer / solutionSteps / marking scheme (schema: id,text,marks,difficulty,questionType)",medium,script,LT-authored(promptD)
S-CC-6,promptD,control-and-coordination,lazytopper/src/data/promptDPracticePacks.ts:678,missing-answer,"promptD pack row has no answer / solutionSteps / marking scheme (schema: id,text,marks,difficulty,questionType)",medium,script,LT-authored(promptD)
S-CC-7,promptD,control-and-coordination,lazytopper/src/data/promptDPracticePacks.ts:685,missing-answer,"promptD pack row has no answer / solutionSteps / marking scheme (schema: id,text,marks,difficulty,questionType)",medium,script,LT-authored(promptD)
S-CC-8,promptD,control-and-coordination,lazytopper/src/data/promptDPracticePacks.ts:692,missing-answer,"promptD pack row has no answer / solutionSteps / marking scheme (schema: id,text,marks,difficulty,questionType)",medium,script,LT-authored(promptD)
S-CC-9,promptD,control-and-coordination,lazytopper/src/data/promptDPracticePacks.ts:699,missing-answer,"promptD pack row has no answer / solutionSteps / marking scheme (schema: id,text,marks,difficulty,questionType)",medium,script,LT-authored(promptD)
sci-cc-bio-comp-01,hpq,control-and-coordination,lazytopper/src/data/hpqCompetencyAdditions.ts:376,missing-marking-scheme,written question with no solutionSteps,medium,script,LT-authored(hpq)
PYQ-S-CTRL-007,bank,control-and-coordination,lazytopper/src/data/questionBanks/class10/science/control-and-coordination.pyq.ts:55,mojibake,"""'\uf09f'"" in …'ne; Adrenal gland • Response- \uf09fHeart beats faster resulting i'…",medium,script,official(pyq)
PYQ-S-CTRL-008,bank,control-and-coordination,lazytopper/src/data/questionBanks/class10/science/control-and-coordination.pyq.ts:62,mojibake,"""'\uf09f'"" in …' produce slow responses.\n(ii) \uf09f When growing shoot is exposed'…",medium,script,official(pyq)
CFPQ-S-CTRL-005,bank,control-and-coordination,lazytopper/src/data/questionBanks/class10/science/control-and-coordination.cfpq.ts:147,step-marks-partial,1/3 steps carry a [N mark] prefix,low,script,official(cfpq)
SQP-S-2023-CTRL-B-001,bank,control-and-coordination,lazytopper/src/data/questionBanks/class10/science/control-and-coordination.sp.ts:35,step-marks-partial,1/3 steps carry a [N mark] prefix,low,script,official(sp)
CFPQ-S-CTRL-005,bank,control-and-coordination,lazytopper/src/data/questionBanks/class10/science/control-and-coordination.cfpq.ts:147,step-marks-sum,"[N mark] prefixes sum to 1, marks=2",high,script,official(cfpq)
SQP-S-2023-CTRL-B-001,bank,control-and-coordination,lazytopper/src/data/questionBanks/class10/science/control-and-coordination.sp.ts:35,step-marks-sum,"[N mark] prefixes sum to 1, marks=2",high,script,official(sp)
APQ-M-CG-001,bank,coordinate-geometry,lazytopper/src/data/questionBanks/class10/maths/coordinate-geometry.additionalPQ.ts:10,broken (solver),"Stem says coordinates ""are shown in the figure"" but no coordinates/figure are described; unanswerable as served",high,agent:coordinate-geometry,official(additionalPQ)
APQ-M-CG-005,bank,coordinate-geometry,lazytopper/src/data/questionBanks/class10/maths/coordinate-geometry.additionalPQ.ts:52,broken (solver),"Figure-dependent: radii/points of the 4 concentric scoring rings are not given in text, so (i)-(iii) cannot be solved as served",high,agent:coordinate-geometry,official(additionalPQ)
APQ-M-CG-009,bank,coordinate-geometry,lazytopper/src/data/questionBanks/class10/maths/coordinate-geometry.additionalPQ.ts:96,broken (solver),"Figure-dependent: pocket coordinates (P5, rail P4-P6) and red ball R coordinates not given; OR-part unanswerable as served",medium,agent:coordinate-geometry,official(additionalPQ)
BX-COORD-E-023,bank,coordinate-geometry,lazytopper/src/data/questionBanks/class10/maths/coordinateGeometry.expand.caseE.ts:465,broken (solver),"Scenario is incoherent: two hikers start together at A and walk the same direction toward B at different speeds - they never ""meet""; the 3:2 ratio is unjustified by the story",medium,agent:coordinate-geometry,LT-authored(expand.caseE)
BX-COORD-E-038,bank,coordinate-geometry,lazytopper/src/data/questionBanks/class10/maths/coordinateGeometry.expand.caseE.ts:810,broken (solver),"Stem says origin lies INSIDE the triangle, but the origin is the midpoint of base AB (on a side, not interior)",medium,agent:coordinate-geometry,LT-authored(expand.caseE)
CG-M19,bank,coordinate-geometry,lazytopper/src/data/questionBanks/class10/maths/coordinateGeometry.pack1.ts:114,broken (solver),"Stem garbled: ""find 3x = 2y"" should read ""prove that 3x = 2y""",medium,agent:coordinate-geometry,LT-authored(AI pack)
CG-N-EXEM2-7-MCQ-002,bank,coordinate-geometry,lazytopper/src/data/questionBanks/class10/maths/coordinateGeometry.exemplar2.ts:42,broken (solver),"P(2,1) is not on segment AB for A(4,2),B(8,4) (it lies on line AB extended beyond A); stem premise false (exemplar original flaw)",uncertain,agent:coordinate-geometry,official(exemplar2)
CG-N03,bank,coordinate-geometry,lazytopper/src/data/questionBanks/class10/maths/coordinateGeometry.pack1.ts:200,broken (solver),"Stem asserts A(1,2),B(4,6),C(5,7) collinear but they are not: AB=5, BC=sqrt2, AC=sqrt41; AB+BC=6.41 != AC=6.40",medium,agent:coordinate-geometry,LT-authored(AI pack)
CG2-016,bank,coordinate-geometry,lazytopper/src/data/questionBanks/class10/maths/coordinateGeometry.pack2.ts:326,broken (solver),"Sub-part (iii) ""Is the diagonal equal to the perimeter divided by some factor?"" is ill-posed; any length is perimeter/some factor; not a gradable CBSE item",medium,agent:coordinate-geometry,LT-authored(AI pack)
PYQ-M-2024-CG-001,bank,coordinate-geometry,lazytopper/src/data/questionBanks/class10/maths/coordinate-geometry.pyq2024.ts:12,broken (solver),"Garbled text ""yaxis"" (hyphen lost)",medium,agent:coordinate-geometry,official(pyq2024)
PYQ-M-2024-CG-004a,bank,coordinate-geometry,lazytopper/src/data/questionBanks/class10/maths/coordinate-geometry.pyq2024.ts:36,broken (solver),"Answer is marking-scheme debris (""k = 2 7 ... 1 1/2 1/2""), no working; fractions flattened",medium,agent:coordinate-geometry,official(pyq2024)
PYQ-M-2024-CG-005a,bank,coordinate-geometry,lazytopper/src/data/questionBanks/class10/maths/coordinate-geometry.pyq2024.ts:43,broken (solver),"Garbled text ""Xaxis divides theline""; answer fractions flattened (""k = 1 2"", ""9 3 =3"")",medium,agent:coordinate-geometry,official(pyq2024)
PYQ-M-2024-CG-006,bank,coordinate-geometry,lazytopper/src/data/questionBanks/class10/maths/coordinate-geometry.pyq2024.ts:50,broken (solver),"Figure-dependent (""design is given below"") with no coordinates of A..G described; answer field garbled/truncated (""(3, 7 2) (iii) D(2, 5)"")",high,agent:coordinate-geometry,official(pyq2024)
PYQ-M-2024-CG-007,bank,coordinate-geometry,lazytopper/src/data/questionBanks/class10/maths/coordinate-geometry.pyq2024.ts:62,broken (solver),"Figure-dependent (""looks like the given figure"") with no coordinates; stem ends with page-header junk ""1530/5/1 ...""; answer truncated/garbled",high,agent:coordinate-geometry,official(pyq2024)
PYQ-M-2025-CG-001,bank,coordinate-geometry,lazytopper/src/data/questionBanks/class10/maths/coordinate-geometry.pyq2025.ts:11,broken (solver),"Minus sign lost: ""P( 4, 5)"" should be P(-4,5); as rendered midpoint (4,5.5) lies on neither axis so key y-axis is wrong; options ""xaxis""/""yaxis"" garbled",high,agent:coordinate-geometry,official(pyq2025)
PYQ-M-2025-CG-002,bank,coordinate-geometry,lazytopper/src/data/questionBanks/class10/maths/coordinate-geometry.pyq2025.ts:19,broken (solver),"Minus sign lost: ""( 5, 0)"" should be (-5,0) (as rendered two vertices coincide); option D contains page-header junk ""30/2/1 # 6| P a g e""",high,agent:coordinate-geometry,official(pyq2025)
PYQ-M-2025-CG-004,bank,coordinate-geometry,lazytopper/src/data/questionBanks/class10/maths/coordinate-geometry.pyq2025.ts:34,broken (solver),"Minus signs lost: as rendered A(9,2),B(3,7),C(1,10) gives median from B = sqrt5, not sqrt58; restore signs (e.g. A(9,-2),B(-3,7),C(-1,10) gives sqrt58)",high,agent:coordinate-geometry,official(pyq2025)
PYQ-M-2025-CG-005,bank,coordinate-geometry,lazytopper/src/data/questionBanks/class10/maths/coordinate-geometry.pyq2025.ts:41,broken (solver),"Minus signs lost: ""(5, 6) and ( 1, 4)"" should be (5,-6),(-1,-4); ""yaxis"" garbled; answer fractions flattened",high,agent:coordinate-geometry,official(pyq2025)
PYQ-M-2025-CG-006,bank,coordinate-geometry,lazytopper/src/data/questionBanks/class10/maths/coordinate-geometry.pyq2025.ts:48,broken (solver),"Operator lost: ""x + y 10 = 0"" should be x + y - 10 = 0; answer fractions flattened",high,agent:coordinate-geometry,official(pyq2025)
PYQ-M-2025-CG-007,bank,coordinate-geometry,lazytopper/src/data/questionBanks/class10/maths/coordinate-geometry.pyq2025.ts:55,broken (solver),"Minus signs lost: A(10, 6) should be A(10,-6) and ""a 2b = 18"" should be a - 2b = 18 (key uses b = -1)",high,agent:coordinate-geometry,official(pyq2025)
PYQ-M-2026-CG-001,bank,coordinate-geometry,lazytopper/src/data/questionBanks/class10/maths/coordinate-geometry.pyq2026.ts:12,broken (solver),"Answer text flattened/truncated: squares printed as ""2"" (PA2, (x-5)2), ends ""x - y + 2 =""",medium,agent:coordinate-geometry,official(pyq2026)
PYQ-M-CG-004,bank,coordinate-geometry,lazytopper/src/data/questionBanks/class10/maths/coordinate-geometry.pyq.ts:34,broken (solver),"Minus signs lost: ""(5, 6) and ( 1, 4)"" should be (5,-6) and (-1,-4); as rendered the y-axis does not cut the segment internally",high,agent:coordinate-geometry,official(pyq)
PYQ-M-CG-005,bank,coordinate-geometry,lazytopper/src/data/questionBanks/class10/maths/coordinate-geometry.pyq.ts:41,broken (solver),"Minus sign lost in stem: answer uses y=(6k-3)/(k+1) so point is (6,-3), not (6,3); as rendered y=x divides in 3:5. Answer text garbled/truncated (""Ratio is 9 :"")",high,agent:coordinate-geometry,official(pyq)
PYQ-M-CG-006,bank,coordinate-geometry,lazytopper/src/data/questionBanks/class10/maths/coordinate-geometry.pyq.ts:48,broken (solver),"Minus sign lost: P(5, 3) should be P(5,-3) (answer uses (-3-1)); as rendered x = +/-2. Answer has marking-scheme residue ""1 1 1/2 +""",high,agent:coordinate-geometry,official(pyq)
PYQ-M-2024-CG-007,bank,coordinate-geometry,lazytopper/src/data/questionBanks/class10/maths/coordinate-geometry.pyq2024.ts:62,broken-latex,stem: odd number of $ delimiters: 'A garden is in the shape of a square. The gardener grew saplings of Ashoka tree on the boundary of the garden at the dis',high,script,official(pyq2024)
M-CG-1,promptD,coordinate-geometry,lazytopper/src/data/promptDPracticePacks.ts:1782,missing-answer,"promptD pack row has no answer / solutionSteps / marking scheme (schema: id,text,marks,difficulty,questionType)",medium,script,LT-authored(promptD)
M-CG-2,promptD,coordinate-geometry,lazytopper/src/data/promptDPracticePacks.ts:1789,missing-answer,"promptD pack row has no answer / solutionSteps / marking scheme (schema: id,text,marks,difficulty,questionType)",medium,script,LT-authored(promptD)
M-CG-3,promptD,coordinate-geometry,lazytopper/src/data/promptDPracticePacks.ts:1796,missing-answer,"promptD pack row has no answer / solutionSteps / marking scheme (schema: id,text,marks,difficulty,questionType)",medium,script,LT-authored(promptD)
M-CG-8,promptD,coordinate-geometry,lazytopper/src/data/promptDPracticePacks.ts:1803,missing-answer,"promptD pack row has no answer / solutionSteps / marking scheme (schema: id,text,marks,difficulty,questionType)",medium,script,LT-authored(promptD)
M-CG-9,promptD,coordinate-geometry,lazytopper/src/data/promptDPracticePacks.ts:1810,missing-answer,"promptD pack row has no answer / solutionSteps / marking scheme (schema: id,text,marks,difficulty,questionType)",medium,script,LT-authored(promptD)
cg-comp-02,hpq,coordinate-geometry,lazytopper/src/data/hpqCompetencyAdditions.ts:151,missing-marking-scheme,written question with no solutionSteps,medium,script,LT-authored(hpq)
CFPQ-S-ELEC-001,bank,electricity,lazytopper/src/data/questionBanks/class10/science/electricity.cfpq.ts:59,broken (solver),"Asks how LEDs are connected ""in the circuit diagram"" which is not provided/described; also stray header ""answer four out of five following questions""",high,agent:electricity,official(cfpq)
CFPQ-S-ELEC-002,bank,electricity,lazytopper/src/data/questionBanks/class10/science/electricity.cfpq.ts:87,broken (solver),Depends on circuit diagram not provided/described (LED 2 failure),high,agent:electricity,official(cfpq)
CFPQ-S-ELEC-004,bank,electricity,lazytopper/src/data/questionBanks/class10/science/electricity.cfpq.ts:142,broken (solver),"Keyed option says ""220 V"" while stem says 240 V mains; keyed answer contains a factual mismatch",medium,agent:electricity,official(cfpq)
CFPQ-S-ELEC-009,bank,electricity,lazytopper/src/data/questionBanks/class10/science/electricity.cfpq.ts:273,broken (solver),"""Study the circuit diagram given below"" - figure not provided/described",medium,agent:electricity,official(cfpq)
CFPQ-S-ELEC-011,bank,electricity,lazytopper/src/data/questionBanks/class10/science/electricity.cfpq.ts:322,broken (solver),"Stem says ""as shown in figure""/""Fig."" but the configuration needed to solve is not described in text (only in the answer)",medium,agent:electricity,official(cfpq)
CFPQ-S-ELEC-013,bank,electricity,lazytopper/src/data/questionBanks/class10/science/electricity.cfpq.ts:349,broken (solver),Answer (Switch 1 and 2) depends entirely on a circuit figure not provided/described,high,agent:electricity,official(cfpq)
EL-D04,bank,electricity,lazytopper/src/data/questionBanks/class10/science/electricity.pack1.ts:260,broken (solver),"Ohm symbol garbled to ""O"" in final answer (""807 O vs 484 O"")",high,agent:electricity,LT-authored(AI pack)
EL2-004,bank,electricity,lazytopper/src/data/questionBanks/class10/science/electricity.pack2.ts:87,broken (solver),"Option ""Both B and C are correct"" relies on option letters; breaks if options are shuffled/displayed unlettered",uncertain,agent:electricity,LT-authored(AI pack)
EL2-052,bank,electricity,lazytopper/src/data/questionBanks/class10/science/electricity.pack2.ts:1415,broken (solver),"Ohm symbol garbled to letter ""O"" (e.g. ""2 O, 3 O"", ""100 O"") in stem/options/explanation",high,agent:electricity,LT-authored(AI pack)
EL2-053,bank,electricity,lazytopper/src/data/questionBanks/class10/science/electricity.pack2.ts:1436,broken (solver),"Ohm symbol garbled to letter ""O"" (e.g. ""2 O, 3 O"", ""100 O"") in stem/options/explanation",high,agent:electricity,LT-authored(AI pack)
EL2-057,bank,electricity,lazytopper/src/data/questionBanks/class10/science/electricity.pack2.ts:1520,broken (solver),"Ohm symbol garbled to letter ""O"" (e.g. ""2 O, 3 O"", ""100 O"") in stem/options/explanation",high,agent:electricity,LT-authored(AI pack)
ELEC-EXMPLR-11-LA-004,bank,electricity,lazytopper/src/data/questionBanks/class10/science/electricity.exemplar.ts:236,broken (solver),"Battery voltage (4.5 V) and circuit layout come only from Fig 12.8, absent from stem; part (iii) power cannot be computed from the stem",high,agent:electricity,official(exemplar)
ELEC-EXMPLR-11-LA-011,bank,electricity,lazytopper/src/data/questionBanks/class10/science/electricity.exemplar.ts:289,broken (solver),"Stem says ""as shown in figure""/""Fig."" but the configuration needed to solve is not described in text (only in the answer)",medium,agent:electricity,official(exemplar)
ELEC-EXMPLR-11-MCQ-002,bank,electricity,lazytopper/src/data/questionBanks/class10/science/electricity.exemplar.ts:22,broken (solver),Stem refers to a figure (Fig 12.x) that is essential to choose the option and is not described in text,high,agent:electricity,official(exemplar)
ELEC-EXMPLR-11-MCQ-005,bank,electricity,lazytopper/src/data/questionBanks/class10/science/electricity.exemplar.ts:48,broken (solver),Stem refers to a figure (Fig 12.x) that is essential to choose the option and is not described in text,high,agent:electricity,official(exemplar)
ELEC-EXMPLR-11-MCQ-008,bank,electricity,lazytopper/src/data/questionBanks/class10/science/electricity.exemplar.ts:74,broken (solver),Stem refers to a figure (Fig 12.x) that is essential to choose the option and is not described in text,high,agent:electricity,official(exemplar)
ELEC-EXMPLR-11-MCQ-011,bank,electricity,lazytopper/src/data/questionBanks/class10/science/electricity.exemplar.ts:100,broken (solver),Stem refers to a figure (Fig 12.x) that is essential to choose the option and is not described in text,high,agent:electricity,official(exemplar)
ELEC-EXMPLR-11-SA-002,bank,electricity,lazytopper/src/data/questionBanks/class10/science/electricity.exemplar.ts:176,broken (solver),"Stem says ""as shown in figure""/""Fig."" but the configuration needed to solve is not described in text (only in the answer)",medium,agent:electricity,official(exemplar)
ELEC-NCERT-11-LA-006,bank,electricity,lazytopper/src/data/questionBanks/class10/science/electricity.ncert.ts:204,broken (solver),"Stem says ""as shown in figure""/""Fig."" but the configuration needed to solve is not described in text (only in the answer)",medium,agent:electricity,official(ncert)
ELEC-NCERT-11-LA-007,bank,electricity,lazytopper/src/data/questionBanks/class10/science/electricity.ncert.ts:213,broken (solver),"Stem says ""as shown in figure""/""Fig."" but the configuration needed to solve is not described in text (only in the answer)",medium,agent:electricity,official(ncert)
PYQ-S-2024-ELEC-002,bank,electricity,lazytopper/src/data/questionBanks/class10/science/electricity.pyq2024.ts:20,broken (solver),"Circuit figure missing; Ω symbols dropped (""16 resistor"", ""two resistors of 8 ,""); stray ""2"" mark text; answer covers only (c)(ii)",high,agent:electricity,official(pyq2024)
PYQ-S-2025-ELEC-005,bank,electricity,lazytopper/src/data/questionBanks/class10/science/electricity.pyq2025.ts:39,broken (solver),"Circuit figure missing; Ω symbols dropped (""10 and 15 resistors""); answer is a garbled fragment (math-italic chars, part (a) missing)",high,agent:electricity,official(pyq2025)
PYQ-S-2026-ELEC-010,bank,electricity,lazytopper/src/data/questionBanks/class10/science/electricity.pyq2026.ts:75,broken (solver),"Stem contains extraction debris ""(ii) (A) (B) : (A) (B) (I) (A) (B) : (II) (1) P Q (2) Q R"" and figures not provided; answer ends with mark-scheme debris ""½ 1 ½ 1""",high,agent:electricity,official(pyq2026)
PYQ-S-2026-ELEC-011,bank,electricity,lazytopper/src/data/questionBanks/class10/science/electricity.pyq2026.ts:82,broken (solver),"Needs the V-I graph and circuit figures (""shown in the diagram"", ""given circuit"") which are not provided; values (R=4 Ω, 15 Ω, 5 V) unrecoverable from stem",high,agent:electricity,official(pyq2026)
PYQ-S-2026-ELEC-012,bank,electricity,lazytopper/src/data/questionBanks/class10/science/electricity.pyq2026.ts:89,broken (solver),"Part (A)(ii) needs circuit ""given"" (12 V, 2/4/6 Ω) not stated in stem",high,agent:electricity,official(pyq2026)
SCO-S-ELEC-011,bank,electricity,lazytopper/src/data/questionBanks/class10/science/electricity.chapterwise.ts:92,broken (solver),"Depends on three circuit figures (I, II, III) not provided/described",high,agent:electricity,transcribed-third-party(chapterwise)
SCO-S-ELEC-012,bank,electricity,lazytopper/src/data/questionBanks/class10/science/electricity.chapterwise.ts:100,broken (solver),"Garbled symbols ("".0 5 W"" for 0.5 Ω, ""4 W"", ""2 W"" for ohms) and refers to a figure not provided",high,agent:electricity,transcribed-third-party(chapterwise)
SCO-S-ELEC-013,bank,electricity,lazytopper/src/data/questionBanks/class10/science/electricity.chapterwise.ts:108,broken (solver),"Answer depends on current-time graph ""shown in figure"" not provided; ""2 W"" should be 2 Ω",high,agent:electricity,transcribed-third-party(chapterwise)
SQP-S-2023-ELEC-A-002,bank,electricity,lazytopper/src/data/questionBanks/class10/science/electricity.sp.ts:35,broken (solver),"Answer (4 Ω) depends on figure where 6 Ω is shorted by a wire; stem does not say so, so a student would answer 10 Ω",high,agent:electricity,official(sp)
CBE-S-ELEC-E-001,bank,electricity,lazytopper/src/data/questionBanks/class10/science/electricity.cbe.ts:398,case-missing-subparts,case/Section-E row with no (i)/(ii)/(iii) sub-questions in stem,high,script,official(cbe)
PYQ-S-2026-ELEC-010,bank,electricity,lazytopper/src/data/questionBanks/class10/science/electricity.pyq2026.ts:75,figure-missing,"stem says ""shown in the figure""; no figure bound in data/figures/* (getFiguresForQuestion returns [])",high,script,official(pyq2026)
PYQ-S-ELEC-001,bank,electricity,lazytopper/src/data/questionBanks/class10/science/electricity.pyq.ts:11,figure-missing,"stem says ""as shown""; no figure bound in data/figures/* (getFiguresForQuestion returns [])",high,script,official(pyq)
PYQ-S-ELEC-003,bank,electricity,lazytopper/src/data/questionBanks/class10/science/electricity.pyq.ts:25,figure-missing,"stem says ""as shown""; no figure bound in data/figures/* (getFiguresForQuestion returns [])",high,script,official(pyq)
S-ELEC-1,promptD,electricity,lazytopper/src/data/promptDPracticePacks.ts:548,missing-answer,"promptD pack row has no answer / solutionSteps / marking scheme (schema: id,text,marks,difficulty,questionType)",medium,script,LT-authored(promptD)
S-ELEC-10,promptD,electricity,lazytopper/src/data/promptDPracticePacks.ts:611,missing-answer,"promptD pack row has no answer / solutionSteps / marking scheme (schema: id,text,marks,difficulty,questionType)",medium,script,LT-authored(promptD)
S-ELEC-2,promptD,electricity,lazytopper/src/data/promptDPracticePacks.ts:555,missing-answer,"promptD pack row has no answer / solutionSteps / marking scheme (schema: id,text,marks,difficulty,questionType)",medium,script,LT-authored(promptD)
S-ELEC-3,promptD,electricity,lazytopper/src/data/promptDPracticePacks.ts:562,missing-answer,"promptD pack row has no answer / solutionSteps / marking scheme (schema: id,text,marks,difficulty,questionType)",medium,script,LT-authored(promptD)
S-ELEC-4,promptD,electricity,lazytopper/src/data/promptDPracticePacks.ts:569,missing-answer,"promptD pack row has no answer / solutionSteps / marking scheme (schema: id,text,marks,difficulty,questionType)",medium,script,LT-authored(promptD)
S-ELEC-5,promptD,electricity,lazytopper/src/data/promptDPracticePacks.ts:576,missing-answer,"promptD pack row has no answer / solutionSteps / marking scheme (schema: id,text,marks,difficulty,questionType)",medium,script,LT-authored(promptD)
S-ELEC-6,promptD,electricity,lazytopper/src/data/promptDPracticePacks.ts:583,missing-answer,"promptD pack row has no answer / solutionSteps / marking scheme (schema: id,text,marks,difficulty,questionType)",medium,script,LT-authored(promptD)
S-ELEC-7,promptD,electricity,lazytopper/src/data/promptDPracticePacks.ts:590,missing-answer,"promptD pack row has no answer / solutionSteps / marking scheme (schema: id,text,marks,difficulty,questionType)",medium,script,LT-authored(promptD)
S-ELEC-8,promptD,electricity,lazytopper/src/data/promptDPracticePacks.ts:597,missing-answer,"promptD pack row has no answer / solutionSteps / marking scheme (schema: id,text,marks,difficulty,questionType)",medium,script,LT-authored(promptD)
S-ELEC-9,promptD,electricity,lazytopper/src/data/promptDPracticePacks.ts:604,missing-answer,"promptD pack row has no answer / solutionSteps / marking scheme (schema: id,text,marks,difficulty,questionType)",medium,script,LT-authored(promptD)
sci-elec-comp-01,hpq,electricity,lazytopper/src/data/hpqCompetencyAdditions.ts:554,missing-marking-scheme,written question with no solutionSteps,medium,script,LT-authored(hpq)
sci-elec-comp-02,hpq,electricity,lazytopper/src/data/hpqCompetencyAdditions.ts:936,missing-marking-scheme,written question with no solutionSteps,medium,script,LT-authored(hpq)
PYQ-S-ELEC-001,bank,electricity,lazytopper/src/data/questionBanks/class10/science/electricity.pyq.ts:11,mojibake,"""'\uf09f'"" in …'asons to justify your answer.\n\uf09f Wire B. \uf09f For the conductors '…",medium,script,official(pyq)
CBE-S-HERD-C-005,bank,heredity,lazytopper/src/data/questionBanks/class10/science/heredity.cbe.ts:196,broken (solver),Stem refers to 'individuals from the F1 generation' with white/brown fur but the parental cross and dominance (W white dominant) are not stated - missing case context,medium,agent:heredity,official(cbe)
PYQ-S-2024-HERED-005,bank,heredity,lazytopper/src/data/questionBanks/class10/science/heredity.pyq2024.ts:40,broken (solver),"Answer truncated/garbled: part (a) missing, mark residue '1/2 +1/2 1/2 ;'",high,agent:heredity,official(pyq2024)
PYQ-S-2026-HERED-003,bank,heredity,lazytopper/src/data/questionBanks/class10/science/heredity.pyq2026.ts:27,broken (solver),Answer field contains only '(or any other suitable example)',medium,agent:heredity,official(pyq2026)
PYQ-S-2026-HERED-009,bank,heredity,lazytopper/src/data/questionBanks/class10/science/heredity.pyq2026.ts:69,broken (solver),"Stem has stray '3' (marks residue) after 'Pea plants :'; steps are a flattened, unreadable Punnett table",medium,agent:heredity,official(pyq2026)
PYQ-S-HERED-001,bank,heredity,lazytopper/src/data/questionBanks/class10/science/heredity.pyq.ts:11,broken (solver),finalAnswer/expl garbled as 'c) 1 1' (mark-scheme residue),high,agent:heredity,official(pyq)
PYQ-S-HERED-003,bank,heredity,lazytopper/src/data/questionBanks/class10/science/heredity.pyq.ts:26,broken (solver),"Answer field is a garbled fragment ('Example 2 : Snails ... 1/2 1/2 1 2 ...'); parts (a),(b),(c) answers missing",high,agent:heredity,official(pyq)
SCO-S-HERED-002,bank,heredity,lazytopper/src/data/questionBanks/class10/science/heredity.chapterwise.ts:20,broken (solver),Cross symbol garbled as '#' in options (e.g. 'Tt # tt'),high,agent:heredity,transcribed-third-party(chapterwise)
SCO-S-HERED-007,bank,heredity,lazytopper/src/data/questionBanks/class10/science/heredity.chapterwise.ts:60,broken (solver),Stem text garbled: 'Genetic s is the study of-',medium,agent:heredity,transcribed-third-party(chapterwise)
SCO-S-HERED-013,bank,heredity,lazytopper/src/data/questionBanks/class10/science/heredity.chapterwise.ts:108,broken (solver),Stem garbled 'Tt tt #' - cross symbol misplaced as '#',high,agent:heredity,transcribed-third-party(chapterwise)
SCO-S-HERED-020,bank,heredity,lazytopper/src/data/questionBanks/class10/science/heredity.chapterwise.ts:164,broken (solver),Explanation contains leftover page header 'Chap 9 : Heredity and Evolution' and refers to a cross 'shown below' that is absent,medium,agent:heredity,transcribed-third-party(chapterwise)
SCQ-S-HERED-036,bank,heredity,lazytopper/src/data/questionBanks/class10/science/heredity.chapterwise.ts:262,broken (solver),"Answer and step text truncated mid-word ('distinct un', 'sperms in males and o'); third point missing",high,agent:heredity,transcribed-third-party(chapterwise)
SCQ-S-HERED-043,bank,heredity,lazytopper/src/data/questionBanks/class10/science/heredity.chapterwise.ts:328,broken (solver),Stem says 'Given below is the experiment... fill in the boxes' but the figure/boxes are not described; 'Fj' garbled for F1; answer omits part (d),high,agent:heredity,transcribed-third-party(chapterwise)
HE2-023,bank,heredity,lazytopper/src/data/questionBanks/class10/science/heredity.pack2.ts:371,case-missing-subparts,case/Section-E row with no (i)/(ii)/(iii) sub-questions in stem,high,script,LT-authored(AI pack)
SCQ-S-HERED-042,bank,heredity,lazytopper/src/data/questionBanks/class10/science/heredity.chapterwise.ts:316,figure-missing,"stem says ""in the figure""; no figure bound in data/figures/* (getFiguresForQuestion returns [])",high,script,transcribed-third-party(chapterwise)
S-HER-1,promptD,heredity,lazytopper/src/data/promptDPracticePacks.ts:819,missing-answer,"promptD pack row has no answer / solutionSteps / marking scheme (schema: id,text,marks,difficulty,questionType)",medium,script,LT-authored(promptD)
S-HER-11,promptD,heredity,lazytopper/src/data/promptDPracticePacks.ts:854,missing-answer,"promptD pack row has no answer / solutionSteps / marking scheme (schema: id,text,marks,difficulty,questionType)",medium,script,LT-authored(promptD)
S-HER-12,promptD,heredity,lazytopper/src/data/promptDPracticePacks.ts:861,missing-answer,"promptD pack row has no answer / solutionSteps / marking scheme (schema: id,text,marks,difficulty,questionType)",medium,script,LT-authored(promptD)
S-HER-13,promptD,heredity,lazytopper/src/data/promptDPracticePacks.ts:868,missing-answer,"promptD pack row has no answer / solutionSteps / marking scheme (schema: id,text,marks,difficulty,questionType)",medium,script,LT-authored(promptD)
S-HER-14,promptD,heredity,lazytopper/src/data/promptDPracticePacks.ts:875,missing-answer,"promptD pack row has no answer / solutionSteps / marking scheme (schema: id,text,marks,difficulty,questionType)",medium,script,LT-authored(promptD)
S-HER-2,promptD,heredity,lazytopper/src/data/promptDPracticePacks.ts:826,missing-answer,"promptD pack row has no answer / solutionSteps / marking scheme (schema: id,text,marks,difficulty,questionType)",medium,script,LT-authored(promptD)
S-HER-3,promptD,heredity,lazytopper/src/data/promptDPracticePacks.ts:833,missing-answer,"promptD pack row has no answer / solutionSteps / marking scheme (schema: id,text,marks,difficulty,questionType)",medium,script,LT-authored(promptD)
S-HER-4,promptD,heredity,lazytopper/src/data/promptDPracticePacks.ts:840,missing-answer,"promptD pack row has no answer / solutionSteps / marking scheme (schema: id,text,marks,difficulty,questionType)",medium,script,LT-authored(promptD)
S-HER-8,promptD,heredity,lazytopper/src/data/promptDPracticePacks.ts:847,missing-answer,"promptD pack row has no answer / solutionSteps / marking scheme (schema: id,text,marks,difficulty,questionType)",medium,script,LT-authored(promptD)
sci-he-comp-01,hpq,heredity,lazytopper/src/data/hpqCompetencyAdditions.ts:436,missing-marking-scheme,written question with no solutionSteps,medium,script,LT-authored(hpq)
sci-hered-comp-02,hpq,heredity,lazytopper/src/data/hpqCompetencyAdditions.ts:908,missing-marking-scheme,written question with no solutionSteps,medium,script,LT-authored(hpq)
PYQ-S-2024-REPR-001,bank,how-do-organisms-reproduce,lazytopper/src/data/questionBanks/class10/science/howOrganismsReproduce.pyq2024.ts:12,broken (solver),"finalAnswer/explanation is marking-scheme boilerplate ('...marks must be awarded in the left-hand margin...' / 'No marks to be deducted for the cumulative effect...'), not the answer.",high,agent:how-do-organisms-reproduce,official(pyq2024)
PYQ-S-2024-REPR-002,bank,how-do-organisms-reproduce,lazytopper/src/data/questionBanks/class10/science/howOrganismsReproduce.pyq2024.ts:20,broken (solver),"finalAnswer/explanation is marking-scheme boilerplate ('...marks must be awarded in the left-hand margin...' / 'No marks to be deducted for the cumulative effect...'), not the answer.",high,agent:how-do-organisms-reproduce,official(pyq2024)
PYQ-S-2024-REPR-003,bank,how-do-organisms-reproduce,lazytopper/src/data/questionBanks/class10/science/howOrganismsReproduce.pyq2024.ts:28,broken (solver),"finalAnswer/explanation is marking-scheme boilerplate ('...marks must be awarded in the left-hand margin...' / 'No marks to be deducted for the cumulative effect...'), not the answer.",high,agent:how-do-organisms-reproduce,official(pyq2024)
PYQ-S-2026-REPR-003,bank,how-do-organisms-reproduce,lazytopper/src/data/questionBanks/class10/science/howOrganismsReproduce.pyq2026.ts:27,broken (solver),Option (d) contains page-footer residue 'Vagina { } of 32'.,high,agent:how-do-organisms-reproduce,official(pyq2026)
PYQ-S-REPR-003,bank,how-do-organisms-reproduce,lazytopper/src/data/questionBanks/class10/science/how-do-organisms-reproduce.pyq.ts:27,broken (solver),finalAnswer and explanation garbled as 'd) 1 1'.,high,agent:how-do-organisms-reproduce,official(pyq)
REPR-EXMPLR-7-MCQ-018,bank,how-do-organisms-reproduce,lazytopper/src/data/questionBanks/class10/science/reproduction.exemplar.ts:130,broken (solver),"Options (b) and (d) are identical: '(i), (ii) and (iv)' (transcription error; exemplar (d) differs).",high,agent:how-do-organisms-reproduce,official(exemplar)
REPR-EXMPLR-7-MCQ-019,bank,how-do-organisms-reproduce,lazytopper/src/data/questionBanks/class10/science/reproduction.exemplar.ts:137,broken (solver),"Stem refers to 'Figure 8.1' parts A, B, C; no figure or diagramDescription; unanswerable as served.",high,agent:how-do-organisms-reproduce,official(exemplar)
SCO-S-REPR-009,bank,how-do-organisms-reproduce,lazytopper/src/data/questionBanks/class10/science/how-do-organisms-reproduce.chapterwise.ts:76,broken (solver),Option (d)/answer/explanation contain leftover page footer 'CBSE Objective Questions Exam 2019-2020 visit or whatsapp at 8905629969 Chap 8 ...'; also beyond NCERT (germinal epithelium).,high,agent:how-do-organisms-reproduce,transcribed-third-party(chapterwise)
SCO-S-REPR-014,bank,how-do-organisms-reproduce,lazytopper/src/data/questionBanks/class10/science/how-do-organisms-reproduce.chapterwise.ts:116,broken (solver),"Stem refers to a diagram of carpel with numbered parts 1-5; no diagram/description; options '1 5','3 5' unanswerable.",high,agent:how-do-organisms-reproduce,transcribed-third-party(chapterwise)
SCO-S-REPR-015,bank,how-do-organisms-reproduce,lazytopper/src/data/questionBanks/class10/science/how-do-organisms-reproduce.chapterwise.ts:124,broken (solver),"Options are bare letters 'C','A','D','B' referring to a missing table of conditions; unanswerable.",high,agent:how-do-organisms-reproduce,transcribed-third-party(chapterwise)
SCO-S-REPR-018,bank,how-do-organisms-reproduce,lazytopper/src/data/questionBanks/class10/science/how-do-organisms-reproduce.chapterwise.ts:148,broken (solver),Stem asks 'agent of pollination' but describes fruit/seed adaptations (dispersal); explanation garbled ('harm feni hair'). Seed dispersal is not NCERT Class 10.,high,agent:how-do-organisms-reproduce,transcribed-third-party(chapterwise)
SCO-S-REPR-019,bank,how-do-organisms-reproduce,lazytopper/src/data/questionBanks/class10/science/how-do-organisms-reproduce.chapterwise.ts:156,broken (solver),"Garbled stem 'gametes , , S T U and V', 'corrects'; refers to a diagram with no description.",medium,agent:how-do-organisms-reproduce,transcribed-third-party(chapterwise)
SCQ-S-REPR-036,bank,how-do-organisms-reproduce,lazytopper/src/data/questionBanks/class10/science/how-do-organisms-reproduce.chapterwise.ts:262,broken (solver),"Answer truncated mid-sentence ('...specialised organs which have only'); explanation of chromosome constancy (meiosis halving in gametes, restored at fertilisation) missing; one step for 3 marks.",high,agent:how-do-organisms-reproduce,transcribed-third-party(chapterwise)
SCQ-S-REPR-038,bank,how-do-organisms-reproduce,lazytopper/src/data/questionBanks/class10/science/how-do-organisms-reproduce.chapterwise.ts:274,broken (solver),Answer/step contain leftover page header 'Chap 8 : How Do Organisms Reproduce' and source tag '[Delhi 2017]'; single step for 3 marks.,high,agent:how-do-organisms-reproduce,transcribed-third-party(chapterwise)
REPR-EXMPLR-7-MCQ-018,bank,how-do-organisms-reproduce,lazytopper/src/data/questionBanks/class10/science/reproduction.exemplar.ts:130,duplicate-option,"options repeat: ['(i) and (iv)', '(i), (ii) and (iv)', '(i), (ii) and (iii)', '(i), (ii) and (iv)']",high,script,official(exemplar)
SCO-S-REPR-015,bank,how-do-organisms-reproduce,lazytopper/src/data/questionBanks/class10/science/how-do-organisms-reproduce.chapterwise.ts:124,empty-option,"options [0, 1, 2, 3] are bare labels/empty (option content missing): ['C', 'A', 'D', 'B']",high,script,transcribed-third-party(chapterwise)
BX-REP-E1-001,bank,how-do-organisms-reproduce,lazytopper/src/data/questionBanks/class10/science/how-do-organisms-reproduce.expand.caseE1.ts:5,header-or-source-text,"stem contains ""Answer:"": …'laces a short chain of such outgrowths. Answer: (i) Name the mode of reproduction shown '…",low,script,LT-authored(AI pack)
BX-REP-E1-002,bank,how-do-organisms-reproduce,lazytopper/src/data/questionBanks/class10/science/how-do-organisms-reproduce.expand.caseE1.ts:28,header-or-source-text,"stem contains ""Answer:"": …'the leaf was cut from the parent plant. Answer: (i) Name the process by which new plantl'…",low,script,LT-authored(AI pack)
BX-REP-E1-003,bank,how-do-organisms-reproduce,lazytopper/src/data/questionBanks/class10/science/how-do-organisms-reproduce.expand.caseE1.ts:51,header-or-source-text,"stem contains ""Answer:"": …'ece grows into a complete new Planaria. Answer: (i) Name the phenomenon shown by Planari'…",low,script,LT-authored(AI pack)
BX-REP-E1-004,bank,how-do-organisms-reproduce,lazytopper/src/data/questionBanks/class10/science/how-do-organisms-reproduce.expand.caseE1.ts:74,header-or-source-text,"stem contains ""Answer:"": …' into many tiny daughter cells at once. Answer: (i) Name the type of fission shown by ea'…",low,script,LT-authored(AI pack)
BX-REP-E1-005,bank,how-do-organisms-reproduce,lazytopper/src/data/questionBanks/class10/science/how-do-organisms-reproduce.expand.caseE1.ts:97,header-or-source-text,"stem contains ""Answer:"": …' piece later grows into a new filament. Answer: (i) Name the mode of reproduction shown.'…",low,script,LT-authored(AI pack)
BX-REP-E1-006,bank,how-do-organisms-reproduce,lazytopper/src/data/questionBanks/class10/science/how-do-organisms-reproduce.expand.caseE1.ts:120,header-or-source-text,"stem contains ""Answer:"": …'iny rounded black knob-like structures. Answer: (i) Name these black knob-like structure'…",low,script,LT-authored(AI pack)
BX-REP-E1-007,bank,how-do-organisms-reproduce,lazytopper/src/data/questionBanks/class10/science/how-do-organisms-reproduce.expand.caseE1.ts:143,header-or-source-text,"stem contains ""Answer:"": …'planted piece a new potato plant grows. Answer: (i) Name the method of reproduction used'…",low,script,LT-authored(AI pack)
BX-REP-E1-008,bank,how-do-organisms-reproduce,lazytopper/src/data/questionBanks/class10/science/how-do-organisms-reproduce.expand.caseE1.ts:166,header-or-source-text,"stem contains ""Answer:"": …'n shoots from the knobs on its surface. Answer: (i) Identify the plant part that ginger '…",low,script,LT-authored(AI pack)
BX-REP-E1-009,bank,how-do-organisms-reproduce,lazytopper/src/data/questionBanks/class10/science/how-do-organisms-reproduce.expand.caseE1.ts:189,header-or-source-text,"stem contains ""Answer:"": …'e base and a shoot grows from the node. Answer: (i) Name the method of propagation. (ii)'…",low,script,LT-authored(AI pack)
BX-REP-E1-010,bank,how-do-organisms-reproduce,lazytopper/src/data/questionBanks/class10/science/how-do-organisms-reproduce.expand.caseE1.ts:212,header-or-source-text,"stem contains ""Answer:"": …'e cuts it off to get a new guava plant. Answer: (i) Name this technique of propagation. '…",low,script,LT-authored(AI pack)
BX-REP-E1-011,bank,how-do-organisms-reproduce,lazytopper/src/data/questionBanks/class10/science/how-do-organisms-reproduce.expand.caseE1.ts:235,header-or-source-text,"stem contains ""Answer:"": …'wer years than a seed-grown tree would. Answer: (i) Name the two parts joined and identi'…",low,script,LT-authored(AI pack)
BX-REP-E1-012,bank,how-do-organisms-reproduce,lazytopper/src/data/questionBanks/class10/science/how-do-organisms-reproduce.expand.caseE1.ts:258,header-or-source-text,"stem contains ""Answer:"": …'ng plants are healthy and disease-free. Answer: (i) Name this technique. (ii) Outline th'…",low,script,LT-authored(AI pack)
BX-REP-E1-013,bank,how-do-organisms-reproduce,lazytopper/src/data/questionBanks/class10/science/how-do-organisms-reproduce.expand.caseE1.ts:281,header-or-source-text,"stem contains ""Answer:"": …' new tree to give the same sweet fruit. Answer: (i) Why would seeds NOT reliably give th'…",low,script,LT-authored(AI pack)
BX-REP-E1-014,bank,how-do-organisms-reproduce,lazytopper/src/data/questionBanks/class10/science/how-do-organisms-reproduce.expand.caseE1.ts:304,header-or-source-text,"stem contains ""Answer:"": …'aches to live as a separate tiny Hydra. Answer: (i) Name the mode of reproduction shown '…",low,script,LT-authored(AI pack)
BX-REP-E1-015,bank,how-do-organisms-reproduce,lazytopper/src/data/questionBanks/class10/science/how-do-organisms-reproduce.expand.caseE1.ts:327,header-or-source-text,"stem contains ""Answer:"": …'d in rings (whorls) on the flower base. Answer: (i) Name the four whorls of the flower f'…",low,script,LT-authored(AI pack)
BX-REP-E1-016,bank,how-do-organisms-reproduce,lazytopper/src/data/questionBanks/class10/science/how-do-organisms-reproduce.expand.caseE1.ts:350,header-or-source-text,"stem contains ""Answer:"": …'red. The bagged flowers still set seed. Answer: (i) Define self-pollination and cross-po'…",low,script,LT-authored(AI pack)
BX-REP-E1-017,bank,how-do-organisms-reproduce,lazytopper/src/data/questionBanks/class10/science/how-do-organisms-reproduce.expand.caseE1.ts:373,header-or-source-text,"stem contains ""Answer:"": …'loured, scented, and has sticky pollen. Answer: (i) Name the pollinating agent for each '…",low,script,LT-authored(AI pack)
BX-REP-E1-018,bank,how-do-organisms-reproduce,lazytopper/src/data/questionBanks/class10/science/how-do-organisms-reproduce.expand.caseE1.ts:396,header-or-source-text,"stem contains ""Answer:"": …'oks, and a dry pea pod that snaps open. Answer: (i) Match each to its likely dispersal a'…",low,script,LT-authored(AI pack)
BX-REP-E1-019,bank,how-do-organisms-reproduce,lazytopper/src/data/questionBanks/class10/science/how-do-organisms-reproduce.expand.caseE1.ts:419,header-or-source-text,"stem contains ""Answer:"": …'air. Only the seeds in Jar 3 germinate. Answer: (i) Name three conditions needed for ger'…",low,script,LT-authored(AI pack)
BX-REP-E1-020,bank,how-do-organisms-reproduce,lazytopper/src/data/questionBanks/class10/science/how-do-organisms-reproduce.expand.caseE1.ts:442,header-or-source-text,"stem contains ""Answer:"": …'but his fruit produces no seeds to sow. Answer: (i) Why can he not raise these plants fr'…",low,script,LT-authored(AI pack)
BX-REP-E1-021,bank,how-do-organisms-reproduce,lazytopper/src/data/questionBanks/class10/science/how-do-organisms-reproduce.expand.caseE1.ts:465,header-or-source-text,"stem contains ""Answer:"": …'ve plants that differ from one another. Answer: (i) Explain why cuttings flower much soo'…",low,script,LT-authored(AI pack)
BX-REP-E1-023,bank,how-do-organisms-reproduce,lazytopper/src/data/questionBanks/class10/science/how-do-organisms-reproduce.expand.caseE1.ts:488,header-or-source-text,"stem contains ""Answer:"": …'forms small daughter bulbs at its base. Answer: (i) What plant part is the onion bulb? ('…",low,script,LT-authored(AI pack)
BX-REP-E1-024,bank,how-do-organisms-reproduce,lazytopper/src/data/questionBanks/class10/science/how-do-organisms-reproduce.expand.caseE1.ts:511,header-or-source-text,"stem contains ""Answer:"": …', roots and a new little plant develop. Answer: (i) Name this creeping horizontal stem. '…",low,script,LT-authored(AI pack)
BX-REP-E1-025,bank,how-do-organisms-reproduce,lazytopper/src/data/questionBanks/class10/science/how-do-organisms-reproduce.expand.caseE1.ts:534,header-or-source-text,"stem contains ""Answer:"": …'with how a mango tree spreads by seeds. Answer: (i) State one similarity between spores '…",low,script,LT-authored(AI pack)
BX-REP-E1-026,bank,how-do-organisms-reproduce,lazytopper/src/data/questionBanks/class10/science/how-do-organisms-reproduce.expand.caseE1.ts:557,header-or-source-text,"stem contains ""Answer:"": …'/wax and keeps it shaded for some days. Answer: (i) Why does he cover the graft union? ('…",low,script,LT-authored(AI pack)
BX-REP-E1-027,bank,how-do-organisms-reproduce,lazytopper/src/data/questionBanks/class10/science/how-do-organisms-reproduce.expand.caseE1.ts:580,header-or-source-text,"stem contains ""Answer:"": …'ater the flower begins to form a fruit. Answer: (i) Name this tube and state what it car'…",low,script,LT-authored(AI pack)
BX-REP-E1-028,bank,how-do-organisms-reproduce,lazytopper/src/data/questionBanks/class10/science/how-do-organisms-reproduce.expand.caseE1.ts:603,header-or-source-text,"stem contains ""Answer:"": …'and ripens into a pod containing seeds. Answer: (i) What does each ovule develop into? ('…",low,script,LT-authored(AI pack)
BX-REP-E1-029,bank,how-do-organisms-reproduce,lazytopper/src/data/questionBanks/class10/science/how-do-organisms-reproduce.expand.caseE1.ts:626,header-or-source-text,"stem contains ""Answer:"": …'irection with respect to its flagellum. Answer: (i) Name the mode of reproduction common'…",low,script,LT-authored(AI pack)
BX-REP-E1-030,bank,how-do-organisms-reproduce,lazytopper/src/data/questionBanks/class10/science/how-do-organisms-reproduce.expand.caseE1.ts:649,header-or-source-text,"stem contains ""Answer:"": …'a year from small pieces of its tissue. Answer: (i) Which technique does the lab use? (i'…",low,script,LT-authored(AI pack)
BX-REP-E1-031,bank,how-do-organisms-reproduce,lazytopper/src/data/questionBanks/class10/science/how-do-organisms-reproduce.expand.caseE1.ts:672,header-or-source-text,"stem contains ""Answer:"": …'h the same flower colour as the parent. Answer: (i) Name this method of propagation. (ii'…",low,script,LT-authored(AI pack)
BX-REP-E1-032,bank,how-do-organisms-reproduce,lazytopper/src/data/questionBanks/class10/science/how-do-organisms-reproduce.expand.caseE1.ts:695,header-or-source-text,"stem contains ""Answer:"": …'of female flowers at the water surface. Answer: (i) Name the pollinating agent in this c'…",low,script,LT-authored(AI pack)
BX-REP-E1-033,bank,how-do-organisms-reproduce,lazytopper/src/data/questionBanks/class10/science/how-do-organisms-reproduce.expand.caseE1.ts:718,header-or-source-text,"stem contains ""Answer:"": …'inging the seeds a short distance away. Answer: (i) Name this mode of seed dispersal. (i'…",low,script,LT-authored(AI pack)
BX-REP-E1-034,bank,how-do-organisms-reproduce,lazytopper/src/data/questionBanks/class10/science/how-do-organisms-reproduce.expand.caseE1.ts:741,header-or-source-text,"stem contains ""Answer:"": …'nd later drops the hard seeds far away. Answer: (i) Name the common dispersal agent for '…",low,script,LT-authored(AI pack)
BX-REP-E1-035,bank,how-do-organisms-reproduce,lazytopper/src/data/questionBanks/class10/science/how-do-organisms-reproduce.expand.caseE1.ts:764,header-or-source-text,"stem contains ""Answer:"": …'sease could wipe out the whole orchard. Answer: (i) State two advantages of vegetative p'…",low,script,LT-authored(AI pack)
S-REP-1,promptD,how-do-organisms-reproduce,lazytopper/src/data/promptDPracticePacks.ts:738,missing-answer,"promptD pack row has no answer / solutionSteps / marking scheme (schema: id,text,marks,difficulty,questionType)",medium,script,LT-authored(promptD)
S-REP-2,promptD,how-do-organisms-reproduce,lazytopper/src/data/promptDPracticePacks.ts:745,missing-answer,"promptD pack row has no answer / solutionSteps / marking scheme (schema: id,text,marks,difficulty,questionType)",medium,script,LT-authored(promptD)
S-REP-3,promptD,how-do-organisms-reproduce,lazytopper/src/data/promptDPracticePacks.ts:752,missing-answer,"promptD pack row has no answer / solutionSteps / marking scheme (schema: id,text,marks,difficulty,questionType)",medium,script,LT-authored(promptD)
S-REP-4,promptD,how-do-organisms-reproduce,lazytopper/src/data/promptDPracticePacks.ts:759,missing-answer,"promptD pack row has no answer / solutionSteps / marking scheme (schema: id,text,marks,difficulty,questionType)",medium,script,LT-authored(promptD)
S-REP-5,promptD,how-do-organisms-reproduce,lazytopper/src/data/promptDPracticePacks.ts:766,missing-answer,"promptD pack row has no answer / solutionSteps / marking scheme (schema: id,text,marks,difficulty,questionType)",medium,script,LT-authored(promptD)
S-REP-6,promptD,how-do-organisms-reproduce,lazytopper/src/data/promptDPracticePacks.ts:773,missing-answer,"promptD pack row has no answer / solutionSteps / marking scheme (schema: id,text,marks,difficulty,questionType)",medium,script,LT-authored(promptD)
S-REP-7,promptD,how-do-organisms-reproduce,lazytopper/src/data/promptDPracticePacks.ts:780,missing-answer,"promptD pack row has no answer / solutionSteps / marking scheme (schema: id,text,marks,difficulty,questionType)",medium,script,LT-authored(promptD)
S-REP-8,promptD,how-do-organisms-reproduce,lazytopper/src/data/promptDPracticePacks.ts:787,missing-answer,"promptD pack row has no answer / solutionSteps / marking scheme (schema: id,text,marks,difficulty,questionType)",medium,script,LT-authored(promptD)
sci-repr-comp-01,hpq,how-do-organisms-reproduce,lazytopper/src/data/hpqCompetencyAdditions.ts:583,missing-marking-scheme,written question with no solutionSteps,medium,script,LT-authored(hpq)
PYQ-S-REPR-006,bank,how-do-organisms-reproduce,lazytopper/src/data/questionBanks/class10/science/how-do-organisms-reproduce.pyq.ts:49,mojibake,"""'\uf09f'"" in …'he growth of Rhizopus.\nOR (c) \uf09f Spirogyra \uf09f Fragmentation – S'…",medium,script,official(pyq)
CFPQ-S-EYE-002,bank,human-eye-and-colourful-world,lazytopper/src/data/questionBanks/class10/science/human-eye-and-colourful-world.cfpq.ts:80,broken (solver),"Stem defines near/far points reversed (""far point and near point refer to objects close by and far away respectively"")",medium,agent:human-eye-and-colourful-world,official(cfpq)
EYE-EXMPLR-10-MCQ-003,bank,human-eye-and-colourful-world,lazytopper/src/data/questionBanks/class10/science/humanEye.exemplar.ts:30,broken (solver),"Stem depends on ""Figure 11.1"" (four prism orientations) that is neither shown nor described; options (i)-(iv) unanswerable",high,agent:human-eye-and-colourful-world,official(exemplar)
PYQ-S-2024-EYE-001,bank,human-eye-and-colourful-world,lazytopper/src/data/questionBanks/class10/science/humanEye.pyq2024.ts:12,broken (solver),finalAnswer and expl contain unrelated CBSE examiner-guideline text (evaluation hours / answer books per day),high,agent:human-eye-and-colourful-world,official(pyq2024)
PYQ-S-2025-EYE-003,bank,human-eye-and-colourful-world,lazytopper/src/data/questionBanks/class10/science/humanEye.pyq2025.ts:26,broken (solver),Stem has leftover mark '2'; steps omit (b) label and the OR (c)(ii) rainbow diagram; answer field is only a fragment of (c)(i),medium,agent:human-eye-and-colourful-world,official(pyq2025)
PYQ-S-2026-EYE-002,bank,human-eye-and-colourful-world,lazytopper/src/data/questionBanks/class10/science/humanEye.pyq2026.ts:19,broken (solver),"Stem garbled ('() () ,'), part (b) missing from stem, diagram needed but not described; answer field is fragment 'become too small.'",high,agent:human-eye-and-colourful-world,official(pyq2026)
SCO-S-EYE-007,bank,human-eye-and-colourful-world,lazytopper/src/data/questionBanks/class10/science/human-eye-and-colourful-world.chapterwise.ts:60,broken (solver),Stem depends on missing figure of prism orientations; options (I)-(IV) unanswerable; expl garbled,high,agent:human-eye-and-colourful-world,transcribed-third-party(chapterwise)
SCO-S-EYE-008,bank,human-eye-and-colourful-world,lazytopper/src/data/questionBanks/class10/science/human-eye-and-colourful-world.chapterwise.ts:68,broken (solver),Leftover page header 'Chap 11 : Human Eye and The Colorful World' in stem; degree symbol garbled as 'c' (60c); figure missing; asks two angles but options give one,high,agent:human-eye-and-colourful-world,transcribed-third-party(chapterwise)
SCO-S-EYE-010,bank,human-eye-and-colourful-world,lazytopper/src/data/questionBanks/class10/science/human-eye-and-colourful-world.chapterwise.ts:84,broken (solver),"Options garbled ('.2 3c', '.4 3c'...) - degree/decimal mangled",high,agent:human-eye-and-colourful-world,transcribed-third-party(chapterwise)
SCO-S-EYE-011,bank,human-eye-and-colourful-world,lazytopper/src/data/questionBanks/class10/science/human-eye-and-colourful-world.chapterwise.ts:92,broken (solver),Option truncated: 'Must get mixed up with some ot',high,agent:human-eye-and-colourful-world,transcribed-third-party(chapterwise)
SCO-S-EYE-015,bank,human-eye-and-colourful-world,lazytopper/src/data/questionBanks/class10/science/human-eye-and-colourful-world.chapterwise.ts:124,broken (solver),"Options garbled ('50 +', '2 -'); sign order inverted and unit D missing",high,agent:human-eye-and-colourful-world,transcribed-third-party(chapterwise)
SCQ-S-EYE-029,bank,human-eye-and-colourful-world,lazytopper/src/data/questionBanks/class10/science/human-eye-and-colourful-world.chapterwise.ts:220,broken (solver),Answer/lastStep garbled: 'f P m 1 0 5 1 = =+ or f 2 =+ m',high,agent:human-eye-and-colourful-world,transcribed-third-party(chapterwise)
CBE-S-HEYE-E-001,bank,human-eye-and-colourful-world,lazytopper/src/data/questionBanks/class10/science/human-eye-and-colourful-world.cbe.ts:118,case-missing-subparts,case/Section-E row with no (i)/(ii)/(iii) sub-questions in stem,high,script,official(cbe)
CBE-S-HEYE-E-002,bank,human-eye-and-colourful-world,lazytopper/src/data/questionBanks/class10/science/human-eye-and-colourful-world.cbe.ts:142,case-missing-subparts,case/Section-E row with no (i)/(ii)/(iii) sub-questions in stem,high,script,official(cbe)
HEC2-022,bank,human-eye-and-colourful-world,lazytopper/src/data/questionBanks/class10/science/humanEyeAndColourfulWorld.pack2.ts:632,case-missing-subparts,case/Section-E row with no (i)/(ii)/(iii) sub-questions in stem,high,script,LT-authored(AI pack)
SQP-S-2023-HEYE-E-001,bank,human-eye-and-colourful-world,lazytopper/src/data/questionBanks/class10/science/human-eye-and-colourful-world.sp.ts:30,case-missing-subparts,case/Section-E row with no (i)/(ii)/(iii) sub-questions in stem,high,script,official(sp)
CFPQ-S-EYE-010,bank,human-eye-and-colourful-world,lazytopper/src/data/questionBanks/class10/science/human-eye-and-colourful-world.cfpq.ts:285,figure-missing,"stem says ""as shown""; no figure bound in data/figures/* (getFiguresForQuestion returns []); diagramDescription present but not rendered",high,script,official(cfpq)
PYQ-S-EYE-003,bank,human-eye-and-colourful-world,lazytopper/src/data/questionBanks/class10/science/human-eye-and-colourful-world.pyq.ts:25,header-or-source-text,"stem contains ""SECTION – D"": …'belled diagram to show its formation. 3 SECTION – D (Long Answer Questions)'…",high,script,official(pyq)
SQP-S-2023-HEYE-E-001,bank,human-eye-and-colourful-world,lazytopper/src/data/questionBanks/class10/science/human-eye-and-colourful-world.sp.ts:30,header-or-source-text,"stem contains ""Answer:"": …' the most on passing through the prism. Answer: a. What will happen when a red-coloured '…",low,script,official(sp)
S-EYE-1,promptD,human-eye-and-colourful-world,lazytopper/src/data/promptDPracticePacks.ts:1002,missing-answer,"promptD pack row has no answer / solutionSteps / marking scheme (schema: id,text,marks,difficulty,questionType)",medium,script,LT-authored(promptD)
S-EYE-10,promptD,human-eye-and-colourful-world,lazytopper/src/data/promptDPracticePacks.ts:1058,missing-answer,"promptD pack row has no answer / solutionSteps / marking scheme (schema: id,text,marks,difficulty,questionType)",medium,script,LT-authored(promptD)
S-EYE-2,promptD,human-eye-and-colourful-world,lazytopper/src/data/promptDPracticePacks.ts:1009,missing-answer,"promptD pack row has no answer / solutionSteps / marking scheme (schema: id,text,marks,difficulty,questionType)",medium,script,LT-authored(promptD)
S-EYE-3,promptD,human-eye-and-colourful-world,lazytopper/src/data/promptDPracticePacks.ts:1016,missing-answer,"promptD pack row has no answer / solutionSteps / marking scheme (schema: id,text,marks,difficulty,questionType)",medium,script,LT-authored(promptD)
S-EYE-4,promptD,human-eye-and-colourful-world,lazytopper/src/data/promptDPracticePacks.ts:1023,missing-answer,"promptD pack row has no answer / solutionSteps / marking scheme (schema: id,text,marks,difficulty,questionType)",medium,script,LT-authored(promptD)
S-EYE-5,promptD,human-eye-and-colourful-world,lazytopper/src/data/promptDPracticePacks.ts:1030,missing-answer,"promptD pack row has no answer / solutionSteps / marking scheme (schema: id,text,marks,difficulty,questionType)",medium,script,LT-authored(promptD)
S-EYE-7,promptD,human-eye-and-colourful-world,lazytopper/src/data/promptDPracticePacks.ts:1037,missing-answer,"promptD pack row has no answer / solutionSteps / marking scheme (schema: id,text,marks,difficulty,questionType)",medium,script,LT-authored(promptD)
S-EYE-8,promptD,human-eye-and-colourful-world,lazytopper/src/data/promptDPracticePacks.ts:1044,missing-answer,"promptD pack row has no answer / solutionSteps / marking scheme (schema: id,text,marks,difficulty,questionType)",medium,script,LT-authored(promptD)
S-EYE-9,promptD,human-eye-and-colourful-world,lazytopper/src/data/promptDPracticePacks.ts:1051,missing-answer,"promptD pack row has no answer / solutionSteps / marking scheme (schema: id,text,marks,difficulty,questionType)",medium,script,LT-authored(promptD)
sci-eye-comp-01,hpq,human-eye-and-colourful-world,lazytopper/src/data/hpqCompetencyAdditions.ts:525,missing-marking-scheme,written question with no solutionSteps,medium,script,LT-authored(hpq)
APQ-S-LIFE-002,bank,life-processes,lazytopper/src/data/questionBanks/class10/science/life-processes.additionalPQ.ts:24,broken (solver),"Options are graphs P/Q/R/S; graphs not described, question unanswerable without figure.",high,agent:life-processes,official(additionalPQ)
APQ-S-LIFE-012,bank,life-processes,lazytopper/src/data/questionBanks/class10/science/life-processes.additionalPQ.ts:128,broken (solver),Answer depends on chamber numbers 6-9 and structure 12 of a heart diagram that is not provided/described.,medium,agent:life-processes,official(additionalPQ)
CFPQ-S-LIFE-004,bank,life-processes,lazytopper/src/data/questionBanks/class10/science/life-processes.cfpq.ts:126,broken (solver),"Needs nephron diagram with labels P/Q/R/S; not provided, so filtration/reabsorption sites cannot be identified.",high,agent:life-processes,official(cfpq)
LIFE-EXMPLR-5-LONG-001,bank,life-processes,lazytopper/src/data/questionBanks/class10/science/lifeProcesses.exemplar.ts:448,broken (solver),"Answer text truncated mid-word (""for energy, g""); 6th step is filler restating the steps for 1 mark.",medium,agent:life-processes,official(exemplar)
PYQ-S-2024-LIFEP-001,bank,life-processes,lazytopper/src/data/questionBanks/class10/science/lifeProcesses.pyq2024.ts:12,broken (solver),"finalAnswer contains evaluator-instruction boilerplate (""Evaluators will mark ..."") instead of the answer.",high,agent:life-processes,official(pyq2024)
PYQ-S-2024-LIFEP-003,bank,life-processes,lazytopper/src/data/questionBanks/class10/science/lifeProcesses.pyq2024.ts:28,broken (solver),finalAnswer contains evaluator-instruction boilerplate instead of the answer.,high,agent:life-processes,official(pyq2024)
PYQ-S-2024-LIFEP-004,bank,life-processes,lazytopper/src/data/questionBanks/class10/science/lifeProcesses.pyq2024.ts:36,broken (solver),"finalAnswer contains marking-scheme page residue (""If a question does not have any parts... X science 31/5/1 Page 2"").",high,agent:life-processes,official(pyq2024)
PYQ-S-2024-LIFEP-005,bank,life-processes,lazytopper/src/data/questionBanks/class10/science/lifeProcesses.pyq2024.ts:44,broken (solver),OR-alternatives (a) and (b) merged into one question; answer field holds only the last fragment of (b); steps for (a) total 1 mark of 2.,high,agent:life-processes,official(pyq2024)
PYQ-S-2026-LIFEP-003,bank,life-processes,lazytopper/src/data/questionBanks/class10/science/lifeProcesses.pyq2026.ts:27,broken (solver),"Characteristics table flattened into stem (""Location Condition End Product Characteristic (i)...""); readable but garbled.",uncertain,agent:life-processes,official(pyq2026)
PYQ-S-2026-LIFEP-005,bank,life-processes,lazytopper/src/data/questionBanks/class10/science/lifeProcesses.pyq2026.ts:43,broken (solver),"Stray mark figure ""1"" left in stem (""...leaves of plants. 1 Select the correct option"").",medium,agent:life-processes,official(pyq2026)
PYQ-S-LIFE-002,bank,life-processes,lazytopper/src/data/questionBanks/class10/science/life-processes.pyq.ts:19,broken (solver),"Needs diagram with cells I-IV (not provided); option (d) garbled ""II I II III IV"".",high,agent:life-processes,official(pyq)
PYQ-S-LIFE-005,bank,life-processes,lazytopper/src/data/questionBanks/class10/science/life-processes.pyq.ts:43,broken (solver),"finalAnswer field is marking-scheme residue ""b) 1 1"".",high,agent:life-processes,official(pyq)
PYQ-S-LIFE-006,bank,life-processes,lazytopper/src/data/questionBanks/class10/science/life-processes.pyq.ts:51,broken (solver),"finalAnswer field is marking-scheme residue ""b) 1 1"".",high,agent:life-processes,official(pyq)
PYQ-S-LIFE-007,bank,life-processes,lazytopper/src/data/questionBanks/class10/science/life-processes.pyq.ts:59,broken (solver),"finalAnswer field is marking-scheme residue ""c) 1 1"".",high,agent:life-processes,official(pyq)
SCO-S-LIFE-003,bank,life-processes,lazytopper/src/data/questionBanks/class10/science/life-processes.chapterwise.ts:28,broken (solver),Stem references a leaf-cell diagram with numbered cells 1-4; diagram not provided/described.,high,agent:life-processes,transcribed-third-party(chapterwise)
SCO-S-LIFE-008,bank,life-processes,lazytopper/src/data/questionBanks/class10/science/life-processes.chapterwise.ts:68,broken (solver),"Option (b) and key contain leftover watermark text ""CBSE Objective Questions Exam 2019-2020 visit or whatsapp at 8905629969 Chap 6 : Life Process"".",high,agent:life-processes,transcribed-third-party(chapterwise)
SCO-S-LIFE-009,bank,life-processes,lazytopper/src/data/questionBanks/class10/science/life-processes.chapterwise.ts:76,broken (solver),"Depends on a destarched-leaf diagram (regions Q and R) not described; stem ends with stray ""Q R"" table header.",high,agent:life-processes,transcribed-third-party(chapterwise)
SCO-S-LIFE-011,bank,life-processes,lazytopper/src/data/questionBanks/class10/science/life-processes.chapterwise.ts:92,broken (solver),"Asks role of structure ""X"" in a small-intestine diagram that is not provided.",medium,agent:life-processes,transcribed-third-party(chapterwise)
SCO-S-LIFE-014,bank,life-processes,lazytopper/src/data/questionBanks/class10/science/life-processes.chapterwise.ts:116,broken (solver),"Table headers ""Leaving the Stomach / Leaving the Small Intestine"" flattened into stem; option columns merged into single strings.",medium,agent:life-processes,transcribed-third-party(chapterwise)
SCO-S-LIFE-015,bank,life-processes,lazytopper/src/data/questionBanks/class10/science/life-processes.chapterwise.ts:124,broken (solver),"Table headers ""Used up / Produced / Remain Unchanged"" flattened into stem; option columns merged.",medium,agent:life-processes,transcribed-third-party(chapterwise)
SCO-S-LIFE-020,bank,life-processes,lazytopper/src/data/questionBanks/class10/science/life-processes.chapterwise.ts:164,broken (solver),"Garbled stem ""What are , , W X Y and Z ? Bronchus Bronchiole Larynx Trachea"" and needs a diagram that is not provided.",high,agent:life-processes,transcribed-third-party(chapterwise)
SCQ-S-LIFE-032,bank,life-processes,lazytopper/src/data/questionBanks/class10/science/life-processes.chapterwise.ts:238,broken (solver),"Answer/step begins with source tag ""[All India 2017]""; single 2-mark step with no split.",medium,agent:life-processes,transcribed-third-party(chapterwise)
SCQ-S-LIFE-035,bank,life-processes,lazytopper/src/data/questionBanks/class10/science/life-processes.chapterwise.ts:256,broken (solver),"Answer truncated (""...regulated by a. The amount of excess water. b.""); single 3-mark step - no step-marking split.",high,agent:life-processes,transcribed-third-party(chapterwise)
CBE-S-LIFE-E-001,bank,life-processes,lazytopper/src/data/questionBanks/class10/science/life-processes.cbe.ts:245,case-missing-subparts,case/Section-E row with no (i)/(ii)/(iii) sub-questions in stem,high,script,official(cbe)
CBE-S-LIFE-E-002,bank,life-processes,lazytopper/src/data/questionBanks/class10/science/life-processes.cbe.ts:267,case-missing-subparts,case/Section-E row with no (i)/(ii)/(iii) sub-questions in stem,high,script,official(cbe)
LPSD-009,bank,life-processes,lazytopper/src/data/questionBanks/class10/science/lifeProcesses.scarceD.ts:203,figure-missing,requiresDiagram=true; no figure bound in data/figures/* (getFiguresForQuestion returns []); diagramDescription present but not rendered,high,script,LT-authored(AI pack)
LPSD-018,bank,life-processes,lazytopper/src/data/questionBanks/class10/science/lifeProcesses.scarceD.ts:420,figure-missing,requiresDiagram=true; no figure bound in data/figures/* (getFiguresForQuestion returns []); diagramDescription present but not rendered,high,script,LT-authored(AI pack)
SCQ-S-LIFE-025,bank,life-processes,lazytopper/src/data/questionBanks/class10/science/life-processes.chapterwise.ts:196,header-or-source-text,"stem contains ""CBSE 2011"": …'gus different from that in a tapeworm? [CBSE 2011 C]'…",low,script,transcribed-third-party(chapterwise)
SCQ-S-LIFE-037,bank,life-processes,lazytopper/src/data/questionBanks/class10/science/life-processes.chapterwise.ts:268,header-or-source-text,"stem contains ""CBSE 2016"": …'n human being? b. What is haemoglobin? [CBSE 2016-17]'…",low,script,transcribed-third-party(chapterwise)
SCQ-S-LIFE-040,bank,life-processes,lazytopper/src/data/questionBanks/class10/science/life-processes.chapterwise.ts:292,header-or-source-text,"stem contains ""CBSE 2016"": …'on dioxide transported in human being? [CBSE 2016] or How is oxygen and carbon dioxide tr'…",low,script,transcribed-third-party(chapterwise)
S-LIFE-1,promptD,life-processes,lazytopper/src/data/promptDPracticePacks.ts:453,missing-answer,"promptD pack row has no answer / solutionSteps / marking scheme (schema: id,text,marks,difficulty,questionType)",medium,script,LT-authored(promptD)
S-LIFE-10,promptD,life-processes,lazytopper/src/data/promptDPracticePacks.ts:516,missing-answer,"promptD pack row has no answer / solutionSteps / marking scheme (schema: id,text,marks,difficulty,questionType)",medium,script,LT-authored(promptD)
S-LIFE-2,promptD,life-processes,lazytopper/src/data/promptDPracticePacks.ts:460,missing-answer,"promptD pack row has no answer / solutionSteps / marking scheme (schema: id,text,marks,difficulty,questionType)",medium,script,LT-authored(promptD)
S-LIFE-3,promptD,life-processes,lazytopper/src/data/promptDPracticePacks.ts:467,missing-answer,"promptD pack row has no answer / solutionSteps / marking scheme (schema: id,text,marks,difficulty,questionType)",medium,script,LT-authored(promptD)
S-LIFE-4,promptD,life-processes,lazytopper/src/data/promptDPracticePacks.ts:474,missing-answer,"promptD pack row has no answer / solutionSteps / marking scheme (schema: id,text,marks,difficulty,questionType)",medium,script,LT-authored(promptD)
S-LIFE-5,promptD,life-processes,lazytopper/src/data/promptDPracticePacks.ts:481,missing-answer,"promptD pack row has no answer / solutionSteps / marking scheme (schema: id,text,marks,difficulty,questionType)",medium,script,LT-authored(promptD)
S-LIFE-6,promptD,life-processes,lazytopper/src/data/promptDPracticePacks.ts:488,missing-answer,"promptD pack row has no answer / solutionSteps / marking scheme (schema: id,text,marks,difficulty,questionType)",medium,script,LT-authored(promptD)
S-LIFE-7,promptD,life-processes,lazytopper/src/data/promptDPracticePacks.ts:495,missing-answer,"promptD pack row has no answer / solutionSteps / marking scheme (schema: id,text,marks,difficulty,questionType)",medium,script,LT-authored(promptD)
S-LIFE-8,promptD,life-processes,lazytopper/src/data/promptDPracticePacks.ts:502,missing-answer,"promptD pack row has no answer / solutionSteps / marking scheme (schema: id,text,marks,difficulty,questionType)",medium,script,LT-authored(promptD)
S-LIFE-9,promptD,life-processes,lazytopper/src/data/promptDPracticePacks.ts:509,missing-answer,"promptD pack row has no answer / solutionSteps / marking scheme (schema: id,text,marks,difficulty,questionType)",medium,script,LT-authored(promptD)
sci-lp-comp-03,hpq,life-processes,lazytopper/src/data/hpqCompetencyAdditions.ts:1281,missing-marking-scheme,written question with no solutionSteps,medium,script,LT-authored(hpq)
CBE-S-LGHT-A-003,bank,light-reflection-and-refraction,lazytopper/src/data/questionBanks/class10/science/light-reflection-and-refraction.cbe.ts:50,broken (solver),"Stem depends on ""Two lenses are shown"" which is not included/described; options cannot be resolved from text",high,agent:light-1,official(cbe)
CFPQ-S-LGHT-006,bank,light-reflection-and-refraction,lazytopper/src/data/questionBanks/class10/science/light-reflection-and-refraction.cfpq-sqp25.ts:69,broken (solver),Answer depends on a four ray diagrams 1-4 that is not present/described in the stem or options; unanswerable as served text-only,medium,agent:light-2,official(cfpq-sqp25)
FND-L-BD-01,bank,light-reflection-and-refraction,lazytopper/src/data/questionBanks/class10/science/light-reflection-and-refraction.fnd.ts:1931,broken (solver),"Answer depends on a ray diagram (""The image shows..."", object position) that is not present/described in the stem or options; unanswerable as served text-only",medium,agent:light-2,transcribed-third-party(fnd)
FND-L-QB-002,bank,light-reflection-and-refraction,lazytopper/src/data/questionBanks/class10/science/light-reflection-and-refraction.fnd.ts:27,broken (solver),Stem depends on diagram of device X which is not included/described; options cannot be resolved from text,high,agent:light-1,transcribed-third-party(fnd)
FND-L-QB-004,bank,light-reflection-and-refraction,lazytopper/src/data/questionBanks/class10/science/light-reflection-and-refraction.fnd.ts:45,broken (solver),Stem depends on object shape and options A-D which is not included/described; options cannot be resolved from text,high,agent:light-1,transcribed-third-party(fnd)
FND-L-QB-025,bank,light-reflection-and-refraction,lazytopper/src/data/questionBanks/class10/science/light-reflection-and-refraction.fnd.ts:167,broken (solver),Stem depends on rays I-IV which is not included/described; options cannot be resolved from text,high,agent:light-1,transcribed-third-party(fnd)
FND-L-QB-029,bank,light-reflection-and-refraction,lazytopper/src/data/questionBanks/class10/science/light-reflection-and-refraction.fnd.ts:193,broken (solver),"Stem depends on set-ups P, Q, R, S which is not included/described; options cannot be resolved from text",high,agent:light-1,transcribed-third-party(fnd)
FND-L-QB-030,bank,light-reflection-and-refraction,lazytopper/src/data/questionBanks/class10/science/light-reflection-and-refraction.fnd.ts:203,broken (solver),Stem depends on box diagram which is not included/described; options cannot be resolved from text,high,agent:light-1,transcribed-third-party(fnd)
FND-L-QB-042,bank,light-reflection-and-refraction,lazytopper/src/data/questionBanks/class10/science/light-reflection-and-refraction.fnd.ts:277,broken (solver),Stem depends on diagrams I-IV which is not included/described; options cannot be resolved from text,high,agent:light-1,transcribed-third-party(fnd)
FND-L-QB-043,bank,light-reflection-and-refraction,lazytopper/src/data/questionBanks/class10/science/light-reflection-and-refraction.fnd.ts:287,broken (solver),Stem depends on box figure which is not included/described; options cannot be resolved from text,high,agent:light-1,transcribed-third-party(fnd)
FND-L-QB-057,bank,light-reflection-and-refraction,lazytopper/src/data/questionBanks/class10/science/light-reflection-and-refraction.fnd.ts:353,broken (solver),Stem depends on diagram with angles 1-4 which is not included/described; options cannot be resolved from text,high,agent:light-1,transcribed-third-party(fnd)
FND-L-QB-086,bank,light-reflection-and-refraction,lazytopper/src/data/questionBanks/class10/science/light-reflection-and-refraction.fnd.ts:531,broken (solver),Answer depends on a figure (labels AB/PQ/CD/PR) that is not present/described in the stem or options; unanswerable as served text-only,medium,agent:light-2,transcribed-third-party(fnd)
FND-L-QB-090,bank,light-reflection-and-refraction,lazytopper/src/data/questionBanks/class10/science/light-reflection-and-refraction.fnd.ts:557,broken (solver),"Answer depends on a figure (device X, rays through vs reflected) that is not present/described in the stem or options; unanswerable as served text-only; without it concave mirror f=40 cm is equally valid",medium,agent:light-2,transcribed-third-party(fnd)
FND-L-QB-093,bank,light-reflection-and-refraction,lazytopper/src/data/questionBanks/class10/science/light-reflection-and-refraction.fnd.ts:583,broken (solver),Answer depends on a flag shape and Shapes (A)-(D) that is not present/described in the stem or options; unanswerable as served text-only,medium,agent:light-2,transcribed-third-party(fnd)
FND-L-QB-098,bank,light-reflection-and-refraction,lazytopper/src/data/questionBanks/class10/science/light-reflection-and-refraction.fnd.ts:609,broken (solver),Answer depends on a set-ups I-IV that is not present/described in the stem or options; unanswerable as served text-only,medium,agent:light-2,transcribed-third-party(fnd)
FND-L-QB-106,bank,light-reflection-and-refraction,lazytopper/src/data/questionBanks/class10/science/light-reflection-and-refraction.fnd.ts:647,broken (solver),Answer depends on a labelled trace 1-4 that is not present/described in the stem or options; unanswerable as served text-only,medium,agent:light-2,transcribed-third-party(fnd)
FND-L-QB-107,bank,light-reflection-and-refraction,lazytopper/src/data/questionBanks/class10/science/light-reflection-and-refraction.fnd.ts:655,broken (solver),Answer depends on a marked angles diagram that is not present/described in the stem or options; unanswerable as served text-only,medium,agent:light-2,transcribed-third-party(fnd)
FND-L-QB-150,bank,light-reflection-and-refraction,lazytopper/src/data/questionBanks/class10/science/light-reflection-and-refraction.fnd.ts:2010,broken (solver),Answer depends on a prism diagram with marked angles that is not present/described in the stem or options; unanswerable as served text-only,medium,agent:light-2,transcribed-third-party(fnd)
FND-L-QB-157,bank,light-reflection-and-refraction,lazytopper/src/data/questionBanks/class10/science/light-reflection-and-refraction.fnd.ts:855,broken (solver),Answer depends on a ray diagrams of devices X and Y that is not present/described in the stem or options; unanswerable as served text-only,medium,agent:light-2,transcribed-third-party(fnd)
FND-L-QB-160,bank,light-reflection-and-refraction,lazytopper/src/data/questionBanks/class10/science/light-reflection-and-refraction.fnd.ts:2024,broken (solver),Answer depends on a prism diagram with marked angles that is not present/described in the stem or options; unanswerable as served text-only,medium,agent:light-2,transcribed-third-party(fnd)
FND-L-QB-171,bank,light-reflection-and-refraction,lazytopper/src/data/questionBanks/class10/science/light-reflection-and-refraction.fnd.ts:2032,broken (solver),Answer depends on a prism diagram with marked angles that is not present/described in the stem or options; unanswerable as served text-only,medium,agent:light-2,transcribed-third-party(fnd)
LIGHT-EXMPLR-9-MCQ-005,bank,light-reflection-and-refraction,lazytopper/src/data/questionBanks/class10/science/light.exemplar.ts:43,broken (solver),Stem depends on Figure 10.2 which is not included/described; options cannot be resolved from text,high,agent:light-1,official(exemplar)
LIGHT-EXMPLR-9-MCQ-006,bank,light-reflection-and-refraction,lazytopper/src/data/questionBanks/class10/science/light.exemplar.ts:53,broken (solver),Stem depends on Figure 10.3 which is not included/described; options cannot be resolved from text,high,agent:light-1,official(exemplar)
LIGHT-EXMPLR-9-MCQ-007,bank,light-reflection-and-refraction,lazytopper/src/data/questionBanks/class10/science/light.exemplar.ts:63,broken (solver),Stem depends on Figure 10.4 which is not included/described; options cannot be resolved from text,high,agent:light-1,official(exemplar)
LIGHT-EXMPLR-9-MCQ-014,bank,light-reflection-and-refraction,lazytopper/src/data/questionBanks/class10/science/light.exemplar.ts:115,broken (solver),Stem depends on Figure 10.5 (paths A-D) which is not included/described; options cannot be resolved from text,high,agent:light-1,official(exemplar)
LIGHT-EXMPLR-9-MCQ-016,bank,light-reflection-and-refraction,lazytopper/src/data/questionBanks/class10/science/light.exemplar.ts:132,broken (solver),Stem depends on Figure 10.6 (Figs A-D) which is not included/described; options cannot be resolved from text,high,agent:light-1,official(exemplar)
LIGHT-EXMPLR-9-MCQ-017,bank,light-reflection-and-refraction,lazytopper/src/data/questionBanks/class10/science/light.exemplar.ts:142,broken (solver),Stem depends on Fig. 10.7 (Figs A-D) which is not included/described; options cannot be resolved from text,high,agent:light-1,official(exemplar)
LIGHT-NCERT-9-SA-008,bank,light-reflection-and-refraction,lazytopper/src/data/questionBanks/class10/science/light.ncert.ts:89,broken (solver),"Refers to ""Table 9.3"" which is not provided in the stem",medium,agent:light-1,official(ncert)
PYQ-S-2024-LIGHT-006,bank,light-reflection-and-refraction,lazytopper/src/data/questionBanks/class10/science/lightReflection.pyq2024.ts:50,broken (solver),"Answer math garbled (""P = 1 f = 100 50 = 2 D"")",medium,agent:light-1,official(pyq2024)
PYQ-S-2024-LIGHT-009,bank,light-reflection-and-refraction,lazytopper/src/data/questionBanks/class10/science/lightReflection.pyq2024.ts:71,broken (solver),"Leftover page artifact ""5 22 >"" at end of stem",high,agent:light-1,official(pyq2024)
PYQ-S-2025-LIGHT-005,bank,light-reflection-and-refraction,lazytopper/src/data/questionBanks/class10/science/lightReflection.pyq2025.ts:43,broken (solver),"Stem depends on ""given figure"" (angles 1-7) which is not included/described; options cannot be resolved from text",high,agent:light-1,official(pyq2025)
PYQ-S-2025-LIGHT-010,bank,light-reflection-and-refraction,lazytopper/src/data/questionBanks/class10/science/lightReflection.pyq2025.ts:82,broken (solver),"Answer math is PDF-garbled and drops the sign: shows ""v = 60 cm""",medium,agent:light-1,official(pyq2025)
PYQ-S-2025-LIGHT-011,bank,light-reflection-and-refraction,lazytopper/src/data/questionBanks/class10/science/lightReflection.pyq2025.ts:89,broken (solver),Answer math is PDF-garbled (1 f= 1 v+ 1 u ...),medium,agent:light-1,official(pyq2025)
PYQ-S-2025-LIGHT-019,bank,light-reflection-and-refraction,lazytopper/src/data/questionBanks/class10/science/lightReflection.pyq2025.ts:145,broken (solver),Answer covers only part (iii); parts (i) and (ii) have no answer/steps,medium,agent:light-1,official(pyq2025)
PYQ-S-2026-LIGHT-004,bank,light-reflection-and-refraction,lazytopper/src/data/questionBanks/class10/science/lightReflection.pyq2026.ts:35,broken (solver),"Root sign lost (""Given that 3 = 1.732""; stray ""2"" marks number) and stem depends on an undescribed ray diagram",high,agent:light-1,official(pyq2026)
PYQ-S-2026-LIGHT-006,bank,light-reflection-and-refraction,lazytopper/src/data/questionBanks/class10/science/lightReflection.pyq2026.ts:49,broken (solver),"Stem depends on ""above given ray diagram"" which is not included/described; options cannot be resolved from text",high,agent:light-1,official(pyq2026)
PYQ-S-2026-LIGHT-006,bank,light-reflection-and-refraction,lazytopper/src/data/questionBanks/class10/science/lightReflection.pyq2026.ts:49,broken (solver),"Root sign lost (""refractive index ... is 3"" should be sqrt3); diagram not described",high,agent:light-1,official(pyq2026)
PYQ-S-LIGHT-004,bank,light-reflection-and-refraction,lazytopper/src/data/questionBanks/class10/science/light-reflection-and-refraction.pyq.ts:33,broken (solver),"OR(b) stem says focal length 10 cm (minus sign lost) yet answer says concave, -10 D; answer only covers OR part and is garbled (P = 1 f(m)...); part (a) answer missing",high,agent:light-1,official(pyq)
PYQ-S-LIGHT-009,bank,light-reflection-and-refraction,lazytopper/src/data/questionBanks/class10/science/light-reflection-and-refraction.pyq.ts:68,broken (solver),Answer text is PDF-garbled (v 1 - u 1 = f 1 ... 360 38 -); fractions unreadable,high,agent:light-1,official(pyq)
SCO-S-LIGHT-005,bank,light-reflection-and-refraction,lazytopper/src/data/questionBanks/class10/science/light-reflection-and-refraction.chapterwise.ts:44,broken (solver),"Stem depends on ""from the diagram"" which is not included/described; options cannot be resolved from text",high,agent:light-1,transcribed-third-party(chapterwise)
SQP-S-LIGHT-004,bank,light-reflection-and-refraction,lazytopper/src/data/questionBanks/class10/science/light-reflection-and-refraction.sqp.ts:77,broken (solver),"Main part depends on ""the image shows a thin lens"" figure not described (part (i) asks kind of lens)",uncertain,agent:light-1,official(sqp)
CBE-S-LGHT-E-001,bank,light-reflection-and-refraction,lazytopper/src/data/questionBanks/class10/science/light-reflection-and-refraction.cbe.ts:471,case-missing-subparts,case/Section-E row with no (i)/(ii)/(iii) sub-questions in stem,high,script,official(cbe)
SQP-S-2025-LGHT-038,bank,light-reflection-and-refraction,lazytopper/src/data/questionBanks/class10/science/light-reflection-and-refraction.cfpq-sqp25.ts:223,case-missing-subparts,case/Section-E row with no (i)/(ii)/(iii) sub-questions in stem,high,script,official(cfpq-sqp25)
FND-L-QB-004,bank,light-reflection-and-refraction,lazytopper/src/data/questionBanks/class10/science/light-reflection-and-refraction.fnd.ts:45,empty-option,"options [0, 1, 2, 3] are bare labels/empty (option content missing): ['A', 'B', 'C', 'D']",high,script,transcribed-third-party(fnd)
FND-L-QB-120,bank,light-reflection-and-refraction,lazytopper/src/data/questionBanks/class10/science/light-reflection-and-refraction.fnd.ts:699,empty-option,"options [0, 1, 2, 3] are bare labels/empty (option content missing): ['A', 'B', 'C', 'D']",high,script,transcribed-third-party(fnd)
FND-L-SPM-037,bank,light-reflection-and-refraction,lazytopper/src/data/questionBanks/class10/science/light-reflection-and-refraction.fnd.ts:1363,empty-option,"options [0, 1, 2, 3] are bare labels/empty (option content missing): ['A', 'B', 'C', 'D']",high,script,transcribed-third-party(fnd)
LIGHT-EXMPLR-9-MCQ-014,bank,light-reflection-and-refraction,lazytopper/src/data/questionBanks/class10/science/light.exemplar.ts:115,empty-option,"options [0, 1, 2, 3] are bare labels/empty (option content missing): ['A', 'B', 'C', 'D']",high,script,official(exemplar)
PYQ-S-2024-LIGHT-009,bank,light-reflection-and-refraction,lazytopper/src/data/questionBanks/class10/science/lightReflection.pyq2024.ts:71,figure-missing,"stem says ""in the diagram""; no figure bound in data/figures/* (getFiguresForQuestion returns [])",high,script,official(pyq2024)
PYQ-S-2025-LIGHT-005,bank,light-reflection-and-refraction,lazytopper/src/data/questionBanks/class10/science/lightReflection.pyq2025.ts:43,figure-missing,"stem says ""In the given figure""; no figure bound in data/figures/* (getFiguresForQuestion returns [])",high,script,official(pyq2025)
PYQ-S-2026-LIGHT-007,bank,light-reflection-and-refraction,lazytopper/src/data/questionBanks/class10/science/lightReflection.pyq2026.ts:56,figure-missing,"stem says ""as shown""; no figure bound in data/figures/* (getFiguresForQuestion returns [])",high,script,official(pyq2026)
S-LIGHT-1,promptD,light-reflection-and-refraction,lazytopper/src/data/promptDPracticePacks.ts:907,missing-answer,"promptD pack row has no answer / solutionSteps / marking scheme (schema: id,text,marks,difficulty,questionType)",medium,script,LT-authored(promptD)
S-LIGHT-10,promptD,light-reflection-and-refraction,lazytopper/src/data/promptDPracticePacks.ts:970,missing-answer,"promptD pack row has no answer / solutionSteps / marking scheme (schema: id,text,marks,difficulty,questionType)",medium,script,LT-authored(promptD)
S-LIGHT-2,promptD,light-reflection-and-refraction,lazytopper/src/data/promptDPracticePacks.ts:914,missing-answer,"promptD pack row has no answer / solutionSteps / marking scheme (schema: id,text,marks,difficulty,questionType)",medium,script,LT-authored(promptD)
S-LIGHT-3,promptD,light-reflection-and-refraction,lazytopper/src/data/promptDPracticePacks.ts:921,missing-answer,"promptD pack row has no answer / solutionSteps / marking scheme (schema: id,text,marks,difficulty,questionType)",medium,script,LT-authored(promptD)
S-LIGHT-4,promptD,light-reflection-and-refraction,lazytopper/src/data/promptDPracticePacks.ts:928,missing-answer,"promptD pack row has no answer / solutionSteps / marking scheme (schema: id,text,marks,difficulty,questionType)",medium,script,LT-authored(promptD)
S-LIGHT-5,promptD,light-reflection-and-refraction,lazytopper/src/data/promptDPracticePacks.ts:935,missing-answer,"promptD pack row has no answer / solutionSteps / marking scheme (schema: id,text,marks,difficulty,questionType)",medium,script,LT-authored(promptD)
S-LIGHT-6,promptD,light-reflection-and-refraction,lazytopper/src/data/promptDPracticePacks.ts:942,missing-answer,"promptD pack row has no answer / solutionSteps / marking scheme (schema: id,text,marks,difficulty,questionType)",medium,script,LT-authored(promptD)
S-LIGHT-7,promptD,light-reflection-and-refraction,lazytopper/src/data/promptDPracticePacks.ts:949,missing-answer,"promptD pack row has no answer / solutionSteps / marking scheme (schema: id,text,marks,difficulty,questionType)",medium,script,LT-authored(promptD)
S-LIGHT-8,promptD,light-reflection-and-refraction,lazytopper/src/data/promptDPracticePacks.ts:956,missing-answer,"promptD pack row has no answer / solutionSteps / marking scheme (schema: id,text,marks,difficulty,questionType)",medium,script,LT-authored(promptD)
S-LIGHT-9,promptD,light-reflection-and-refraction,lazytopper/src/data/promptDPracticePacks.ts:963,missing-answer,"promptD pack row has no answer / solutionSteps / marking scheme (schema: id,text,marks,difficulty,questionType)",medium,script,LT-authored(promptD)
sci-lrr-comp-01,hpq,light-reflection-and-refraction,lazytopper/src/data/hpqCompetencyAdditions.ts:465,missing-marking-scheme,written question with no solutionSteps,medium,script,LT-authored(hpq)
PYQ-S-LIGHT-004,bank,light-reflection-and-refraction,lazytopper/src/data/questionBanks/class10/science/light-reflection-and-refraction.pyq.ts:33,mojibake,"""'\uf09f'"" in …'tion in this case ?\n(Any one) \uf09f It is diverging/concave lens '…",medium,script,official(pyq)
CFPQ-S-LGHT-012,bank,light-reflection-and-refraction,lazytopper/src/data/questionBanks/class10/science/light-reflection-and-refraction.cfpq-sqp25.ts:108,step-marks-partial,2/4 steps carry a [N mark] prefix,low,script,official(cfpq-sqp25)
CFPQ-S-LGHT-013,bank,light-reflection-and-refraction,lazytopper/src/data/questionBanks/class10/science/light-reflection-and-refraction.cfpq-sqp25.ts:121,step-marks-partial,2/4 steps carry a [N mark] prefix,low,script,official(cfpq-sqp25)
CFPQ-S-LGHT-014,bank,light-reflection-and-refraction,lazytopper/src/data/questionBanks/class10/science/light-reflection-and-refraction.cfpq-sqp25.ts:134,step-marks-partial,3/5 steps carry a [N mark] prefix,low,script,official(cfpq-sqp25)
CFPQ-S-LGHT-018,bank,light-reflection-and-refraction,lazytopper/src/data/questionBanks/class10/science/light-reflection-and-refraction.cfpq-sqp25.ts:177,step-marks-partial,1/3 steps carry a [N mark] prefix,low,script,official(cfpq-sqp25)
FND-L-SPQ-010,bank,light-reflection-and-refraction,lazytopper/src/data/questionBanks/class10/science/light-reflection-and-refraction.fnd.ts:1499,step-marks-partial,2/4 steps carry a [N mark] prefix,low,script,transcribed-third-party(fnd)
FND-L-SPQ-016,bank,light-reflection-and-refraction,lazytopper/src/data/questionBanks/class10/science/light-reflection-and-refraction.fnd.ts:1565,step-marks-partial,2/4 steps carry a [N mark] prefix,low,script,transcribed-third-party(fnd)
SQP-S-2025-LGHT-033,bank,light-reflection-and-refraction,lazytopper/src/data/questionBanks/class10/science/light-reflection-and-refraction.cfpq-sqp25.ts:209,step-marks-partial,1/3 steps carry a [N mark] prefix,low,script,official(cfpq-sqp25)
CFPQ-S-LGHT-012,bank,light-reflection-and-refraction,lazytopper/src/data/questionBanks/class10/science/light-reflection-and-refraction.cfpq-sqp25.ts:108,step-marks-sum,"[N mark] prefixes sum to 2, marks=3",high,script,official(cfpq-sqp25)
CFPQ-S-LGHT-013,bank,light-reflection-and-refraction,lazytopper/src/data/questionBanks/class10/science/light-reflection-and-refraction.cfpq-sqp25.ts:121,step-marks-sum,"[N mark] prefixes sum to 2, marks=3",high,script,official(cfpq-sqp25)
CFPQ-S-LGHT-014,bank,light-reflection-and-refraction,lazytopper/src/data/questionBanks/class10/science/light-reflection-and-refraction.cfpq-sqp25.ts:134,step-marks-sum,"[N mark] prefixes sum to 4, marks=5",high,script,official(cfpq-sqp25)
CFPQ-S-LGHT-018,bank,light-reflection-and-refraction,lazytopper/src/data/questionBanks/class10/science/light-reflection-and-refraction.cfpq-sqp25.ts:177,step-marks-sum,"[N mark] prefixes sum to 1, marks=2",high,script,official(cfpq-sqp25)
FND-L-SPQ-010,bank,light-reflection-and-refraction,lazytopper/src/data/questionBanks/class10/science/light-reflection-and-refraction.fnd.ts:1499,step-marks-sum,"[N mark] prefixes sum to 2, marks=3",high,script,transcribed-third-party(fnd)
FND-L-SPQ-016,bank,light-reflection-and-refraction,lazytopper/src/data/questionBanks/class10/science/light-reflection-and-refraction.fnd.ts:1565,step-marks-sum,"[N mark] prefixes sum to 2, marks=3",high,script,transcribed-third-party(fnd)
SQP-S-2025-LGHT-033,bank,light-reflection-and-refraction,lazytopper/src/data/questionBanks/class10/science/light-reflection-and-refraction.cfpq-sqp25.ts:209,step-marks-sum,"[N mark] prefixes sum to 1, marks=2",high,script,official(cfpq-sqp25)
CBE-S-MAGN-A-001,bank,magnetic-effects-of-electric-current,lazytopper/src/data/questionBanks/class10/science/magnetic-effects-of-electric-current.cbe.ts:10,broken (solver),Options B and C are placeholders '(alternative field pattern shown)' and the diagrams are not given; option A gives away the answer,high,agent:magnetic-effects-of-electric-current,official(cbe)
MAG-EXMPLR-12-MCQ-002,bank,magnetic-effects-of-electric-current,lazytopper/src/data/questionBanks/class10/science/magneticEffects.exemplar.ts:21,broken (solver),Stem relies on Figure 13.1 which is not described,medium,agent:magnetic-effects-of-electric-current,official(exemplar)
MAG-EXMPLR-12-MCQ-005,bank,magnetic-effects-of-electric-current,lazytopper/src/data/questionBanks/class10/science/magneticEffects.exemplar.ts:49,broken (solver),Stem relies on Figure 13.3 (directions of electron and proton motion) which is not described; answer not derivable from text,medium,agent:magnetic-effects-of-electric-current,official(exemplar)
MAG-NCERT-12-MCQ-004,bank,magnetic-effects-of-electric-current,lazytopper/src/data/questionBanks/class10/science/magneticEffects.ncert.ts:104,broken (solver),Stem depends on Fig. 12.14 (directions of field and electron motion) which is not described; answer cannot be derived from the text,medium,agent:magnetic-effects-of-electric-current,official(ncert)
PYQ-S-2024-MAG-001,bank,magnetic-effects-of-electric-current,lazytopper/src/data/questionBanks/class10/science/magneticEffects.pyq2024.ts:12,broken (solver),finalAnswer and expl contain marking-scheme boilerplate ('While evaluating the answer books ... awarded zero (0) Marks') instead of an answer/explanation,high,agent:magnetic-effects-of-electric-current,official(pyq2024)
PYQ-S-2026-MAG-001,bank,magnetic-effects-of-electric-current,lazytopper/src/data/questionBanks/class10/science/magneticEffects.pyq2026.ts:11,broken (solver),Stem contains garbled Hindi-stripped residue 'OR () (i) : (I) (II) (III) (- ) (IV) (ii) - ?'; part (a)(i) relies on an undescribed diagram of magnets X and Y; answer field is just 'OR (b) (i) Diagram Labelling...',high,agent:magnetic-effects-of-electric-current,official(pyq2026)
PYQ-S-2026-MAG-003,bank,magnetic-effects-of-electric-current,lazytopper/src/data/questionBanks/class10/science/magneticEffects.pyq2026.ts:25,broken (solver),Stem ends with page footer '____________ of 32 1191-1'; answer is '(1+1)'; steps contain '1 PAGE10 (SET 31/5/1)' residue,high,agent:magnetic-effects-of-electric-current,official(pyq2026)
PYQ-S-MAG-002,bank,magnetic-effects-of-electric-current,lazytopper/src/data/questionBanks/class10/science/magnetic-effects-of-electric-current.pyq.ts:19,broken (solver),Stem asks direction of force on an alpha particle but options are the generic Assertion-Reason options; key '(A) is false but (R) is true' is meaningless; figure also not described,high,agent:magnetic-effects-of-electric-current,official(pyq)
PYQ-S-MAG-003,bank,magnetic-effects-of-electric-current,lazytopper/src/data/questionBanks/class10/science/magnetic-effects-of-electric-current.pyq.ts:27,broken (solver),Stem asks 'direction of motion' (should be direction of force) and depends on an undescribed figure ('as shown'),medium,agent:magnetic-effects-of-electric-current,official(pyq)
PYQ-S-MAG-004,bank,magnetic-effects-of-electric-current,lazytopper/src/data/questionBanks/class10/science/magnetic-effects-of-electric-current.pyq.ts:35,broken (solver),finalAnswer/expl are marking-scheme residue 'b) 1 1'; figure referenced not shown (stem is answerable from text),high,agent:magnetic-effects-of-electric-current,official(pyq)
PYQ-S-MAG-005,bank,magnetic-effects-of-electric-current,lazytopper/src/data/questionBanks/class10/science/magnetic-effects-of-electric-current.pyq.ts:43,broken (solver),finalAnswer/expl are marking-scheme residue 'c) 1 1',high,agent:magnetic-effects-of-electric-current,official(pyq)
PYQ-S-MAG-006,bank,magnetic-effects-of-electric-current,lazytopper/src/data/questionBanks/class10/science/magnetic-effects-of-electric-current.pyq.ts:51,broken (solver),Answer/steps are marking-scheme headings only ('Direction of current / Polarity of cell Direction of Magnetic field lines Pattern...'); no actual answer and no diagram description,high,agent:magnetic-effects-of-electric-current,official(pyq)
PYQ-S-MAG-009,bank,magnetic-effects-of-electric-current,lazytopper/src/data/questionBanks/class10/science/magnetic-effects-of-electric-current.pyq.ts:72,broken (solver),"Answer is from a different question (bifocal lens / presbyopia, Human Eye chapter) plus marking-scheme residue; no answer to the magnetism question",high,agent:magnetic-effects-of-electric-current,official(pyq)
SCO-S-MAG-008,bank,magnetic-effects-of-electric-current,lazytopper/src/data/questionBanks/class10/science/magnetic-effects-of-electric-current.chapterwise.ts:68,broken (solver),Stem contains leftover page header 'CBSE Objective Questions Exam 2019-2020 visit or whatsapp at 8905629969 Chap 13 : Magnetice Effect...' splitting the sentence,high,agent:magnetic-effects-of-electric-current,transcribed-third-party(chapterwise)
SCO-S-MAG-010,bank,magnetic-effects-of-electric-current,lazytopper/src/data/questionBanks/class10/science/magnetic-effects-of-electric-current.chapterwise.ts:84,broken (solver),Stem begins with the tail of a previous question's answer plus a publisher disclaimer ('Disclaimer : is not affiliated to CBSE ... Canny Books ... 12.') before the real question,high,agent:magnetic-effects-of-electric-current,transcribed-third-party(chapterwise)
SCO-S-MAG-012,bank,magnetic-effects-of-electric-current,lazytopper/src/data/questionBanks/class10/science/magnetic-effects-of-electric-current.chapterwise.ts:100,broken (solver),"Degree symbol garbled as 'c' ('8c', '18c', '64c'); answer could not be verified from given data",high,agent:magnetic-effects-of-electric-current,transcribed-third-party(chapterwise)
SCO-S-MAG-015,bank,magnetic-effects-of-electric-current,lazytopper/src/data/questionBanks/class10/science/magnetic-effects-of-electric-current.chapterwise.ts:124,broken (solver),Option (a) truncated/garbled: 'current flowing through to the',high,agent:magnetic-effects-of-electric-current,transcribed-third-party(chapterwise)
SCQ-S-MAG-036,bank,magnetic-effects-of-electric-current,lazytopper/src/data/questionBanks/class10/science/magnetic-effects-of-electric-current.chapterwise.ts:262,broken (solver),Answer/lastStep is garbled PDF-extracted formula text ('I Total Power V = V nP = . V kW 220 2 1 1 # = ...'); value itself (10 A) is correct,high,agent:magnetic-effects-of-electric-current,transcribed-third-party(chapterwise)
MAG-EXMPLR-12-MCQ-003,bank,magnetic-effects-of-electric-current,lazytopper/src/data/questionBanks/class10/science/magneticEffects.exemplar.ts:31,empty-option,"options [0, 1] are bare labels/empty (option content missing): ['A', 'B', 'A if the current is small, and B if the current is large', 'B if the current is small and A if the current is large']",high,script,official(exemplar)
APQ-S-MAG-002,bank,magnetic-effects-of-electric-current,lazytopper/src/data/questionBanks/class10/science/magnetic-effects-of-electric-current.additionalPQ.ts:24,figure-missing,"stem says ""as shown""; no figure bound in data/figures/* (getFiguresForQuestion returns [])",high,script,official(additionalPQ)
PYQ-S-2026-MAG-001,bank,magnetic-effects-of-electric-current,lazytopper/src/data/questionBanks/class10/science/magneticEffects.pyq2026.ts:11,figure-missing,"stem says ""in the given diagram""; no figure bound in data/figures/* (getFiguresForQuestion returns [])",high,script,official(pyq2026)
PYQ-S-2026-MAG-002,bank,magnetic-effects-of-electric-current,lazytopper/src/data/questionBanks/class10/science/magneticEffects.pyq2026.ts:18,figure-missing,"stem says ""diagram given below""; no figure bound in data/figures/* (getFiguresForQuestion returns [])",high,script,official(pyq2026)
PYQ-S-MAG-002,bank,magnetic-effects-of-electric-current,lazytopper/src/data/questionBanks/class10/science/magnetic-effects-of-electric-current.pyq.ts:19,figure-missing,"stem says ""as shown""; no figure bound in data/figures/* (getFiguresForQuestion returns [])",high,script,official(pyq)
PYQ-S-MAG-003,bank,magnetic-effects-of-electric-current,lazytopper/src/data/questionBanks/class10/science/magnetic-effects-of-electric-current.pyq.ts:27,figure-missing,"stem says ""as shown""; no figure bound in data/figures/* (getFiguresForQuestion returns [])",high,script,official(pyq)
SCQ-S-MAG-024,bank,magnetic-effects-of-electric-current,lazytopper/src/data/questionBanks/class10/science/magnetic-effects-of-electric-current.chapterwise.ts:190,figure-missing,"stem says ""in the given figure""; no figure bound in data/figures/* (getFiguresForQuestion returns [])",high,script,transcribed-third-party(chapterwise)
SCQ-S-MAG-033,bank,magnetic-effects-of-electric-current,lazytopper/src/data/questionBanks/class10/science/magnetic-effects-of-electric-current.chapterwise.ts:244,figure-missing,"stem says ""shown alongside""; no figure bound in data/figures/* (getFiguresForQuestion returns [])",high,script,transcribed-third-party(chapterwise)
SCQ-S-MAG-041,bank,magnetic-effects-of-electric-current,lazytopper/src/data/questionBanks/class10/science/magnetic-effects-of-electric-current.chapterwise.ts:292,figure-missing,"stem says ""as shown""; no figure bound in data/figures/* (getFiguresForQuestion returns [])",high,script,transcribed-third-party(chapterwise)
S-MAG-1,promptD,magnetic-effects-of-electric-current,lazytopper/src/data/promptDPracticePacks.ts:1090,missing-answer,"promptD pack row has no answer / solutionSteps / marking scheme (schema: id,text,marks,difficulty,questionType)",medium,script,LT-authored(promptD)
S-MAG-10,promptD,magnetic-effects-of-electric-current,lazytopper/src/data/promptDPracticePacks.ts:1132,missing-answer,"promptD pack row has no answer / solutionSteps / marking scheme (schema: id,text,marks,difficulty,questionType)",medium,script,LT-authored(promptD)
S-MAG-2,promptD,magnetic-effects-of-electric-current,lazytopper/src/data/promptDPracticePacks.ts:1097,missing-answer,"promptD pack row has no answer / solutionSteps / marking scheme (schema: id,text,marks,difficulty,questionType)",medium,script,LT-authored(promptD)
S-MAG-3,promptD,magnetic-effects-of-electric-current,lazytopper/src/data/promptDPracticePacks.ts:1104,missing-answer,"promptD pack row has no answer / solutionSteps / marking scheme (schema: id,text,marks,difficulty,questionType)",medium,script,LT-authored(promptD)
S-MAG-4,promptD,magnetic-effects-of-electric-current,lazytopper/src/data/promptDPracticePacks.ts:1111,missing-answer,"promptD pack row has no answer / solutionSteps / marking scheme (schema: id,text,marks,difficulty,questionType)",medium,script,LT-authored(promptD)
S-MAG-8,promptD,magnetic-effects-of-electric-current,lazytopper/src/data/promptDPracticePacks.ts:1118,missing-answer,"promptD pack row has no answer / solutionSteps / marking scheme (schema: id,text,marks,difficulty,questionType)",medium,script,LT-authored(promptD)
S-MAG-9,promptD,magnetic-effects-of-electric-current,lazytopper/src/data/promptDPracticePacks.ts:1125,missing-answer,"promptD pack row has no answer / solutionSteps / marking scheme (schema: id,text,marks,difficulty,questionType)",medium,script,LT-authored(promptD)
CBE-S-MAGN-A-001,bank,magnetic-effects-of-electric-current,lazytopper/src/data/questionBanks/class10/science/magnetic-effects-of-electric-current.cbe.ts:10,missing-options,MCQ with 3 options,high,script,official(cbe)
PYQ-S-MAG-007,bank,magnetic-effects-of-electric-current,lazytopper/src/data/questionBanks/class10/science/magnetic-effects-of-electric-current.pyq.ts:58,mojibake,"""'\uf09f'"" in …'or magnetic field not marked) \uf09f Field is unform inside the so'…",medium,script,official(pyq)
PYQ-S-MAG-009,bank,magnetic-effects-of-electric-current,lazytopper/src/data/questionBanks/class10/science/magnetic-effects-of-electric-current.pyq.ts:72,mojibake,"""'\uf09f'"" in …'86_31/5/2_Science # Page-6 29 \uf09f The concave lens (upper porti'…",medium,script,official(pyq)
2026-MNM-03,hpq,metals-and-non-metals,lazytopper/src/data/class10SciencePredictiveEngine.ts:186,answer-key-unresolved,answer 'Both Assertion and Reason are true and Reason is the correct explanation of Assertion.' matches no option,high,script,LT-authored(hpq)
CBE-S-MNM-A-003,bank,metals-and-non-metals,lazytopper/src/data/questionBanks/class10/science/metals-and-non-metals.cbe.ts:53,broken (solver),Refers to 'observations in Table 1' which is not included in the stem; cannot be answered,high,agent:metals-and-non-metals,official(cbe)
CFPQ-S-MNM-004,bank,metals-and-non-metals,lazytopper/src/data/questionBanks/class10/science/metals-and-non-metals.cfpq.ts:135,broken (solver),Stem refers to 'the set-up with the silver plate' but the served stem never describes replacing the iron plate with silver (context from sibling item missing),medium,agent:metals-and-non-metals,official(cfpq)
CFPQ-S-MNM-005,bank,metals-and-non-metals,lazytopper/src/data/questionBanks/class10/science/metals-and-non-metals.cfpq.ts:164,broken (solver),Asks about weights of 'silver and copper plates' but stem only describes copper and iron plates; silver-plate context missing,medium,agent:metals-and-non-metals,official(cfpq)
METAL-EXMPLR-3-MCQ-036,bank,metals-and-non-metals,lazytopper/src/data/questionBanks/class10/science/metalsNonMetals.exemplar.ts:222,broken (solver),Question asks which FIGURE shows electrolytic refining; options are '(a)'..'(d)' with no figures described — unanswerable as served,high,agent:metals-and-non-metals,official(exemplar)
SCO-S-METAL-006,bank,metals-and-non-metals,lazytopper/src/data/questionBanks/class10/science/metals-and-non-metals.chapterwise.ts:52,broken (solver),"Formulas garbled by lost subscripts: 'Ag N 3', 'Ag O 3', 'Ag S 3' (should be Ag3N, Ag2O, Ag2S); keyed 'Ag S 3' is not a valid formula",high,agent:metals-and-non-metals,transcribed-third-party(chapterwise)
SCO-S-METAL-015,bank,metals-and-non-metals,lazytopper/src/data/questionBanks/class10/science/metals-and-non-metals.chapterwise.ts:124,broken (solver),Stem garbled 'metallic oxide O M' and 'basic carbonate metal M' (subscripts lost; should read MO),medium,agent:metals-and-non-metals,transcribed-third-party(chapterwise)
SCO-S-METAL-017,bank,metals-and-non-metals,lazytopper/src/data/questionBanks/class10/science/metals-and-non-metals.chapterwise.ts:140,broken (solver),Option garbled 'acidified K Cr O 2 2 7' (K2Cr2O7); key 'None of these' doubtful — SO2 dissolving in the wet jar can affect the solubility/odour test,uncertain,agent:metals-and-non-metals,transcribed-third-party(chapterwise)
SCQ-S-METAL-033,bank,metals-and-non-metals,lazytopper/src/data/questionBanks/class10/science/metals-and-non-metals.chapterwise.ts:244,broken (solver),Model answer and step text truncated mid-sentence ('(b) Metals at the top' / 'At cathode: Na+ + '); part (b) middle-series example (carbon reduction) missing,high,agent:metals-and-non-metals,transcribed-third-party(chapterwise)
2026-MNM-05,hpq,metals-and-non-metals,lazytopper/src/data/class10SciencePredictiveEngine.ts:227,case-missing-subparts,case/Section-E row with no (i)/(ii)/(iii) sub-questions in stem,high,script,LT-authored(hpq)
CFPQ-S-MNM-009,bank,metals-and-non-metals,lazytopper/src/data/questionBanks/class10/science/metals-and-non-metals.cfpq.ts:265,case-missing-subparts,case/Section-E row with no (i)/(ii)/(iii) sub-questions in stem,high,script,official(cfpq)
MNM2-023,bank,metals-and-non-metals,lazytopper/src/data/questionBanks/class10/science/metalsNonMetals.pack2.ts:648,case-missing-subparts,case/Section-E row with no (i)/(ii)/(iii) sub-questions in stem,high,script,LT-authored(AI pack)
MNM2-045,bank,metals-and-non-metals,lazytopper/src/data/questionBanks/class10/science/metalsNonMetals.pack2.ts:1262,case-missing-subparts,case/Section-E row with no (i)/(ii)/(iii) sub-questions in stem,high,script,LT-authored(AI pack)
METAL-EXMPLR-3-MCQ-036,bank,metals-and-non-metals,lazytopper/src/data/questionBanks/class10/science/metalsNonMetals.exemplar.ts:222,empty-option,"options [0, 1, 2, 3] are bare labels/empty (option content missing): ['(a)', '(b)', '(c)', '(d)']",high,script,official(exemplar)
S-MNM-1,promptD,metals-and-non-metals,lazytopper/src/data/promptDPracticePacks.ts:263,missing-answer,"promptD pack row has no answer / solutionSteps / marking scheme (schema: id,text,marks,difficulty,questionType)",medium,script,LT-authored(promptD)
S-MNM-10,promptD,metals-and-non-metals,lazytopper/src/data/promptDPracticePacks.ts:326,missing-answer,"promptD pack row has no answer / solutionSteps / marking scheme (schema: id,text,marks,difficulty,questionType)",medium,script,LT-authored(promptD)
S-MNM-2,promptD,metals-and-non-metals,lazytopper/src/data/promptDPracticePacks.ts:270,missing-answer,"promptD pack row has no answer / solutionSteps / marking scheme (schema: id,text,marks,difficulty,questionType)",medium,script,LT-authored(promptD)
S-MNM-3,promptD,metals-and-non-metals,lazytopper/src/data/promptDPracticePacks.ts:277,missing-answer,"promptD pack row has no answer / solutionSteps / marking scheme (schema: id,text,marks,difficulty,questionType)",medium,script,LT-authored(promptD)
S-MNM-4,promptD,metals-and-non-metals,lazytopper/src/data/promptDPracticePacks.ts:284,missing-answer,"promptD pack row has no answer / solutionSteps / marking scheme (schema: id,text,marks,difficulty,questionType)",medium,script,LT-authored(promptD)
S-MNM-5,promptD,metals-and-non-metals,lazytopper/src/data/promptDPracticePacks.ts:291,missing-answer,"promptD pack row has no answer / solutionSteps / marking scheme (schema: id,text,marks,difficulty,questionType)",medium,script,LT-authored(promptD)
S-MNM-6,promptD,metals-and-non-metals,lazytopper/src/data/promptDPracticePacks.ts:298,missing-answer,"promptD pack row has no answer / solutionSteps / marking scheme (schema: id,text,marks,difficulty,questionType)",medium,script,LT-authored(promptD)
S-MNM-7,promptD,metals-and-non-metals,lazytopper/src/data/promptDPracticePacks.ts:305,missing-answer,"promptD pack row has no answer / solutionSteps / marking scheme (schema: id,text,marks,difficulty,questionType)",medium,script,LT-authored(promptD)
S-MNM-8,promptD,metals-and-non-metals,lazytopper/src/data/promptDPracticePacks.ts:312,missing-answer,"promptD pack row has no answer / solutionSteps / marking scheme (schema: id,text,marks,difficulty,questionType)",medium,script,LT-authored(promptD)
S-MNM-9,promptD,metals-and-non-metals,lazytopper/src/data/promptDPracticePacks.ts:319,missing-answer,"promptD pack row has no answer / solutionSteps / marking scheme (schema: id,text,marks,difficulty,questionType)",medium,script,LT-authored(promptD)
CBE-S-ENVI-A-004,bank,our-environment,lazytopper/src/data/questionBanks/class10/science/our-environment.cbe.ts:74,broken (solver),"""A food web is shown"" but the web is not described; answer Spinach -> Human cannot be derived from stem.",medium,agent:our-environment,official(cbe)
CFPQ-S-ENV-005,bank,our-environment,lazytopper/src/data/questionBanks/class10/science/our-environment.cfpq.ts:153,broken (solver),"Stem says ""Observe the following food web"" and refers to eye-field figures, but the food web (lion, jackal, kite, wild cat, owl, mouse, goat, rabbit) is not described.",medium,agent:our-environment,official(cfpq)
PYQ-S-2024-ENV-002,bank,our-environment,lazytopper/src/data/questionBanks/class10/science/ourEnvironment.pyq2024.ts:20,broken (solver),"finalAnswer and explanation contain marking-scheme boilerplate (""No marks to be deducted for the cumulative effect of an error..."") instead of an answer/explanation.",high,agent:our-environment,official(pyq2024)
PYQ-S-2025-ENV-004,bank,our-environment,lazytopper/src/data/questionBanks/class10/science/ourEnvironment.pyq2025.ts:34,broken (solver),"Answer field holds only the last line with stray ""`1"" glyph; ""• Biological magnification • Reason"" step garbled.",medium,agent:our-environment,official(pyq2025)
PYQ-S-2025-ENV-005,bank,our-environment,lazytopper/src/data/questionBanks/class10/science/ourEnvironment.pyq2025.ts:41,broken (solver),"Answer is garbled marking-scheme text (""(any two) (b) 100 J • Autotrophs ⎯⎯⎯ →...""); part (a) reasons missing entirely. Numeric 100 J is correct.",high,agent:our-environment,official(pyq2025)
PYQ-S-2026-ENV-001,bank,our-environment,lazytopper/src/data/questionBanks/class10/science/ourEnvironment.pyq2026.ts:11,broken (solver),"Stem says ""In the given figure"" but the figure (trophic levels T1-T5) is not described.",medium,agent:our-environment,official(pyq2026)
PYQ-S-2026-ENV-013,bank,our-environment,lazytopper/src/data/questionBanks/class10/science/ourEnvironment.pyq2026.ts:103,broken (solver),"Stem contains stray marks digit and extraction glyphs: ""Why ? 2 Plant ⎯⎯→ Goat ⎯⎯→ Man"". Numeric 500 J is correct.",medium,agent:our-environment,official(pyq2026)
SCO-S-ENV-009,bank,our-environment,lazytopper/src/data/questionBanks/class10/science/our-environment.chapterwise.ts:76,broken (solver),"Garbled stem ""The last chain of food is"".",medium,agent:our-environment,transcribed-third-party(chapterwise)
SCO-S-ENV-011,bank,our-environment,lazytopper/src/data/questionBanks/class10/science/our-environment.chapterwise.ts:92,broken (solver),"Option (d) contains leftover watermark: ""Nitrogen CBSE Objective Questions Exam 2019-2020 visit or whatsapp at 8905629969 Chap 15 : Our Environment"".",high,agent:our-environment,transcribed-third-party(chapterwise)
SCO-S-ENV-015,bank,our-environment,lazytopper/src/data/questionBanks/class10/science/our-environment.chapterwise.ts:124,broken (solver),"Stem relies on a diagram and graph (river with sewage, points A-D) that are not provided/described; unanswerable.",high,agent:our-environment,transcribed-third-party(chapterwise)
SCO-S-ENV-017,bank,our-environment,lazytopper/src/data/questionBanks/class10/science/our-environment.chapterwise.ts:140,broken (solver),"Stem relies on an energy-flow diagram with numbered arrows that is not provided/described; options ""4 3"" etc. unanswerable.",high,agent:our-environment,transcribed-third-party(chapterwise)
SCQ-S-ENV-023,bank,our-environment,lazytopper/src/data/questionBanks/class10/science/our-environment.chapterwise.ts:184,broken (solver),"Stem missing arrow: ""Plants Deer -> Lion""; answer carries source tag ""[All India 2017]"". Numeric 10,000 J is correct.",medium,agent:our-environment,transcribed-third-party(chapterwise)
SCQ-S-ENV-031,bank,our-environment,lazytopper/src/data/questionBanks/class10/science/our-environment.chapterwise.ts:220,broken (solver),"Answer/step truncated mid-word (""...water bodies like river, cana"").",high,agent:our-environment,transcribed-third-party(chapterwise)
SCQ-S-ENV-038,bank,our-environment,lazytopper/src/data/questionBanks/class10/science/our-environment.chapterwise.ts:262,broken (solver),"Step truncated (""c. Decomposers are t"") and contains leftover page header ""Chap 15 : Our Enviorment"".",high,agent:our-environment,transcribed-third-party(chapterwise)
SP-S-2023-ENVI-A-003,bank,our-environment,lazytopper/src/data/questionBanks/class10/science/our-environment.sp.ts:57,broken (solver),"Stem duplicates the full A-R option list (""Options: a. Both A and R..."") in addition to the options array.",medium,agent:our-environment,official(sp)
CBE-S-ENVI-E-001,bank,our-environment,lazytopper/src/data/questionBanks/class10/science/our-environment.cbe.ts:180,case-missing-subparts,case/Section-E row with no (i)/(ii)/(iii) sub-questions in stem,high,script,official(cbe)
CBE-S-ENVI-E-003,bank,our-environment,lazytopper/src/data/questionBanks/class10/science/our-environment.cbe.ts:226,case-missing-subparts,case/Section-E row with no (i)/(ii)/(iii) sub-questions in stem,high,script,official(cbe)
CBE-S-ENVI-E-004,bank,our-environment,lazytopper/src/data/questionBanks/class10/science/our-environment.cbe.ts:248,case-missing-subparts,case/Section-E row with no (i)/(ii)/(iii) sub-questions in stem,high,script,official(cbe)
SCO-S-ENV-015,bank,our-environment,lazytopper/src/data/questionBanks/class10/science/our-environment.chapterwise.ts:124,empty-option,"options [0, 1, 2, 3] are bare labels/empty (option content missing): ['D', 'C', 'B', 'A']",high,script,transcribed-third-party(chapterwise)
OESD-001,bank,our-environment,lazytopper/src/data/questionBanks/class10/science/ourEnvironment.scarceD.ts:15,figure-missing,requiresDiagram=true; no figure bound in data/figures/* (getFiguresForQuestion returns []); diagramDescription present but not rendered,high,script,LT-authored(AI pack)
OESD-005,bank,our-environment,lazytopper/src/data/questionBanks/class10/science/ourEnvironment.scarceD.ts:112,figure-missing,requiresDiagram=true; no figure bound in data/figures/* (getFiguresForQuestion returns []); diagramDescription present but not rendered,high,script,LT-authored(AI pack)
PYQ-S-2026-ENV-001,bank,our-environment,lazytopper/src/data/questionBanks/class10/science/ourEnvironment.pyq2026.ts:11,figure-missing,"stem says ""In the given figure""; no figure bound in data/figures/* (getFiguresForQuestion returns [])",high,script,official(pyq2026)
PYQ-S-ENV-006,bank,our-environment,lazytopper/src/data/questionBanks/class10/science/our-environment.pyq.ts:46,header-or-source-text,"stem contains ""SECTION – D"": …'ronment if not disposed off properly. 3 SECTION – D (Long Answer Questions)'…",high,script,official(pyq)
SCQ-S-ENV-021,bank,our-environment,lazytopper/src/data/questionBanks/class10/science/our-environment.chapterwise.ts:172,header-or-source-text,"stem contains ""CBSE 2014"": …'What is an ecosystem? [Delhi 2017, CBSE 2014]'…",low,script,transcribed-third-party(chapterwise)
SCQ-S-ENV-030,bank,our-environment,lazytopper/src/data/questionBanks/class10/science/our-environment.chapterwise.ts:214,header-or-source-text,"stem contains ""CBSE 2016"": …'ges of cloth bags over polythene bags. [CBSE 2016]'…",low,script,transcribed-third-party(chapterwise)
S-ENV-1,promptD,our-environment,lazytopper/src/data/promptDPracticePacks.ts:1164,missing-answer,"promptD pack row has no answer / solutionSteps / marking scheme (schema: id,text,marks,difficulty,questionType)",medium,script,LT-authored(promptD)
S-ENV-10,promptD,our-environment,lazytopper/src/data/promptDPracticePacks.ts:1227,missing-answer,"promptD pack row has no answer / solutionSteps / marking scheme (schema: id,text,marks,difficulty,questionType)",medium,script,LT-authored(promptD)
S-ENV-2,promptD,our-environment,lazytopper/src/data/promptDPracticePacks.ts:1171,missing-answer,"promptD pack row has no answer / solutionSteps / marking scheme (schema: id,text,marks,difficulty,questionType)",medium,script,LT-authored(promptD)
S-ENV-3,promptD,our-environment,lazytopper/src/data/promptDPracticePacks.ts:1178,missing-answer,"promptD pack row has no answer / solutionSteps / marking scheme (schema: id,text,marks,difficulty,questionType)",medium,script,LT-authored(promptD)
S-ENV-4,promptD,our-environment,lazytopper/src/data/promptDPracticePacks.ts:1185,missing-answer,"promptD pack row has no answer / solutionSteps / marking scheme (schema: id,text,marks,difficulty,questionType)",medium,script,LT-authored(promptD)
S-ENV-5,promptD,our-environment,lazytopper/src/data/promptDPracticePacks.ts:1192,missing-answer,"promptD pack row has no answer / solutionSteps / marking scheme (schema: id,text,marks,difficulty,questionType)",medium,script,LT-authored(promptD)
S-ENV-6,promptD,our-environment,lazytopper/src/data/promptDPracticePacks.ts:1199,missing-answer,"promptD pack row has no answer / solutionSteps / marking scheme (schema: id,text,marks,difficulty,questionType)",medium,script,LT-authored(promptD)
S-ENV-7,promptD,our-environment,lazytopper/src/data/promptDPracticePacks.ts:1206,missing-answer,"promptD pack row has no answer / solutionSteps / marking scheme (schema: id,text,marks,difficulty,questionType)",medium,script,LT-authored(promptD)
S-ENV-8,promptD,our-environment,lazytopper/src/data/promptDPracticePacks.ts:1213,missing-answer,"promptD pack row has no answer / solutionSteps / marking scheme (schema: id,text,marks,difficulty,questionType)",medium,script,LT-authored(promptD)
S-ENV-9,promptD,our-environment,lazytopper/src/data/promptDPracticePacks.ts:1220,missing-answer,"promptD pack row has no answer / solutionSteps / marking scheme (schema: id,text,marks,difficulty,questionType)",medium,script,LT-authored(promptD)
sci-env-comp-01,hpq,our-environment,lazytopper/src/data/hpqCompetencyAdditions.ts:651,missing-marking-scheme,written question with no solutionSteps,medium,script,LT-authored(hpq)
PYQ-S-ENV-001,bank,our-environment,lazytopper/src/data/questionBanks/class10/science/our-environment.pyq.ts:11,mojibake,"""'\uf09f'"" in …'trophic level belong to ?\n(b) \uf09f10% \uf09f Primary consumers/Herbiv'…",medium,script,official(pyq)
PYQ-S-ENV-005,bank,our-environment,lazytopper/src/data/questionBanks/class10/science/our-environment.pyq.ts:39,mojibake,"""'\uf09f'"" in …'gh food chain, credit marks.) \uf09f As human beings occupy the to'…",medium,script,official(pyq)
PLE2-018,bank,pair-of-linear-equations,lazytopper/src/data/questionBanks/class10/maths/pairOfLinearEquations.pack2.ts:430,broken (solver),Asks to 'find the original dimensions' but both conditions give l+w=28 (dependent); dimensions indeterminate - question cannot be answered as posed,medium,agent:pair-of-linear-equations,LT-authored(AI pack)
PYQ-M-2024-PLE-001,bank,pair-of-linear-equations,lazytopper/src/data/questionBanks/class10/maths/pair-of-linear-equations.pyq2024.ts:12,broken (solver),"Stem fractions garbled: '2x 3 – y 2 = – 1 6 and x 2 + 2y 3 = 3' (should be 2x/3 - y/2 = -1/6, x/2 + 2y/3 = 3); key x=2,y=3 is correct",high,agent:pair-of-linear-equations,official(pyq2024)
PYQ-M-2025-PLE-001,bank,pair-of-linear-equations,lazytopper/src/data/questionBanks/class10/maths/pair-of-linear-equations.pyq2025.ts:11,broken (solver),"Minus signs dropped: '2x 3y + a = 0 and 2x + 3y b = 0' (should be 2x-3y+a=0, 2x+3y-b=0); key 2a=b correct",high,agent:pair-of-linear-equations,official(pyq2025)
PYQ-M-2025-PLE-002,bank,pair-of-linear-equations,lazytopper/src/data/questionBanks/class10/maths/pair-of-linear-equations.pyq2025.ts:19,broken (solver),Reason ends 'then p 1' - the ≠ symbol is lost; key (b) correct for p≠1,high,agent:pair-of-linear-equations,official(pyq2025)
PYQ-M-2025-PLE-003,bank,pair-of-linear-equations,lazytopper/src/data/questionBanks/class10/maths/pair-of-linear-equations.pyq2025.ts:27,broken (solver),Option (d) contains page footer 'intersecting at right angles 30/3/2 # 6| P a g e',high,agent:pair-of-linear-equations,official(pyq2025)
PYQ-M-2025-PLE-004,bank,pair-of-linear-equations,lazytopper/src/data/questionBanks/class10/maths/pair-of-linear-equations.pyq2025.ts:35,broken (solver),Stem truncated at '(iii) What is maximum'; ₹ symbols lost ('rent for each chair is 50'); inline mark digits mixed into text; lastStep garbled '30000 200 = 150',high,agent:pair-of-linear-equations,official(pyq2025)
PYQ-M-2026-PLE-001,bank,pair-of-linear-equations,lazytopper/src/data/questionBanks/class10/maths/pair-of-linear-equations.pyq2026.ts:12,broken (solver),"Options (a) and (c) are garbled fraction extractions ('1 2 2 1 c c a a', '2 1 2 1 b b a a')",high,agent:pair-of-linear-equations,official(pyq2026)
PYQ-M-2026-PLE-003,bank,pair-of-linear-equations,lazytopper/src/data/questionBanks/class10/maths/pair-of-linear-equations.pyq2026.ts:28,broken (solver),"lastStep truncated 'Solution: x = 4, y =' and no finalAnswer",high,agent:pair-of-linear-equations,official(pyq2026)
le-comp-01,hpq,pair-of-linear-equations,lazytopper/src/data/hpqCompetencyAdditions.ts:818,broken (solver),"3p+2c=60, 2p+5c=65 gives pen ₹170/11, pencil ₹75/11 (non-terminating rupees); no answer stored - likely typo in data",medium,agent:pair-of-linear-equations,LT-authored(hpq)
M-PLE-1,promptD,pair-of-linear-equations,lazytopper/src/data/promptDPracticePacks.ts:1437,missing-answer,"promptD pack row has no answer / solutionSteps / marking scheme (schema: id,text,marks,difficulty,questionType)",medium,script,LT-authored(promptD)
M-PLE-10,promptD,pair-of-linear-equations,lazytopper/src/data/promptDPracticePacks.ts:1500,missing-answer,"promptD pack row has no answer / solutionSteps / marking scheme (schema: id,text,marks,difficulty,questionType)",medium,script,LT-authored(promptD)
M-PLE-2,promptD,pair-of-linear-equations,lazytopper/src/data/promptDPracticePacks.ts:1444,missing-answer,"promptD pack row has no answer / solutionSteps / marking scheme (schema: id,text,marks,difficulty,questionType)",medium,script,LT-authored(promptD)
M-PLE-3,promptD,pair-of-linear-equations,lazytopper/src/data/promptDPracticePacks.ts:1451,missing-answer,"promptD pack row has no answer / solutionSteps / marking scheme (schema: id,text,marks,difficulty,questionType)",medium,script,LT-authored(promptD)
M-PLE-4,promptD,pair-of-linear-equations,lazytopper/src/data/promptDPracticePacks.ts:1458,missing-answer,"promptD pack row has no answer / solutionSteps / marking scheme (schema: id,text,marks,difficulty,questionType)",medium,script,LT-authored(promptD)
M-PLE-5,promptD,pair-of-linear-equations,lazytopper/src/data/promptDPracticePacks.ts:1465,missing-answer,"promptD pack row has no answer / solutionSteps / marking scheme (schema: id,text,marks,difficulty,questionType)",medium,script,LT-authored(promptD)
M-PLE-6,promptD,pair-of-linear-equations,lazytopper/src/data/promptDPracticePacks.ts:1472,missing-answer,"promptD pack row has no answer / solutionSteps / marking scheme (schema: id,text,marks,difficulty,questionType)",medium,script,LT-authored(promptD)
M-PLE-7,promptD,pair-of-linear-equations,lazytopper/src/data/promptDPracticePacks.ts:1479,missing-answer,"promptD pack row has no answer / solutionSteps / marking scheme (schema: id,text,marks,difficulty,questionType)",medium,script,LT-authored(promptD)
M-PLE-8,promptD,pair-of-linear-equations,lazytopper/src/data/promptDPracticePacks.ts:1486,missing-answer,"promptD pack row has no answer / solutionSteps / marking scheme (schema: id,text,marks,difficulty,questionType)",medium,script,LT-authored(promptD)
M-PLE-9,promptD,pair-of-linear-equations,lazytopper/src/data/promptDPracticePacks.ts:1493,missing-answer,"promptD pack row has no answer / solutionSteps / marking scheme (schema: id,text,marks,difficulty,questionType)",medium,script,LT-authored(promptD)
le-comp-01,hpq,pair-of-linear-equations,lazytopper/src/data/hpqCompetencyAdditions.ts:818,missing-marking-scheme,written question with no solutionSteps,medium,script,LT-authored(hpq)
2026-PLE-AR-05,predicted,pair-of-linear-equations,lazytopper/src/data/predictedQuestions.ts:772,missing-options,Assertion-Reasoning with 0 options,high,script,LT-authored(predicted)
2026-PLE-AR-05X,predicted,pair-of-linear-equations,lazytopper/src/data/predictedQuestions.ts:1243,missing-options,Assertion-Reasoning with 0 options,high,script,LT-authored(predicted)
2026-PLE-AR-11,predicted,pair-of-linear-equations,lazytopper/src/data/predictedQuestions.ts:1616,missing-options,Assertion-Reasoning with 0 options,high,script,LT-authored(predicted)
APQ-M-POLY-001,bank,polynomials,lazytopper/src/data/questionBanks/class10/maths/polynomials.additionalPQ.ts:11,broken (solver),Options are Graph (a)-(d) with no graphs described; unanswerable as served,high,agent:polynomials,official(additionalPQ)
CBE-M-POLY-A-005,bank,polynomials,lazytopper/src/data/questionBanks/class10/maths/polynomials.cbe.ts:105,broken (solver),Options C and D are identical ('2x^2 + 3sqrt2 x - 1'),medium,agent:polynomials,official(cbe)
CFPQ-M-POLY-001,bank,polynomials,lazytopper/src/data/questionBanks/class10/maths/polynomials.cfpq.ts:192,broken (solver),'Shown below are the parts of graphs' -- graphs not provided/described; unanswerable,high,agent:polynomials,official(cfpq)
CFPQ-M-POLY-002,bank,polynomials,lazytopper/src/data/questionBanks/class10/maths/polynomials.cfpq.ts:216,broken (solver),'Shown below is a part of the graph' -- graph not provided/described,high,agent:polynomials,official(cfpq)
CFPQ-M-POLY-003,bank,polynomials,lazytopper/src/data/questionBanks/class10/maths/polynomials.cfpq.ts:240,broken (solver),'polynomial shown in the graph above' -- graph not provided (x-intercepts 3 and -2 only in marking steps),high,agent:polynomials,official(cfpq)
CFPQ-M-POLY-005,bank,polynomials,lazytopper/src/data/questionBanks/class10/maths/polynomials.cfpq.ts:286,broken (solver),'Two polynomials are shown in the graph below' -- graph not provided/described,high,agent:polynomials,official(cfpq)
CFPQ-M-POLY-009,bank,polynomials,lazytopper/src/data/questionBanks/class10/maths/polynomials.cfpq.ts:358,broken (solver),Part (ii) refers to 'Shown below is the graph of f(x)' which is not provided (answerable algebraically),medium,agent:polynomials,official(cfpq)
CFPQ-M-POLY-015,bank,polynomials,lazytopper/src/data/questionBanks/class10/maths/polynomials.cfpq.ts:481,broken (solver),'shown the graph below' -- graph not provided/described,high,agent:polynomials,official(cfpq)
PL2-R20,bank,polynomials,lazytopper/src/data/questionBanks/class10/maths/polynomials.pack2.ts:1166,broken (solver),"Premise impossible: product of zeros of x^2+kx+8 is always 8, so 'if product is -4' is vacuous; A-R item is ill-posed",medium,agent:polynomials,LT-authored(AI pack)
PYQ-M-2024-POLY-001,bank,polynomials,lazytopper/src/data/questionBanks/class10/maths/polynomials.pyq2024.ts:12,broken (solver),"Stem '2 + 5' lost sqrt: should be 2+sqrt5; as written (zero 7, sum 4) no option fits",high,agent:polynomials,official(pyq2024)
PYQ-M-2024-POLY-003,bank,polynomials,lazytopper/src/data/questionBanks/class10/maths/polynomials.pyq2024.ts:28,broken (solver),"Answer truncated ('= '); stem uses 'a, b' for alpha, beta; fractions garbled",high,agent:polynomials,official(pyq2024)
PYQ-M-2024-POLY-004,bank,polynomials,lazytopper/src/data/questionBanks/class10/maths/polynomials.pyq2024.ts:35,broken (solver),Stem garbled 'b + a 1 1 - 2ab' (should be 1/alpha + 1/beta - 2 alpha beta); answer fractions garbled,high,agent:polynomials,official(pyq2024)
PYQ-M-2024-POLY-005a,bank,polynomials,lazytopper/src/data/questionBanks/class10/maths/polynomials.pyq2024.ts:42,broken (solver),Stem garbled 'alpha beta + beta alpha'; answer truncated '- 241',high,agent:polynomials,official(pyq2024)
PYQ-M-2024-POLY-005b,bank,polynomials,lazytopper/src/data/questionBanks/class10/maths/polynomials.pyq2024.ts:49,broken (solver),Stray '$' in stem; math-italic unicode garbage in answer,medium,agent:polynomials,official(pyq2024)
PYQ-M-2024-POLY-006,bank,polynomials,lazytopper/src/data/questionBanks/class10/maths/polynomials.pyq2024.ts:56,broken (solver),Stem words run together ('relationshipbetweenthezeroes...'); answer garbled,medium,agent:polynomials,official(pyq2024)
PYQ-M-2024-POLY-007a,bank,polynomials,lazytopper/src/data/questionBanks/class10/maths/polynomials.pyq2024.ts:63,broken (solver),Answer garbled: sum shown as '= 1' instead of -1 due to lost fraction/minus,medium,agent:polynomials,official(pyq2024)
PYQ-M-2024-POLY-007b,bank,polynomials,lazytopper/src/data/questionBanks/class10/maths/polynomials.pyq2024.ts:70,broken (solver),Stem 'a b + b a' garbled; answer truncated '= -',high,agent:polynomials,official(pyq2024)
PYQ-M-2026-POLY-002,bank,polynomials,lazytopper/src/data/questionBanks/class10/maths/polynomials.pyq2026.ts:20,broken (solver),Superscript lost in stem/options ('x2 + 5x - 4' etc.); key correct,medium,agent:polynomials,official(pyq2026)
PYQ-M-2026-POLY-003,bank,polynomials,lazytopper/src/data/questionBanks/class10/maths/polynomials.pyq2026.ts:28,broken (solver),Answer truncated ('Zeroes are 4 and -'); superscript lost,high,agent:polynomials,official(pyq2026)
PYQ-M-2026-POLY-004,bank,polynomials,lazytopper/src/data/questionBanks/class10/maths/polynomials.pyq2026.ts:35,broken (solver),'Based on the above information' -- figure referenced; answer text truncated ('x2 + 2x -'),medium,agent:polynomials,official(pyq2026)
PYQ-M-2026-POLY-005,bank,polynomials,lazytopper/src/data/questionBanks/class10/maths/polynomials.pyq2026.ts:42,broken (solver),"'shown in the above diagram' -- diagram with P, Q coordinates (-238.5, 228.5) not provided; zeros cannot be read",high,agent:polynomials,official(pyq2026)
PYQ-M-POLY-002,bank,polynomials,lazytopper/src/data/questionBanks/class10/maths/polynomials.pyq.ts:19,broken (solver),Superscript lost: 'x2 + 3x + 3' (x^2); key itself correct,medium,agent:polynomials,official(pyq)
PYQ-M-POLY-003,bank,polynomials,lazytopper/src/data/questionBanks/class10/maths/polynomials.pyq.ts:27,broken (solver),Superscript lost: 'x2-1'; key correct,medium,agent:polynomials,official(pyq)
PYQ-M-POLY-004,bank,polynomials,lazytopper/src/data/questionBanks/class10/maths/polynomials.pyq.ts:35,broken (solver),"Stem '1 1 + alpha beta' and options '7 3 -', '3 7 -' are garbled PDF fractions; key -3/7 is correct but unreadable",high,agent:polynomials,official(pyq)
PYQ-M-POLY-005,bank,polynomials,lazytopper/src/data/questionBanks/class10/maths/polynomials.pyq.ts:43,broken (solver),Answer garbled and truncated ('k = -'); superscript lost,high,agent:polynomials,official(pyq)
PYQ-M-POLY-006,bank,polynomials,lazytopper/src/data/questionBanks/class10/maths/polynomials.pyq.ts:50,broken (solver),Duplicate of PYQ-M-POLY-005 with leftover page header '2 SECTION - C Section - C consists of...' in stem; answer truncated,high,agent:polynomials,official(pyq)
SQP-M-POLY-001,bank,polynomials,lazytopper/src/data/questionBanks/class10/maths/polynomials.sqp.ts:12,broken (solver),'The given linear polynomial y=f(x)' -- graph required but not provided/described,high,agent:polynomials,official(sqp)
PYQ-M-2024-POLY-005b,bank,polynomials,lazytopper/src/data/questionBanks/class10/maths/polynomials.pyq2024.ts:49,broken-latex,stem: odd number of $ delimiters: 'Find the zeroes of the polynomial f(t) = t2 + 4√3 t – 15 and verify the relationship between the zeroes and the coeffici',high,script,official(pyq2024)
M-POLY-7,promptD,polynomials,lazytopper/src/data/promptDPracticePacks.ts:1391,figure-missing,"promptD stem refers to a figure (""from the graph""); pack rows carry no figure",high,script,LT-authored(promptD)
PYQ-M-POLY-006,bank,polynomials,lazytopper/src/data/questionBanks/class10/maths/polynomials.pyq.ts:50,header-or-source-text,"stem contains ""SECTION – C"": …' the other, then find the value of k. 2 SECTION – C Section - C consists of Short Answer (S'…",high,script,official(pyq)
M-POLY-1,promptD,polynomials,lazytopper/src/data/promptDPracticePacks.ts:1349,missing-answer,"promptD pack row has no answer / solutionSteps / marking scheme (schema: id,text,marks,difficulty,questionType)",medium,script,LT-authored(promptD)
M-POLY-10,promptD,polynomials,lazytopper/src/data/promptDPracticePacks.ts:1405,missing-answer,"promptD pack row has no answer / solutionSteps / marking scheme (schema: id,text,marks,difficulty,questionType)",medium,script,LT-authored(promptD)
M-POLY-2,promptD,polynomials,lazytopper/src/data/promptDPracticePacks.ts:1356,missing-answer,"promptD pack row has no answer / solutionSteps / marking scheme (schema: id,text,marks,difficulty,questionType)",medium,script,LT-authored(promptD)
M-POLY-3,promptD,polynomials,lazytopper/src/data/promptDPracticePacks.ts:1363,missing-answer,"promptD pack row has no answer / solutionSteps / marking scheme (schema: id,text,marks,difficulty,questionType)",medium,script,LT-authored(promptD)
M-POLY-4,promptD,polynomials,lazytopper/src/data/promptDPracticePacks.ts:1370,missing-answer,"promptD pack row has no answer / solutionSteps / marking scheme (schema: id,text,marks,difficulty,questionType)",medium,script,LT-authored(promptD)
M-POLY-5,promptD,polynomials,lazytopper/src/data/promptDPracticePacks.ts:1377,missing-answer,"promptD pack row has no answer / solutionSteps / marking scheme (schema: id,text,marks,difficulty,questionType)",medium,script,LT-authored(promptD)
M-POLY-6,promptD,polynomials,lazytopper/src/data/promptDPracticePacks.ts:1384,missing-answer,"promptD pack row has no answer / solutionSteps / marking scheme (schema: id,text,marks,difficulty,questionType)",medium,script,LT-authored(promptD)
M-POLY-7,promptD,polynomials,lazytopper/src/data/promptDPracticePacks.ts:1391,missing-answer,"promptD pack row has no answer / solutionSteps / marking scheme (schema: id,text,marks,difficulty,questionType)",medium,script,LT-authored(promptD)
M-POLY-8,promptD,polynomials,lazytopper/src/data/promptDPracticePacks.ts:1398,missing-answer,"promptD pack row has no answer / solutionSteps / marking scheme (schema: id,text,marks,difficulty,questionType)",medium,script,LT-authored(promptD)
poly-comp-02,hpq,polynomials,lazytopper/src/data/hpqCompetencyAdditions.ts:67,missing-marking-scheme,written question with no solutionSteps,medium,script,LT-authored(hpq)
2026-POLY-AR-03,predicted,polynomials,lazytopper/src/data/predictedQuestions.ts:747,missing-options,Assertion-Reasoning with 0 options,high,script,LT-authored(predicted)
2026-POLY-AR-03X,predicted,polynomials,lazytopper/src/data/predictedQuestions.ts:1218,missing-options,Assertion-Reasoning with 0 options,high,script,LT-authored(predicted)
PR2-023,bank,probability,lazytopper/src/data/questionBanks/class10/maths/probability.pack2.ts:629,broken (solver),Explanation says 'Red cards (hearts + diamonds) = 26 + 26 = 26',high,agent:probability,LT-authored(AI pack)
PR2-042,bank,probability,lazytopper/src/data/questionBanks/class10/maths/probability.pack2.ts:1135,broken (solver),"Total number of tickets never stated (100 students vs 25 winning tickets); (iii) asks 'probability for the next student' without saying of what, answer '1/5 or 4/5'",uncertain,agent:probability,LT-authored(AI pack)
PROB-E14,bank,probability,lazytopper/src/data/questionBanks/class10/maths/probability.pack1.ts:68,broken (solver),Reason merely restates the Assertion (0<=P(E)<=1); degenerate A-R item,uncertain,agent:probability,LT-authored(AI pack)
PROB-N-EXEM-14-AR-001,bank,probability,lazytopper/src/data/questionBanks/class10/maths/probability.exemplar.ts:78,broken (solver),Explanation contains leaked model reasoning ('Wait — both A and R are false ... no (E)') shown to students,high,agent:probability,official(exemplar)
PYQ-M-2024-PROB-002,bank,probability,lazytopper/src/data/questionBanks/class10/maths/probability.pyq2024.ts:20,broken (solver),Answer truncated 'P(Anmol will accept) = 52 60 or' (fraction and simplified value lost); no finalAnswer,high,agent:probability,official(pyq2024)
PYQ-M-2024-PROB-003,bank,probability,lazytopper/src/data/questionBanks/class10/maths/probability.pyq2024.ts:27,broken (solver),Answer truncated/garbled: '10 46 or 5 23 ... 23 46 or'; no finalAnswer,high,agent:probability,official(pyq2024)
PYQ-M-2024-PROB-005,bank,probability,lazytopper/src/data/questionBanks/class10/maths/probability.pyq2024.ts:42,broken (solver),Pie chart required but not provided/described; stem has spaces stripped ('transporttheyused...') and page footer '___________ 107 A'; answer field holds only last line,high,agent:probability,official(pyq2024)
PYQ-M-2025-PROB-001,bank,probability,lazytopper/src/data/questionBanks/class10/maths/probability.pyq2025.ts:11,broken (solver),"finalAnswer/expl contains conflicting text: '(a) ... 1 20 Sol. (C) Assertion (A) is true, but Reason (R) is false'",high,agent:probability,official(pyq2025)
PYQ-M-2025-PROB-002,bank,probability,lazytopper/src/data/questionBanks/class10/maths/probability.pyq2025.ts:19,broken (solver),Answer truncated 'P = 8 36 or'; no finalAnswer,high,agent:probability,official(pyq2025)
PYQ-M-2025-PROB-005,bank,probability,lazytopper/src/data/questionBanks/class10/maths/probability.pyq2025.ts:44,broken (solver),Answer truncated '(b) P(brown or black eyes) = 90% or'; '1 10' fraction garbled; no finalAnswer,high,agent:probability,official(pyq2025)
PYQ-M-2025-PROB-006,bank,probability,lazytopper/src/data/questionBanks/class10/maths/probability.pyq2025.ts:51,broken (solver),Answer truncated '(a) 9 49 (b) 7 49 or'; no finalAnswer,high,agent:probability,official(pyq2025)
PYQ-M-2026-PROB-003,bank,probability,lazytopper/src/data/questionBanks/class10/maths/probability.pyq2026.ts:33,broken (solver),Answer garbled: 'P(either black or white) = 7+5 35 = 12' (denominator lost); finalAnswer missing; part (a) working absent,high,agent:probability,official(pyq2026)
PYQ-M-PROB-001,bank,probability,lazytopper/src/data/questionBanks/class10/maths/probability.pyq.ts:11,broken (solver),"Options lost their '1/' numerators: ['20','50','25','100']; key '25' reads as a number, finalAnswer '(c) 1 25'",high,agent:probability,official(pyq)
PYQ-M-PROB-004,bank,probability,lazytopper/src/data/questionBanks/class10/maths/probability.pyq.ts:35,broken (solver),"Options garbled ['4','20','25','5'] (should be fractions); key '5'",high,agent:probability,official(pyq)
PYQ-M-PROB-009,bank,probability,lazytopper/src/data/questionBanks/class10/maths/probability.pyq.ts:75,broken (solver),"Options garbled ['9','6','12','18'] (fractions lost); key '12'",high,agent:probability,official(pyq)
PYQ-M-PROB-012,bank,probability,lazytopper/src/data/questionBanks/class10/maths/probability.pyq.ts:99,broken (solver),"Table flattened ('1 10 11 20 21 50 ...') and inline mark numbers ('... computers. 1', '2 OR') left in stem; answer field shows fractions as '1000 80'",medium,agent:probability,official(pyq)
SQP-M-PROB-001,bank,probability,lazytopper/src/data/questionBanks/class10/maths/probability.sqp.ts:12,broken (solver),"Stem asks for 'the shaded region' but the figure is absent and the shaded region (outside circle, inside square) is not described",medium,agent:probability,official(sqp)
M-PROB-1,promptD,probability,lazytopper/src/data/promptDPracticePacks.ts:2391,missing-answer,"promptD pack row has no answer / solutionSteps / marking scheme (schema: id,text,marks,difficulty,questionType)",medium,script,LT-authored(promptD)
M-PROB-10,promptD,probability,lazytopper/src/data/promptDPracticePacks.ts:2454,missing-answer,"promptD pack row has no answer / solutionSteps / marking scheme (schema: id,text,marks,difficulty,questionType)",medium,script,LT-authored(promptD)
M-PROB-2,promptD,probability,lazytopper/src/data/promptDPracticePacks.ts:2398,missing-answer,"promptD pack row has no answer / solutionSteps / marking scheme (schema: id,text,marks,difficulty,questionType)",medium,script,LT-authored(promptD)
M-PROB-3,promptD,probability,lazytopper/src/data/promptDPracticePacks.ts:2405,missing-answer,"promptD pack row has no answer / solutionSteps / marking scheme (schema: id,text,marks,difficulty,questionType)",medium,script,LT-authored(promptD)
M-PROB-4,promptD,probability,lazytopper/src/data/promptDPracticePacks.ts:2412,missing-answer,"promptD pack row has no answer / solutionSteps / marking scheme (schema: id,text,marks,difficulty,questionType)",medium,script,LT-authored(promptD)
M-PROB-5,promptD,probability,lazytopper/src/data/promptDPracticePacks.ts:2419,missing-answer,"promptD pack row has no answer / solutionSteps / marking scheme (schema: id,text,marks,difficulty,questionType)",medium,script,LT-authored(promptD)
M-PROB-6,promptD,probability,lazytopper/src/data/promptDPracticePacks.ts:2426,missing-answer,"promptD pack row has no answer / solutionSteps / marking scheme (schema: id,text,marks,difficulty,questionType)",medium,script,LT-authored(promptD)
M-PROB-7,promptD,probability,lazytopper/src/data/promptDPracticePacks.ts:2433,missing-answer,"promptD pack row has no answer / solutionSteps / marking scheme (schema: id,text,marks,difficulty,questionType)",medium,script,LT-authored(promptD)
M-PROB-8,promptD,probability,lazytopper/src/data/promptDPracticePacks.ts:2440,missing-answer,"promptD pack row has no answer / solutionSteps / marking scheme (schema: id,text,marks,difficulty,questionType)",medium,script,LT-authored(promptD)
M-PROB-9,promptD,probability,lazytopper/src/data/promptDPracticePacks.ts:2447,missing-answer,"promptD pack row has no answer / solutionSteps / marking scheme (schema: id,text,marks,difficulty,questionType)",medium,script,LT-authored(promptD)
prob-comp-01,hpq,probability,lazytopper/src/data/hpqCompetencyAdditions.ts:739,missing-marking-scheme,written question with no solutionSteps,medium,script,LT-authored(hpq)
2026-PROB-AR-13,predicted,probability,lazytopper/src/data/predictedQuestions.ts:2176,missing-options,Assertion-Reasoning with 0 options,high,script,LT-authored(predicted)
APQ-M-QE-003,bank,quadratic-equations,lazytopper/src/data/questionBanks/class10/maths/quadratic-equations.additionalPQ.ts:28,broken (solver),OR-part says 'Shown below is a cuboid' but no figure/dimensions are given; the solution uses a 5 cm dimension and 'h-4' not derivable from the stem.,high,agent:quadratic-equations,official(additionalPQ)
CBE-M-QE-A-002,bank,quadratic-equations,lazytopper/src/data/questionBanks/class10/maths/quadratic-equations.cbe.ts:40,broken (solver),"Explanation arithmetic wrong: 9 - 44 = -35, not -44 (answer B still correct).",high,agent:quadratic-equations,official(cbe)
PYQ-M-2024-QE-003,bank,quadratic-equations,lazytopper/src/data/questionBanks/class10/maths/quadratic-equations.pyq2024.ts:28,broken (solver),"Options garbled from PDF ('a 2 b', '- a 4 b2 1530/5/2'); fraction structure lost, page footer leaked; answer stored as 'a 4 b2'.",high,agent:quadratic-equations,official(pyq2024)
PYQ-M-2025-QE-002,bank,quadratic-equations,lazytopper/src/data/questionBanks/class10/maths/quadratic-equations.pyq2025.ts:19,broken (solver),Stem carries leaked mark numbers ('... 1 (ii) ... 2 OR ...') and truncated text 'find the width of the 2'.,medium,agent:quadratic-equations,official(pyq2025)
PYQ-M-QE-002,bank,quadratic-equations,lazytopper/src/data/questionBanks/class10/maths/quadratic-equations.pyq.ts:19,broken (solver),"Options truncated: '-2,' and '2,' (second root missing), leaving options unreadable.",high,agent:quadratic-equations,official(pyq)
QE-N-EXMPLR-4-CB-001,bank,quadratic-equations,lazytopper/src/data/questionBanks/class10/maths/quadraticEquations.exemplar.ts:258,broken (solver),lastStep contains scratch text 'Hmm - verify: ...'.,high,agent:quadratic-equations,official(exemplar)
QE-N-EXMPLR-4-MCQ-002,bank,quadratic-equations,lazytopper/src/data/questionBanks/class10/maths/quadraticEquations.exemplar.ts:19,broken (solver),"Explanation contains 'Wait - this IS quadratic, so we must re-check' scratch reasoning.",high,agent:quadratic-equations,official(exemplar)
QE-N-EXMPLR-4-MCQ-005,bank,quadratic-equations,lazytopper/src/data/questionBanks/class10/maths/quadraticEquations.exemplar.ts:46,broken (solver),"Explanation contains model scratch text ('wait check sign of b ... Per the Exemplar key, the correct option is (c') and contradicts finalAnswer.",high,agent:quadratic-equations,official(exemplar)
QE-N-NCERT-4-MCQ-001,bank,quadratic-equations,lazytopper/src/data/questionBanks/class10/maths/quadraticEquations.ncert.ts:10,broken (solver),Option text contains answer-leaking annotations '(after simplification: linear)'.,high,agent:quadratic-equations,official(ncert)
QE2-041,bank,quadratic-equations,lazytopper/src/data/questionBanks/class10/maths/quadraticEquations.pack2.ts:1161,broken (solver),lastStep contains scratch text 'Or if different interpretation: ...'.,high,agent:quadratic-equations,LT-authored(AI pack)
QE2-053,bank,quadratic-equations,lazytopper/src/data/questionBanks/class10/maths/quadraticEquations.pack2.ts:1359,broken (solver),Explanation contains scratch text 'Wait: ... Answer is 3' contradicting keyed answer 1.,high,agent:quadratic-equations,LT-authored(AI pack)
Z3-QE-003,bank,quadratic-equations,lazytopper/src/data/questionBanks/class10/maths/competency.z3.ts:196,broken (solver),"finalAnswer/lastStep say sub-parts (i),(ii),(iv) are 'pending verification'; answer incomplete.",high,agent:quadratic-equations,transcribed-third-party(z3)
CBE-M-QE-E-001,bank,quadratic-equations,lazytopper/src/data/questionBanks/class10/maths/quadratic-equations.cbe.ts:170,case-missing-subparts,case/Section-E row with no (i)/(ii)/(iii) sub-questions in stem,high,script,official(cbe)
M-QUAD-1,promptD,quadratic-equations,lazytopper/src/data/promptDPracticePacks.ts:1532,missing-answer,"promptD pack row has no answer / solutionSteps / marking scheme (schema: id,text,marks,difficulty,questionType)",medium,script,LT-authored(promptD)
M-QUAD-10,promptD,quadratic-equations,lazytopper/src/data/promptDPracticePacks.ts:1595,missing-answer,"promptD pack row has no answer / solutionSteps / marking scheme (schema: id,text,marks,difficulty,questionType)",medium,script,LT-authored(promptD)
M-QUAD-2,promptD,quadratic-equations,lazytopper/src/data/promptDPracticePacks.ts:1539,missing-answer,"promptD pack row has no answer / solutionSteps / marking scheme (schema: id,text,marks,difficulty,questionType)",medium,script,LT-authored(promptD)
M-QUAD-3,promptD,quadratic-equations,lazytopper/src/data/promptDPracticePacks.ts:1546,missing-answer,"promptD pack row has no answer / solutionSteps / marking scheme (schema: id,text,marks,difficulty,questionType)",medium,script,LT-authored(promptD)
M-QUAD-4,promptD,quadratic-equations,lazytopper/src/data/promptDPracticePacks.ts:1553,missing-answer,"promptD pack row has no answer / solutionSteps / marking scheme (schema: id,text,marks,difficulty,questionType)",medium,script,LT-authored(promptD)
M-QUAD-5,promptD,quadratic-equations,lazytopper/src/data/promptDPracticePacks.ts:1560,missing-answer,"promptD pack row has no answer / solutionSteps / marking scheme (schema: id,text,marks,difficulty,questionType)",medium,script,LT-authored(promptD)
M-QUAD-6,promptD,quadratic-equations,lazytopper/src/data/promptDPracticePacks.ts:1567,missing-answer,"promptD pack row has no answer / solutionSteps / marking scheme (schema: id,text,marks,difficulty,questionType)",medium,script,LT-authored(promptD)
M-QUAD-7,promptD,quadratic-equations,lazytopper/src/data/promptDPracticePacks.ts:1574,missing-answer,"promptD pack row has no answer / solutionSteps / marking scheme (schema: id,text,marks,difficulty,questionType)",medium,script,LT-authored(promptD)
M-QUAD-8,promptD,quadratic-equations,lazytopper/src/data/promptDPracticePacks.ts:1581,missing-answer,"promptD pack row has no answer / solutionSteps / marking scheme (schema: id,text,marks,difficulty,questionType)",medium,script,LT-authored(promptD)
M-QUAD-9,promptD,quadratic-equations,lazytopper/src/data/promptDPracticePacks.ts:1588,missing-answer,"promptD pack row has no answer / solutionSteps / marking scheme (schema: id,text,marks,difficulty,questionType)",medium,script,LT-authored(promptD)
qe-comp-01,hpq,quadratic-equations,lazytopper/src/data/hpqCompetencyAdditions.ts:792,missing-marking-scheme,written question with no solutionSteps,medium,script,LT-authored(hpq)
2026-QE-AR-05,predicted,quadratic-equations,lazytopper/src/data/predictedQuestions.ts:821,missing-options,Assertion-Reasoning with 0 options,high,script,LT-authored(predicted)
2026-QE-AR-11,predicted,quadratic-equations,lazytopper/src/data/predictedQuestions.ts:1737,missing-options,Assertion-Reasoning with 0 options,high,script,LT-authored(predicted)
CBE-M-RN-A-002,bank,real-numbers,lazytopper/src/data/questionBanks/class10/maths/real-numbers.cbe.ts:37,broken (solver),Stem logically flawed: HCF of volumes (15 m³) is not the volume of a cube that fills cubical warehouses of 165/195/285 m³; intended edge-HCF reasoning,uncertain,agent:real-numbers,official(cbe)
CFPQ-M-REALNUM-005,bank,real-numbers,lazytopper/src/data/questionBanks/class10/maths/real-numbers.cfpq.ts:254,broken (solver),Stem says 'Two representations of real numbers are shown below' but the figure is neither included nor described; unanswerable as text,high,agent:real-numbers,official(cfpq)
PYQ-M-2024-REALNUM-001,bank,real-numbers,lazytopper/src/data/questionBanks/class10/maths/real-numbers.pyq2024.ts:12,broken (solver),"Options lost superscripts ('22 × 3 × 5', '23 × 32 × 5') and option (d) has leftover page text '1430(B)'",high,agent:real-numbers,official(pyq2024)
PYQ-M-2025-REALNUM-001,bank,real-numbers,lazytopper/src/data/questionBanks/class10/maths/real-numbers.pyq2025.ts:11,broken (solver),Option (d) contains an entire leftover question-paper General Instructions block; row also duplicates PYQ-M-2025-REALNUM-002,high,agent:real-numbers,official(pyq2025)
PYQ-M-RN-002,bank,real-numbers,lazytopper/src/data/questionBanks/class10/maths/real-numbers.pyq.ts:19,broken (solver),Stem reads '5n' - superscript lost; should be 5ⁿ,high,agent:real-numbers,official(pyq)
PYQ-M-RN-006,bank,real-numbers,lazytopper/src/data/questionBanks/class10/maths/real-numbers.pyq.ts:48,broken (solver),"Answer/solution truncated at 'HCF (60, 90) =' - final value missing",high,agent:real-numbers,official(pyq)
PYQ-M-RN-007,bank,real-numbers,lazytopper/src/data/questionBanks/class10/maths/real-numbers.pyq.ts:55,broken (solver),"Solution garbled (superscripts lost: '25 x 3', '23 x 3 x 5', 'ol.') and truncated at 'LCM ='; final LCM missing",high,agent:real-numbers,official(pyq)
RN-E05,bank,real-numbers,lazytopper/src/data/questionBanks/class10/maths/realNumbers.pack1.ts:38,broken (solver),Option '0.¯3' has a garbled recurring-decimal overbar,medium,agent:real-numbers,LT-authored(AI pack)
RN2-018,bank,real-numbers,lazytopper/src/data/questionBanks/class10/maths/realNumbers.pack2.ts:327,broken (solver),Stem self-contradictory: first clock rings every 20 min (3 times/hour) but part (ii) says 'rings 6 times per hour'; answer 144 uses the 6/hour figure,medium,agent:real-numbers,LT-authored(AI pack)
PYQ-M-RN-008,bank,real-numbers,lazytopper/src/data/questionBanks/class10/maths/real-numbers.pyq.ts:62,header-or-source-text,"stem contains ""SECTION – D"": …'rove that √5 is an irrational number. 3 SECTION – D Section - D consists of Long Answer (LA'…",high,script,official(pyq)
M-REAL-1,promptD,real-numbers,lazytopper/src/data/promptDPracticePacks.ts:1261,missing-answer,"promptD pack row has no answer / solutionSteps / marking scheme (schema: id,text,marks,difficulty,questionType)",medium,script,LT-authored(promptD)
M-REAL-10,promptD,real-numbers,lazytopper/src/data/promptDPracticePacks.ts:1317,missing-answer,"promptD pack row has no answer / solutionSteps / marking scheme (schema: id,text,marks,difficulty,questionType)",medium,script,LT-authored(promptD)
M-REAL-2,promptD,real-numbers,lazytopper/src/data/promptDPracticePacks.ts:1268,missing-answer,"promptD pack row has no answer / solutionSteps / marking scheme (schema: id,text,marks,difficulty,questionType)",medium,script,LT-authored(promptD)
M-REAL-3,promptD,real-numbers,lazytopper/src/data/promptDPracticePacks.ts:1275,missing-answer,"promptD pack row has no answer / solutionSteps / marking scheme (schema: id,text,marks,difficulty,questionType)",medium,script,LT-authored(promptD)
M-REAL-4,promptD,real-numbers,lazytopper/src/data/promptDPracticePacks.ts:1282,missing-answer,"promptD pack row has no answer / solutionSteps / marking scheme (schema: id,text,marks,difficulty,questionType)",medium,script,LT-authored(promptD)
M-REAL-5,promptD,real-numbers,lazytopper/src/data/promptDPracticePacks.ts:1289,missing-answer,"promptD pack row has no answer / solutionSteps / marking scheme (schema: id,text,marks,difficulty,questionType)",medium,script,LT-authored(promptD)
M-REAL-7,promptD,real-numbers,lazytopper/src/data/promptDPracticePacks.ts:1296,missing-answer,"promptD pack row has no answer / solutionSteps / marking scheme (schema: id,text,marks,difficulty,questionType)",medium,script,LT-authored(promptD)
M-REAL-8,promptD,real-numbers,lazytopper/src/data/promptDPracticePacks.ts:1303,missing-answer,"promptD pack row has no answer / solutionSteps / marking scheme (schema: id,text,marks,difficulty,questionType)",medium,script,LT-authored(promptD)
M-REAL-9,promptD,real-numbers,lazytopper/src/data/promptDPracticePacks.ts:1310,missing-answer,"promptD pack row has no answer / solutionSteps / marking scheme (schema: id,text,marks,difficulty,questionType)",medium,script,LT-authored(promptD)
rn-comp-01,hpq,real-numbers,lazytopper/src/data/hpqCompetencyAdditions.ts:10,missing-marking-scheme,written question with no solutionSteps,medium,script,LT-authored(hpq)
CBE-M-RN-B-004,bank,real-numbers,lazytopper/src/data/questionBanks/class10/maths/real-numbers.cbe.ts:193,step-marks-partial,1/3 steps carry a [N mark] prefix,low,script,official(cbe)
CBE-M-RN-B-004,bank,real-numbers,lazytopper/src/data/questionBanks/class10/maths/real-numbers.cbe.ts:193,step-marks-sum,"[N mark] prefixes sum to 1, marks=2",high,script,official(cbe)
2026-STAT-SA-05,predicted,statistics,lazytopper/src/data/predictedQuestions.ts:1471,broken (solver),"Answer field gives only a method description, no final value",medium,agent:statistics,LT-authored(predicted)
APQ-M-STAT-003,bank,statistics,lazytopper/src/data/questionBanks/class10/maths/statistics.additionalPQ.ts:28,broken (solver),Stem refers to 'The table depicts the weight of students' but no table is given; explanation says REQUIRES-FIGURE — unanswerable as served,high,agent:statistics,official(additionalPQ)
APQ-M-STAT-005,bank,statistics,lazytopper/src/data/questionBanks/class10/maths/statistics.additionalPQ.ts:46,broken (solver),Main part refers to a cumulative 'and above' table that is not given; only the OR part has data,high,agent:statistics,official(additionalPQ)
APQ-M-STAT-008,bank,statistics,lazytopper/src/data/questionBanks/class10/maths/statistics.additionalPQ.ts:74,broken (solver),Stem relies on a 'pyramid graph' of MP ages that is not included/described — unanswerable,high,agent:statistics,official(additionalPQ)
CBE-M-STAT-B-001,bank,statistics,lazytopper/src/data/questionBanks/class10/maths/statistics.cbe.ts:41,broken (solver),Class list jumps 140–145 then 150–155 (145–150 missing) — non-contiguous classes,uncertain,agent:statistics,official(cbe)
CBE-M-STAT-C-001,bank,statistics,lazytopper/src/data/questionBanks/class10/maths/statistics.cbe.ts:61,broken (solver),"Same table: 140–145 then 150–155, class 145–150 missing",uncertain,agent:statistics,official(cbe)
PYQ-M-2024-STAT-001,bank,statistics,lazytopper/src/data/questionBanks/class10/maths/statistics.pyq2024.ts:12,broken (solver),Answer text garbled: 'Mean = 296 28 = 74 7' (fraction 74/7 flattened),medium,agent:statistics,official(pyq2024)
PYQ-M-2025-STAT-001,bank,statistics,lazytopper/src/data/questionBanks/class10/maths/statistics.pyq2025.ts:11,broken (solver),"Stem truncated ('in the following table, if the mean...' — missing 'Find the missing frequency f') and trailing garbage '3 4 3 4=12'",high,agent:statistics,official(pyq2025)
PYQ-M-2025-STAT-002,bank,statistics,lazytopper/src/data/questionBanks/class10/maths/statistics.pyq2025.ts:18,broken (solver),"Last class 185-205 has no frequency in stem (4 missing), though key uses 68 consumers",high,agent:statistics,official(pyq2025)
PYQ-M-2026-STAT-002,bank,statistics,lazytopper/src/data/questionBanks/class10/maths/statistics.pyq2026.ts:19,broken (solver),Stem starts mid-text ('of 24 (b) Compute median...') and answer/lastStep are from a heights-and-distances (trig) question,high,agent:statistics,official(pyq2026)
PYQ-M-STAT-001,bank,statistics,lazytopper/src/data/questionBanks/class10/maths/statistics.pyq.ts:11,broken (solver),Stray marks digit leaked into text: 'distribution : 1 Class...' and finalAnswer '(b) 25 1',medium,agent:statistics,official(pyq)
PYQ-M-STAT-006,bank,statistics,lazytopper/src/data/questionBanks/class10/maths/statistics.pyq.ts:51,broken (solver),"Stem lists 7 classes but only 6 frequencies (55-60 → 4 missing); answer text is garbled PDF table dump ('𝟕𝟗 𝟕𝟎', 'For correct table 2 Marks 17')",high,agent:statistics,official(pyq)
PYQ-M-STAT-010,bank,statistics,lazytopper/src/data/questionBanks/class10/maths/statistics.pyq.ts:93,broken (solver),Rupee symbol garbled as '(in `)' in stem,medium,agent:statistics,official(pyq)
ST2-036,bank,statistics,lazytopper/src/data/questionBanks/class10/maths/statistics.pack2.ts:757,broken (solver),Stem lacks the class mark of the mis-recorded frequency (and Σf would change 40→37); answer 'typically 39.75 to 41.25' is not a determinate answer,high,agent:statistics,LT-authored(AI pack)
STAT-N-EXEM-13-CRE-001,bank,statistics,lazytopper/src/data/questionBanks/class10/maths/statistics.exemplar.ts:164,broken (solver),"Step text contains leaked self-correction ('max freq 12 ... ≈ 24.67 — close to 25 but not exact ... try f0 = 5') inconsistent with final frequencies 0,5,11,5",medium,agent:statistics,official(exemplar)
2026-STAT-CASE-01,predicted,statistics,lazytopper/src/data/predictedQuestions.ts:643,case-missing-subparts,case/Section-E row with no (i)/(ii)/(iii) sub-questions in stem,high,script,LT-authored(predicted)
M-STAT-1,promptD,statistics,lazytopper/src/data/promptDPracticePacks.ts:2296,missing-answer,"promptD pack row has no answer / solutionSteps / marking scheme (schema: id,text,marks,difficulty,questionType)",medium,script,LT-authored(promptD)
M-STAT-10,promptD,statistics,lazytopper/src/data/promptDPracticePacks.ts:2359,missing-answer,"promptD pack row has no answer / solutionSteps / marking scheme (schema: id,text,marks,difficulty,questionType)",medium,script,LT-authored(promptD)
M-STAT-2,promptD,statistics,lazytopper/src/data/promptDPracticePacks.ts:2303,missing-answer,"promptD pack row has no answer / solutionSteps / marking scheme (schema: id,text,marks,difficulty,questionType)",medium,script,LT-authored(promptD)
M-STAT-3,promptD,statistics,lazytopper/src/data/promptDPracticePacks.ts:2310,missing-answer,"promptD pack row has no answer / solutionSteps / marking scheme (schema: id,text,marks,difficulty,questionType)",medium,script,LT-authored(promptD)
M-STAT-4,promptD,statistics,lazytopper/src/data/promptDPracticePacks.ts:2317,missing-answer,"promptD pack row has no answer / solutionSteps / marking scheme (schema: id,text,marks,difficulty,questionType)",medium,script,LT-authored(promptD)
M-STAT-5,promptD,statistics,lazytopper/src/data/promptDPracticePacks.ts:2324,missing-answer,"promptD pack row has no answer / solutionSteps / marking scheme (schema: id,text,marks,difficulty,questionType)",medium,script,LT-authored(promptD)
M-STAT-6,promptD,statistics,lazytopper/src/data/promptDPracticePacks.ts:2331,missing-answer,"promptD pack row has no answer / solutionSteps / marking scheme (schema: id,text,marks,difficulty,questionType)",medium,script,LT-authored(promptD)
M-STAT-7,promptD,statistics,lazytopper/src/data/promptDPracticePacks.ts:2338,missing-answer,"promptD pack row has no answer / solutionSteps / marking scheme (schema: id,text,marks,difficulty,questionType)",medium,script,LT-authored(promptD)
M-STAT-8,promptD,statistics,lazytopper/src/data/promptDPracticePacks.ts:2345,missing-answer,"promptD pack row has no answer / solutionSteps / marking scheme (schema: id,text,marks,difficulty,questionType)",medium,script,LT-authored(promptD)
M-STAT-9,promptD,statistics,lazytopper/src/data/promptDPracticePacks.ts:2352,missing-answer,"promptD pack row has no answer / solutionSteps / marking scheme (schema: id,text,marks,difficulty,questionType)",medium,script,LT-authored(promptD)
stats-comp-01,hpq,statistics,lazytopper/src/data/hpqCompetencyAdditions.ts:713,missing-marking-scheme,written question with no solutionSteps,medium,script,LT-authored(hpq)
2026-STAT-AR-03,predicted,statistics,lazytopper/src/data/predictedQuestions.ts:1018,missing-options,Assertion-Reasoning with 0 options,high,script,LT-authored(predicted)
2026-STAT-AR-11,predicted,statistics,lazytopper/src/data/predictedQuestions.ts:2037,missing-options,Assertion-Reasoning with 0 options,high,script,LT-authored(predicted)
APQ-M-SAV-004,bank,surface-areas-and-volumes,lazytopper/src/data/questionBanks/class10/maths/surface-areas-and-volumes.additionalPQ.ts:37,broken (solver),"""Shown is a right circular cone of volume 13,600 cm³"" — dimensions only in the missing figure; OR part also needs a figure. Unsolvable as text.",high,agent:surface-areas-and-volumes,official(additionalPQ)
APQ-M-SAV-006,bank,surface-areas-and-volumes,lazytopper/src/data/questionBanks/class10/maths/surface-areas-and-volumes.additionalPQ.ts:54,broken (solver),"(ii) answer says ""Ratio V1:V2 from MS"" (no value); OR part relies on figure (""geometry shown"").",high,agent:surface-areas-and-volumes,official(additionalPQ)
PYQ-M-2024-SAV-002,bank,surface-areas-and-volumes,lazytopper/src/data/questionBanks/class10/maths/surface-areas-and-volumes.pyq2024.ts:20,broken (solver),"π rendered as ""p"" in options; option D contains page-header junk ""1430/4/1"".",high,agent:surface-areas-and-volumes,official(pyq2024)
PYQ-M-2024-SAV-003,bank,surface-areas-and-volumes,lazytopper/src/data/questionBanks/class10/maths/surface-areas-and-volumes.pyq2024.ts:28,broken (solver),"""endtoend"" and finalAnswer ""10𝑎2 1"" garbled (superscript lost, stray mark).",medium,agent:surface-areas-and-volumes,official(pyq2024)
PYQ-M-2024-SAV-004a,bank,surface-areas-and-volumes,lazytopper/src/data/questionBanks/class10/maths/surface-areas-and-volumes.pyq2024.ts:36,broken (solver),"""height 3×5 m"" should be 3.5 m (decimal dot garbled to ×); trailing ""OR 1430(B)"" header; answer has stray ""2 + 2"".",high,agent:surface-areas-and-volumes,official(pyq2024)
PYQ-M-2024-SAV-006,bank,surface-areas-and-volumes,lazytopper/src/data/questionBanks/class10/maths/surface-areas-and-volumes.pyq2024.ts:50,broken (solver),"""´"" for ×; part (iii) asks about a cup ""as shown in the figure"" but cup dimensions (r=5, h=7) are not in the stem.",high,agent:surface-areas-and-volumes,official(pyq2024)
PYQ-M-2025-SAV-001,bank,surface-areas-and-volumes,lazytopper/src/data/questionBanks/class10/maths/surface-areas-and-volumes.pyq2025.ts:11,broken (solver),"Reason reads ""3 r2"" — π and superscript lost (should read 3πr²).",medium,agent:surface-areas-and-volumes,official(pyq2025)
PYQ-M-2025-SAV-002,bank,surface-areas-and-volumes,lazytopper/src/data/questionBanks/class10/maths/surface-areas-and-volumes.pyq2025.ts:19,broken (solver),"Stem missing the air volume and π value (""contains m3 of air"", ""(Use = )""). Unsolvable as text.",high,agent:surface-areas-and-volumes,official(pyq2025)
PYQ-M-2025-SAV-004,bank,surface-areas-and-volumes,lazytopper/src/data/questionBanks/class10/maths/surface-areas-and-volumes.pyq2025.ts:33,broken (solver),"Stem ends with stray marking-scheme residue ""3 4 3 4=12""; ""onefourth"" missing hyphen.",medium,agent:surface-areas-and-volumes,official(pyq2025)
PYQ-M-2026-SAV-001,bank,surface-areas-and-volumes,lazytopper/src/data/questionBanks/class10/maths/surface-areas-and-volumes.pyq2026.ts:12,broken (solver),"Options lose √ (""314 2 cm2"", ""3140 3 cm2"") and stem says ""use = 3.14"" (π missing).",high,agent:surface-areas-and-volumes,official(pyq2026)
PYQ-M-2026-SAV-002,bank,surface-areas-and-volumes,lazytopper/src/data/questionBanks/class10/maths/surface-areas-and-volumes.pyq2026.ts:20,broken (solver),"Answer text has extraction-broken fractions/superscripts (""22 7 × 2.1"", ""cm3"").",medium,agent:surface-areas-and-volumes,official(pyq2026)
PYQ-M-2026-SAV-003,bank,surface-areas-and-volumes,lazytopper/src/data/questionBanks/class10/maths/surface-areas-and-volumes.pyq2026.ts:27,broken (solver),"Stem contains figure-label junk (""of 24 (i) 1 (ii) 1 cm ? 1 ..."") and ""×"" missing in ""24 cm 12 cm 17 cm""; answer units lost (""154 cm"", ""1512 cm"").",high,agent:surface-areas-and-volumes,official(pyq2026)
PYQ-M-SAV-001,bank,surface-areas-and-volumes,lazytopper/src/data/questionBanks/class10/maths/surface-areas-and-volumes.pyq.ts:11,broken (solver),"Options garbled by PDF extraction (""6 5 cm"", ""3 5 cm"", ""2 5 cm"") — fractions/radicals lost.",high,agent:surface-areas-and-volumes,official(pyq)
PYQ-M-SAV-005,bank,surface-areas-and-volumes,lazytopper/src/data/questionBanks/class10/maths/surface-areas-and-volumes.pyq.ts:61,broken (solver),"Stem ends with garbled Hindi/encoding junk ""àH$aU AÜ``Z""; answer text has broken fractions (""22 7 × 7 2"").",high,agent:surface-areas-and-volumes,official(pyq)
SAV-N-NCERT-12-MCQ-002,bank,surface-areas-and-volumes,lazytopper/src/data/questionBanks/class10/maths/surfaceAreasAndVolumes.ncert.ts:27,broken (solver),"finalAnswer says ""option (A)"" but π cm³ is the third option (C).",medium,agent:surface-areas-and-volumes,official(ncert)
Z3-SAV-005,bank,surface-areas-and-volumes,lazytopper/src/data/questionBanks/class10/maths/competency.z3.ts:698,broken (solver),"finalAnswer/steps leave (i),(ii),(v) ""pending verification"". Also 5 sub-parts on a 4-mark case.",high,agent:surface-areas-and-volumes,transcribed-third-party(z3)
PYQ-M-SAV-005,bank,surface-areas-and-volumes,lazytopper/src/data/questionBanks/class10/maths/surface-areas-and-volumes.pyq.ts:61,broken-latex,"stem: odd number of $ delimiters: 'In a coffee shop, coffee is served in two types of cups. One is cylindrical in shape with diameter 7 cm and height 14 cm'",high,script,official(pyq)
SAV-N-NCERT-12-CB-002,bank,surface-areas-and-volumes,lazytopper/src/data/questionBanks/class10/maths/surfaceAreasAndVolumes.ncert.ts:211,case-missing-subparts,case/Section-E row with no (i)/(ii)/(iii) sub-questions in stem,high,script,official(ncert)
M-SAV-1,promptD,surface-areas-and-volumes,lazytopper/src/data/promptDPracticePacks.ts:2208,missing-answer,"promptD pack row has no answer / solutionSteps / marking scheme (schema: id,text,marks,difficulty,questionType)",medium,script,LT-authored(promptD)
M-SAV-10,promptD,surface-areas-and-volumes,lazytopper/src/data/promptDPracticePacks.ts:2264,missing-answer,"promptD pack row has no answer / solutionSteps / marking scheme (schema: id,text,marks,difficulty,questionType)",medium,script,LT-authored(promptD)
M-SAV-2,promptD,surface-areas-and-volumes,lazytopper/src/data/promptDPracticePacks.ts:2215,missing-answer,"promptD pack row has no answer / solutionSteps / marking scheme (schema: id,text,marks,difficulty,questionType)",medium,script,LT-authored(promptD)
M-SAV-3,promptD,surface-areas-and-volumes,lazytopper/src/data/promptDPracticePacks.ts:2222,missing-answer,"promptD pack row has no answer / solutionSteps / marking scheme (schema: id,text,marks,difficulty,questionType)",medium,script,LT-authored(promptD)
M-SAV-4,promptD,surface-areas-and-volumes,lazytopper/src/data/promptDPracticePacks.ts:2229,missing-answer,"promptD pack row has no answer / solutionSteps / marking scheme (schema: id,text,marks,difficulty,questionType)",medium,script,LT-authored(promptD)
M-SAV-5,promptD,surface-areas-and-volumes,lazytopper/src/data/promptDPracticePacks.ts:2236,missing-answer,"promptD pack row has no answer / solutionSteps / marking scheme (schema: id,text,marks,difficulty,questionType)",medium,script,LT-authored(promptD)
M-SAV-7,promptD,surface-areas-and-volumes,lazytopper/src/data/promptDPracticePacks.ts:2243,missing-answer,"promptD pack row has no answer / solutionSteps / marking scheme (schema: id,text,marks,difficulty,questionType)",medium,script,LT-authored(promptD)
M-SAV-8,promptD,surface-areas-and-volumes,lazytopper/src/data/promptDPracticePacks.ts:2250,missing-answer,"promptD pack row has no answer / solutionSteps / marking scheme (schema: id,text,marks,difficulty,questionType)",medium,script,LT-authored(promptD)
M-SAV-9,promptD,surface-areas-and-volumes,lazytopper/src/data/promptDPracticePacks.ts:2257,missing-answer,"promptD pack row has no answer / solutionSteps / marking scheme (schema: id,text,marks,difficulty,questionType)",medium,script,LT-authored(promptD)
sav-comp-03,hpq,surface-areas-and-volumes,lazytopper/src/data/hpqCompetencyAdditions.ts:1044,missing-marking-scheme,written question with no solutionSteps,medium,script,LT-authored(hpq)
2026-TRI-MCQ-05,predicted,triangles,lazytopper/src/data/predictedQuestions.ts:1786,broken (solver),Stem contains broken LaTeX '\\(\\\\frac{AB}{DE} = \\\\frac{AC}{DF})\\' that will render as raw markup.,medium,agent:triangles,LT-authored(predicted)
2026-TRI-SA-07,predicted,triangles,lazytopper/src/data/predictedQuestions.ts:1808,broken (solver),lastStep is a generic placeholder 'Cross-multiply and solve for x' - no x in the question.,medium,agent:triangles,LT-authored(predicted)
APQ-M-TRI-001,bank,triangles,lazytopper/src/data/questionBanks/class10/maths/triangles.additionalPQ.ts:10,broken (solver),Figure-dependent: PR = 20 cm is taken 'from figure' and never given in the stem; the explanation also mislabels the ratio (writes QT/QP before QT/QR).,high,agent:triangles,official(additionalPQ)
APQ-M-TRI-002,bank,triangles,lazytopper/src/data/questionBanks/class10/maths/triangles.additionalPQ.ts:20,broken (solver),Stem relies on an undescribed figure (angles/sides of the two scalene triangles not given); cannot be answered from text.,high,agent:triangles,official(additionalPQ)
APQ-M-TRI-003,bank,triangles,lazytopper/src/data/questionBanks/class10/maths/triangles.additionalPQ.ts:30,broken (solver),Wind-chime question needs the figure (rod lengths/positions); explanation only says 'Per MS: 111/7'. Unanswerable from text.,high,agent:triangles,official(additionalPQ)
APQ-M-TRI-005,bank,triangles,lazytopper/src/data/questionBanks/class10/maths/triangles.additionalPQ.ts:49,broken (solver),"Explanation literally contains 'REQUIRES-FIGURE'; x and y are undefined in the stem and stem ends '(find x, y)'.",high,agent:triangles,official(additionalPQ)
APQ-M-TRI-008,bank,triangles,lazytopper/src/data/questionBanks/class10/maths/triangles.additionalPQ.ts:76,broken (solver),"Only AC = 25 cm is given; the other lengths needed (QR = 4, PQ = 16/3 from figure) are absent - unanswerable from text.",high,agent:triangles,official(additionalPQ)
APQ-M-TRI-009,bank,triangles,lazytopper/src/data/questionBanks/class10/maths/triangles.additionalPQ.ts:87,broken (solver),p and r are never defined in the stem (sketch not described); the answer cannot be derived from text.,high,agent:triangles,official(additionalPQ)
APQ-M-TRI-010,bank,triangles,lazytopper/src/data/questionBanks/class10/maths/triangles.additionalPQ.ts:97,broken (solver),'Shown are two triangles such that length of two sides of each is known' - side values not given; option (d) is a garbled parenthetical.,medium,agent:triangles,official(additionalPQ)
CBE-M-TRI-A-001,bank,triangles,lazytopper/src/data/questionBanks/class10/maths/triangles.cbe.ts:17,broken (solver),"Stem says 'In the figure, ST is parallel to QR. What is the length of SP?' but gives no lengths; the values TP=3, RT=2, QS=3 used in the explanation are not in the stem.",high,agent:triangles,official(cbe)
CBE-M-TRI-C-004,bank,triangles,lazytopper/src/data/questionBanks/class10/maths/triangles.cbe.ts:293,broken (solver),"Figure-dependent: stem gives only 'BA, FE and CD are parallel'; collinearity (A,E,G,C and F,G,D) needed for the similar triangles is not described.",medium,agent:triangles,official(cbe)
CBE-M-TRI-C-005,bank,triangles,lazytopper/src/data/questionBanks/class10/maths/triangles.cbe.ts:316,broken (solver),"Figure-dependent: collinearity of A, E, G, C (needed for CE = GC + EG) not stated in stem.",medium,agent:triangles,official(cbe)
PYQ-M-2024-TRI-002,bank,triangles,lazytopper/src/data/questionBanks/class10/maths/triangles.pyq2024.ts:20,broken (solver),"Options garbled: fractions flattened ('3 10', '10 3', '3 16') and page artifact '1·2 cm 1530/5/1' in option (d); 'D ABC' should be '△ABC'.",high,agent:triangles,official(pyq2024)
PYQ-M-2026-TRI-001,bank,triangles,lazytopper/src/data/questionBanks/class10/maths/triangles.pyq2026.ts:12,broken (solver),"Fraction options flattened ('AC BC = PR QR'), triangle symbols and ∠ lost ('ABC ~ PQR', 'C = R'); finalAnswer and expl contain garbled Oriya-script glyphs (୅େ ୆େ).",high,agent:triangles,official(pyq2026)
PYQ-M-2026-TRI-002,bank,triangles,lazytopper/src/data/questionBanks/class10/maths/triangles.pyq2026.ts:20,broken (solver),"Answer is a broken fragment ('Thus, OPBQ is a square ... Now, AC = AR + CR r = 3 cm') - missing AC = 17 and the equation 17 = 23 − 2r.",high,agent:triangles,official(pyq2026)
PYQ-M-2026-TRI-004,bank,triangles,lazytopper/src/data/questionBanks/class10/maths/triangles.pyq2026.ts:34,broken (solver),"Stem omits the vertex coordinates of A, B, C ('ABC' with no data) and △ symbol; answer has garbled glyphs (൬ ൰) and flattened fractions.",high,agent:triangles,official(pyq2026)
PYQ-M-TRI-002,bank,triangles,lazytopper/src/data/questionBanks/class10/maths/triangles.pyq.ts:19,broken (solver),Parallel symbol lost: 'AB PQ' should read 'AB ∥ PQ'; figure (O between) not described; explanation is just 'Correct option'.,high,agent:triangles,official(pyq)
PYQ-M-TRI-003,bank,triangles,lazytopper/src/data/questionBanks/class10/maths/triangles.pyq.ts:27,broken (solver),Angle symbols lost: 'A = C' should be '∠A = ∠C'; figure configuration not described.,high,agent:triangles,official(pyq)
PYQ-M-TRI-004,bank,triangles,lazytopper/src/data/questionBanks/class10/maths/triangles.pyq.ts:35,broken (solver),'DE BC' lost the ∥ symbol and no lengths/expressions are given for x - unanswerable from stem.,high,agent:triangles,official(pyq)
PYQ-M-TRI-006,bank,triangles,lazytopper/src/data/questionBanks/class10/maths/triangles.pyq.ts:56,broken (solver),"Leftover mark numbers and page number in stem ('...R and S ? 1', '... ? 2 OR', '...(200, 800) ? 1 16'); figure (C location) not described though needed for (iii).",high,agent:triangles,official(pyq)
SP-M-2022-TRI-A-002,bank,triangles,lazytopper/src/data/questionBanks/class10/maths/triangles.sp.ts:33,broken (solver),"Stem 'In the given figure, ST || QR, then x is' has no data; the segment expressions (x, x+3, x+1, x+5) exist only in the explanation.",high,agent:triangles,official(sp)
TRI-N-EXMPLR-6-LA-002,bank,triangles,lazytopper/src/data/questionBanks/class10/maths/triangles.exemplar.ts:196,broken (solver),"Stem says 'AB and CD are two chords intersecting at P' yet gives AB = 6, AP = 12, BP = 15 (P cannot lie on a 6 cm segment AB); actual config is segments AD and BC crossing at P with △APB ~ △CPD.",medium,agent:triangles,official(exemplar)
TRI-N-EXMPLR-6-SA-011,bank,triangles,lazytopper/src/data/questionBanks/class10/maths/triangles.exemplar.ts:171,broken (solver),Stem says 'C on segment BD' but the solution (and Exemplar figure) has D on AB with BD = AB − AD; configuration text contradicts the working and includes hedging '(or with the standard NCERT/Exemplar configuration)'.,medium,agent:triangles,official(exemplar)
APQ-M-TRI-005,bank,triangles,lazytopper/src/data/questionBanks/class10/maths/triangles.additionalPQ.ts:49,figure-missing,"stem says ""In the given figure""; no figure bound in data/figures/* (getFiguresForQuestion returns [])",high,script,official(additionalPQ)
PYQ-M-2024-TRI-002,bank,triangles,lazytopper/src/data/questionBanks/class10/maths/triangles.pyq2024.ts:20,figure-missing,"stem says ""In the given figure""; no figure bound in data/figures/* (getFiguresForQuestion returns [])",high,script,official(pyq2024)
PYQ-M-2026-TRI-004,bank,triangles,lazytopper/src/data/questionBanks/class10/maths/triangles.pyq2026.ts:34,figure-missing,"stem says ""In the given figure""; no figure bound in data/figures/* (getFiguresForQuestion returns [])",high,script,official(pyq2026)
PYQ-M-TRI-002,bank,triangles,lazytopper/src/data/questionBanks/class10/maths/triangles.pyq.ts:19,figure-missing,"stem says ""In the given figure""; no figure bound in data/figures/* (getFiguresForQuestion returns [])",high,script,official(pyq)
PYQ-M-TRI-003,bank,triangles,lazytopper/src/data/questionBanks/class10/maths/triangles.pyq.ts:27,figure-missing,"stem says ""In the given figure""; no figure bound in data/figures/* (getFiguresForQuestion returns [])",high,script,official(pyq)
PYQ-M-TRI-004,bank,triangles,lazytopper/src/data/questionBanks/class10/maths/triangles.pyq.ts:35,figure-missing,"stem says ""In the given figure""; no figure bound in data/figures/* (getFiguresForQuestion returns [])",high,script,official(pyq)
SQP-M-TRI-003,bank,triangles,lazytopper/src/data/questionBanks/class10/maths/triangles.sqp.ts:57,figure-missing,"stem says ""In the given figure""; no figure bound in data/figures/* (getFiguresForQuestion returns [])",high,script,official(sqp)
TRI-N-EXMPLR-6-CB-001,bank,triangles,lazytopper/src/data/questionBanks/class10/maths/triangles.exemplar.ts:245,header-or-source-text,"stem contains ""Answer:"": …'enuse AC. Let AB = 16 cm and BC = 8 cm. Answer:\n(i) Which similarity criterion relates △'…",low,script,official(exemplar)
TRI-N-EXMPLR-6-CB-002,bank,triangles,lazytopper/src/data/questionBanks/class10/maths/triangles.exemplar.ts:253,header-or-source-text,"stem contains ""Answer:"": …', one is longer than the other by 5 cm. Answer:\n(i) Form a quadratic equation in the sho'…",low,script,official(exemplar)
TRI-N-NCERT-6-CB-002,bank,triangles,lazytopper/src/data/questionBanks/class10/maths/triangles.ncert.ts:213,header-or-source-text,"stem contains ""Answer:"": …' end is fixed to a stake on the ground. Answer:\n(i) Name the right angle in the pole-wir'…",low,script,official(ncert)
M-TRI-1,promptD,triangles,lazytopper/src/data/promptDPracticePacks.ts:1722,missing-answer,"promptD pack row has no answer / solutionSteps / marking scheme (schema: id,text,marks,difficulty,questionType)",medium,script,LT-authored(promptD)
M-TRI-10,promptD,triangles,lazytopper/src/data/promptDPracticePacks.ts:1750,missing-answer,"promptD pack row has no answer / solutionSteps / marking scheme (schema: id,text,marks,difficulty,questionType)",medium,script,LT-authored(promptD)
M-TRI-2,promptD,triangles,lazytopper/src/data/promptDPracticePacks.ts:1729,missing-answer,"promptD pack row has no answer / solutionSteps / marking scheme (schema: id,text,marks,difficulty,questionType)",medium,script,LT-authored(promptD)
M-TRI-4,promptD,triangles,lazytopper/src/data/promptDPracticePacks.ts:1736,missing-answer,"promptD pack row has no answer / solutionSteps / marking scheme (schema: id,text,marks,difficulty,questionType)",medium,script,LT-authored(promptD)
M-TRI-8,promptD,triangles,lazytopper/src/data/promptDPracticePacks.ts:1743,missing-answer,"promptD pack row has no answer / solutionSteps / marking scheme (schema: id,text,marks,difficulty,questionType)",medium,script,LT-authored(promptD)
2026-TRI-AR-03,predicted,triangles,lazytopper/src/data/predictedQuestions.ts:1366,missing-options,Assertion-Reasoning with 0 options,high,script,LT-authored(predicted)
2026-TRI-AR-09,predicted,triangles,lazytopper/src/data/predictedQuestions.ts:1830,missing-options,Assertion-Reasoning with 0 options,high,script,LT-authored(predicted)
2026-TRI-P1-A-011,bank,triangles,lazytopper/src/data/questionBanks/class10/maths/triangles.pack1.ts:372,missing-options,Assertion-Reasoning with 0 options,high,script,LT-authored(AI pack)
2026-TRI-P1-A-014,bank,triangles,lazytopper/src/data/questionBanks/class10/maths/triangles.pack1.ts:400,missing-options,Assertion-Reasoning with 0 options,high,script,LT-authored(AI pack)
2026-TRI-P1-A-020,bank,triangles,lazytopper/src/data/questionBanks/class10/maths/triangles.pack1.ts:456,missing-options,Assertion-Reasoning with 0 options,high,script,LT-authored(AI pack)
2026-TRIG-CASE-14,predicted,trigonometry,lazytopper/src/data/predictedQuestions.ts:1920,broken (solver),"Raw LaTeX in stem ""\(\\sqrt{3} = 1.732\)"" with unbalanced bracket",medium,agent:trigonometry,LT-authored(predicted)
2026-TRIG-P1-A-001,bank,trigonometry,lazytopper/src/data/questionBanks/class10/maths/trigonometry.pack1.ts:219,broken (solver),"format MCQ but has no options array and no inline options; question is phrased as open recall so it is answerable only as a free-response VSA, not as an MCQ",high,agent:misc,LT-authored(AI pack)
2026-TRIG-P1-A-002,bank,trigonometry,lazytopper/src/data/questionBanks/class10/maths/trigonometry.pack1.ts:225,broken (solver),"format MCQ but has no options array and no inline options; question is phrased as open recall so it is answerable only as a free-response VSA, not as an MCQ",high,agent:misc,LT-authored(AI pack)
2026-TRIG-P1-A-003,bank,trigonometry,lazytopper/src/data/questionBanks/class10/maths/trigonometry.pack1.ts:231,broken (solver),"format MCQ but has no options array and no inline options; question is phrased as open recall so it is answerable only as a free-response VSA, not as an MCQ",high,agent:misc,LT-authored(AI pack)
2026-TRIG-P1-A-004,bank,trigonometry,lazytopper/src/data/questionBanks/class10/maths/trigonometry.pack1.ts:237,broken (solver),"format MCQ but has no options array and no inline options; question is phrased as open recall so it is answerable only as a free-response VSA, not as an MCQ",high,agent:misc,LT-authored(AI pack)
2026-TRIG-P1-A-005,bank,trigonometry,lazytopper/src/data/questionBanks/class10/maths/trigonometry.pack1.ts:243,broken (solver),"format MCQ but has no options array and no inline options; question is phrased as open recall so it is answerable only as a free-response VSA, not as an MCQ",high,agent:misc,LT-authored(AI pack)
2026-TRIG-P1-A-006,bank,trigonometry,lazytopper/src/data/questionBanks/class10/maths/trigonometry.pack1.ts:250,broken (solver),"format MCQ but has no options array and no inline options; question is phrased as open recall so it is answerable only as a free-response VSA, not as an MCQ",high,agent:misc,LT-authored(AI pack)
2026-TRIG-P1-A-007,bank,trigonometry,lazytopper/src/data/questionBanks/class10/maths/trigonometry.pack1.ts:256,broken (solver),"format MCQ but has no options array and no inline options; question is phrased as open recall so it is answerable only as a free-response VSA, not as an MCQ",high,agent:misc,LT-authored(AI pack)
2026-TRIG-P1-A-008,bank,trigonometry,lazytopper/src/data/questionBanks/class10/maths/trigonometry.pack1.ts:262,broken (solver),"format MCQ but has no options array and no inline options; question is phrased as open recall so it is answerable only as a free-response VSA, not as an MCQ",high,agent:misc,LT-authored(AI pack)
2026-TRIG-P1-A-009,bank,trigonometry,lazytopper/src/data/questionBanks/class10/maths/trigonometry.pack1.ts:268,broken (solver),"format MCQ but has no options array and no inline options; question is phrased as open recall so it is answerable only as a free-response VSA, not as an MCQ",high,agent:misc,LT-authored(AI pack)
2026-TRIG-P1-A-010,bank,trigonometry,lazytopper/src/data/questionBanks/class10/maths/trigonometry.pack1.ts:275,broken (solver),"format MCQ but has no options array and no inline options; question is phrased as open recall so it is answerable only as a free-response VSA, not as an MCQ",high,agent:misc,LT-authored(AI pack)
2026-TRIG-P1-A-011,bank,trigonometry,lazytopper/src/data/questionBanks/class10/maths/trigonometry.pack1.ts:292,broken (solver),"format MCQ but has no options array and no inline options; question is phrased as open recall so it is answerable only as a free-response VSA, not as an MCQ",high,agent:misc,LT-authored(AI pack)
2026-TRIG-P1-A-012,bank,trigonometry,lazytopper/src/data/questionBanks/class10/maths/trigonometry.pack1.ts:293,broken (solver),"format MCQ but has no options array and no inline options; question is phrased as open recall so it is answerable only as a free-response VSA, not as an MCQ",high,agent:misc,LT-authored(AI pack)
2026-TRIG-P1-A-013,bank,trigonometry,lazytopper/src/data/questionBanks/class10/maths/trigonometry.pack1.ts:294,broken (solver),"format MCQ but has no options array and no inline options; question is phrased as open recall so it is answerable only as a free-response VSA, not as an MCQ",high,agent:misc,LT-authored(AI pack)
2026-TRIG-P1-A-014,bank,trigonometry,lazytopper/src/data/questionBanks/class10/maths/trigonometry.pack1.ts:295,broken (solver),"format MCQ but has no options array and no inline options; question is phrased as open recall so it is answerable only as a free-response VSA, not as an MCQ",high,agent:misc,LT-authored(AI pack)
2026-TRIG-P1-A-015,bank,trigonometry,lazytopper/src/data/questionBanks/class10/maths/trigonometry.pack1.ts:296,broken (solver),"format MCQ but has no options array and no inline options; question is phrased as open recall so it is answerable only as a free-response VSA, not as an MCQ",high,agent:misc,LT-authored(AI pack)
2026-TRIG-P1-A-016,bank,trigonometry,lazytopper/src/data/questionBanks/class10/maths/trigonometry.pack1.ts:297,broken (solver),"format MCQ but has no options array and no inline options; question is phrased as open recall so it is answerable only as a free-response VSA, not as an MCQ",high,agent:misc,LT-authored(AI pack)
2026-TRIG-P1-A-017,bank,trigonometry,lazytopper/src/data/questionBanks/class10/maths/trigonometry.pack1.ts:298,broken (solver),"format MCQ but has no options array and no inline options; question is phrased as open recall so it is answerable only as a free-response VSA, not as an MCQ",high,agent:misc,LT-authored(AI pack)
2026-TRIG-P1-A-018,bank,trigonometry,lazytopper/src/data/questionBanks/class10/maths/trigonometry.pack1.ts:299,broken (solver),"format MCQ but has no options array and no inline options; question is phrased as open recall so it is answerable only as a free-response VSA, not as an MCQ",high,agent:misc,LT-authored(AI pack)
2026-TRIG-P1-A-019,bank,trigonometry,lazytopper/src/data/questionBanks/class10/maths/trigonometry.pack1.ts:300,broken (solver),"format MCQ but has no options array and no inline options; question is phrased as open recall so it is answerable only as a free-response VSA, not as an MCQ",high,agent:misc,LT-authored(AI pack)
2026-TRIG-P1-A-020,bank,trigonometry,lazytopper/src/data/questionBanks/class10/maths/trigonometry.pack1.ts:301,broken (solver),"format MCQ but has no options array and no inline options; question is phrased as open recall so it is answerable only as a free-response VSA, not as an MCQ",high,agent:misc,LT-authored(AI pack)
2026-TRIG-P1-A-021,bank,trigonometry,lazytopper/src/data/questionBanks/class10/maths/trigonometry.pack1.ts:313,broken (solver),"format MCQ but has no options array and no inline options; question is phrased as open recall so it is answerable only as a free-response VSA, not as an MCQ",high,agent:misc,LT-authored(AI pack)
2026-TRIG-P1-A-022,bank,trigonometry,lazytopper/src/data/questionBanks/class10/maths/trigonometry.pack1.ts:314,broken (solver),"format MCQ but has no options array and no inline options; question is phrased as open recall so it is answerable only as a free-response VSA, not as an MCQ",high,agent:misc,LT-authored(AI pack)
2026-TRIG-P1-A-023,bank,trigonometry,lazytopper/src/data/questionBanks/class10/maths/trigonometry.pack1.ts:315,broken (solver),"format MCQ but has no options array and no inline options; question is phrased as open recall so it is answerable only as a free-response VSA, not as an MCQ",high,agent:misc,LT-authored(AI pack)
2026-TRIG-P1-A-024,bank,trigonometry,lazytopper/src/data/questionBanks/class10/maths/trigonometry.pack1.ts:316,broken (solver),"format MCQ but has no options array and no inline options; question is phrased as open recall so it is answerable only as a free-response VSA, not as an MCQ",high,agent:misc,LT-authored(AI pack)
2026-TRIG-P1-A-025,bank,trigonometry,lazytopper/src/data/questionBanks/class10/maths/trigonometry.pack1.ts:317,broken (solver),"format MCQ but has no options array and no inline options; question is phrased as open recall so it is answerable only as a free-response VSA, not as an MCQ",high,agent:misc,LT-authored(AI pack)
2026-TRIG-P1-A-026,bank,trigonometry,lazytopper/src/data/questionBanks/class10/maths/trigonometry.pack1.ts:318,broken (solver),"format MCQ but has no options array and no inline options; question is phrased as open recall so it is answerable only as a free-response VSA, not as an MCQ",high,agent:misc,LT-authored(AI pack)
2026-TRIG-P1-A-027,bank,trigonometry,lazytopper/src/data/questionBanks/class10/maths/trigonometry.pack1.ts:319,broken (solver),"format MCQ but has no options array and no inline options; question is phrased as open recall so it is answerable only as a free-response VSA, not as an MCQ",high,agent:misc,LT-authored(AI pack)
2026-TRIG-P1-A-028,bank,trigonometry,lazytopper/src/data/questionBanks/class10/maths/trigonometry.pack1.ts:320,broken (solver),"format MCQ but has no options array and no inline options; question is phrased as open recall so it is answerable only as a free-response VSA, not as an MCQ",high,agent:misc,LT-authored(AI pack)
2026-TRIG-P1-A-029,bank,trigonometry,lazytopper/src/data/questionBanks/class10/maths/trigonometry.pack1.ts:332,broken (solver),"format MCQ but has no options array and no inline options; question is phrased as open recall so it is answerable only as a free-response VSA, not as an MCQ",high,agent:misc,LT-authored(AI pack)
2026-TRIG-P1-A-030,bank,trigonometry,lazytopper/src/data/questionBanks/class10/maths/trigonometry.pack1.ts:333,broken (solver),"format MCQ but has no options array and no inline options; question is phrased as open recall so it is answerable only as a free-response VSA, not as an MCQ",high,agent:misc,LT-authored(AI pack)
2026-TRIG-P1-A-031,bank,trigonometry,lazytopper/src/data/questionBanks/class10/maths/trigonometry.pack1.ts:334,broken (solver),"format MCQ but has no options array and no inline options; question is phrased as open recall so it is answerable only as a free-response VSA, not as an MCQ",high,agent:misc,LT-authored(AI pack)
2026-TRIG-P1-A-032,bank,trigonometry,lazytopper/src/data/questionBanks/class10/maths/trigonometry.pack1.ts:335,broken (solver),"format MCQ but has no options array and no inline options; question is phrased as open recall so it is answerable only as a free-response VSA, not as an MCQ",high,agent:misc,LT-authored(AI pack)
2026-TRIG-P1-A-033,bank,trigonometry,lazytopper/src/data/questionBanks/class10/maths/trigonometry.pack1.ts:336,broken (solver),"format MCQ but has no options array and no inline options; question is phrased as open recall so it is answerable only as a free-response VSA, not as an MCQ",high,agent:misc,LT-authored(AI pack)
2026-TRIG-P1-A-034,bank,trigonometry,lazytopper/src/data/questionBanks/class10/maths/trigonometry.pack1.ts:337,broken (solver),"format MCQ but has no options array and no inline options; question is phrased as open recall so it is answerable only as a free-response VSA, not as an MCQ",high,agent:misc,LT-authored(AI pack)
2026-TRIG-P1-A-035,bank,trigonometry,lazytopper/src/data/questionBanks/class10/maths/trigonometry.pack1.ts:338,broken (solver),"format MCQ but has no options array and no inline options; question is phrased as open recall so it is answerable only as a free-response VSA, not as an MCQ",high,agent:misc,LT-authored(AI pack)
2026-TRIG-P1-A-036,bank,trigonometry,lazytopper/src/data/questionBanks/class10/maths/trigonometry.pack1.ts:350,broken (solver),"format MCQ but has no options array and no inline options; question is phrased as open recall so it is answerable only as a free-response VSA, not as an MCQ",high,agent:misc,LT-authored(AI pack)
2026-TRIG-P1-A-037,bank,trigonometry,lazytopper/src/data/questionBanks/class10/maths/trigonometry.pack1.ts:351,broken (solver),"format MCQ but has no options array and no inline options; question is phrased as open recall so it is answerable only as a free-response VSA, not as an MCQ",high,agent:misc,LT-authored(AI pack)
2026-TRIG-P1-A-038,bank,trigonometry,lazytopper/src/data/questionBanks/class10/maths/trigonometry.pack1.ts:352,broken (solver),"format MCQ but has no options array and no inline options; question is phrased as open recall so it is answerable only as a free-response VSA, not as an MCQ",high,agent:misc,LT-authored(AI pack)
2026-TRIG-P1-A-039,bank,trigonometry,lazytopper/src/data/questionBanks/class10/maths/trigonometry.pack1.ts:353,broken (solver),"format MCQ but has no options array and no inline options; question is phrased as open recall so it is answerable only as a free-response VSA, not as an MCQ",high,agent:misc,LT-authored(AI pack)
2026-TRIG-P1-A-040,bank,trigonometry,lazytopper/src/data/questionBanks/class10/maths/trigonometry.pack1.ts:354,broken (solver),"format MCQ but has no options array and no inline options; question is phrased as open recall so it is answerable only as a free-response VSA, not as an MCQ",high,agent:misc,LT-authored(AI pack)
2026-TRIG-P1-A-041,bank,trigonometry,lazytopper/src/data/questionBanks/class10/maths/trigonometry.pack1.ts:366,broken (solver),"format MCQ but has no options array and no inline options; question is phrased as open recall so it is answerable only as a free-response VSA, not as an MCQ",high,agent:misc,LT-authored(AI pack)
2026-TRIG-P1-A-042,bank,trigonometry,lazytopper/src/data/questionBanks/class10/maths/trigonometry.pack1.ts:367,broken (solver),"format MCQ but has no options array and no inline options; question is phrased as open recall so it is answerable only as a free-response VSA, not as an MCQ",high,agent:misc,LT-authored(AI pack)
2026-TRIG-P1-A-043,bank,trigonometry,lazytopper/src/data/questionBanks/class10/maths/trigonometry.pack1.ts:368,broken (solver),"format MCQ but has no options array and no inline options; question is phrased as open recall so it is answerable only as a free-response VSA, not as an MCQ",high,agent:misc,LT-authored(AI pack)
2026-TRIG-P1-A-044,bank,trigonometry,lazytopper/src/data/questionBanks/class10/maths/trigonometry.pack1.ts:380,broken (solver),"format MCQ but has no options array and no inline options; question is phrased as open recall so it is answerable only as a free-response VSA, not as an MCQ",high,agent:misc,LT-authored(AI pack)
2026-TRIG-P1-A-045,bank,trigonometry,lazytopper/src/data/questionBanks/class10/maths/trigonometry.pack1.ts:381,broken (solver),"format MCQ but has no options array and no inline options; question is phrased as open recall so it is answerable only as a free-response VSA, not as an MCQ",high,agent:misc,LT-authored(AI pack)
2026-TRIG-SA-12,predicted,trigonometry,lazytopper/src/data/predictedQuestions.ts:1897,broken (solver),"Raw LaTeX in stem ""\(\\sqrt{3} = 1.732\)"" with unbalanced bracket",medium,agent:trigonometry,LT-authored(predicted)
APQ-M-TRIG-002,bank,trigonometry,lazytopper/src/data/questionBanks/class10/maths/trigonometry.additionalPQ.ts:19,broken (solver),"Stem says ""In the figure"" - triangle SPT side lengths come only from an unprovided figure; unsolvable as served",high,agent:trigonometry,official(additionalPQ)
APQ-M-TRIG-003,bank,trigonometry,lazytopper/src/data/questionBanks/class10/maths/trigonometry.additionalPQ.ts:29,broken (solver),"Asks which step of ""a solved problem shown below"" has an error, but the worked solution is not included",high,agent:trigonometry,official(additionalPQ)
APQ-M-TRIG-010,bank,trigonometry,lazytopper/src/data/questionBanks/class10/maths/trigonometry.additionalPQ.ts:96,broken (solver),"(iii) ""given the position figure"" - figure missing; OR (iii) omits the drone height used in the solution",high,agent:trigonometry,official(additionalPQ)
APQ-M-TRIG-011,bank,trigonometry,lazytopper/src/data/questionBanks/class10/maths/trigonometry.additionalPQ.ts:107,broken (solver),"Stem relies on a figure (parallel lines AB, PQ, lengths a,b,c,x,y) that is not described; unsolvable as served",high,agent:trigonometry,official(additionalPQ)
APQ-M-TRIG-013,bank,trigonometry,lazytopper/src/data/questionBanks/class10/maths/trigonometry.additionalPQ.ts:126,broken (solver),"""the given expression (as shown in the figure)"" - expression is missing from stem",high,agent:trigonometry,official(additionalPQ)
AR-TRIG-006,bank,trigonometry,lazytopper/src/data/questionBanks/class10/maths/trigonometry.assertionReasoning.ts:173,broken (solver),"Assertion says ""height of the shadow increases"" - shadow has length, not height",medium,agent:trigonometry,LT-authored(assertionReasoning)
CBE-M-TRIG-B-001,bank,trigonometry,lazytopper/src/data/questionBanks/class10/maths/trigonometry.cbe.ts:128,broken (solver),"θ is defined only in an unprovided figure (""as shown in the figure""); sec θ + cosec θ cannot be computed from text",medium,agent:trigonometry,official(cbe)
PYQ-M-2024-TRIG-002,bank,trigonometry,lazytopper/src/data/questionBanks/class10/maths/trigonometry.pyq2024.ts:20,broken (solver),"Stem garbled: ""IfsinA=1 3...cosAis2 2 3"", ""q"" for θ, ""sin2q""",high,agent:trigonometry,official(pyq2024)
PYQ-M-2024-TRIG-004,bank,trigonometry,lazytopper/src/data/questionBanks/class10/maths/trigonometry.pyq2024.ts:28,broken (solver),"""ratio 1 : 3"" lost its √ (should be 1 : √3); with 1:3, tan θ = 1/3 gives no listed angle",high,agent:trigonometry,official(pyq2024)
PYQ-M-2024-TRIG-005,bank,trigonometry,lazytopper/src/data/questionBanks/class10/maths/trigonometry.pyq2024.ts:36,broken (solver),"""shadow is 3 times the height"" lost its √ (should be √3 times); with 3, tan θ = 1/3 gives no listed angle",high,agent:trigonometry,official(pyq2024)
PYQ-M-2024-TRIG-006b,bank,trigonometry,lazytopper/src/data/questionBanks/class10/maths/trigonometry.pyq2024.ts:44,broken (solver),"Stem fractions lost (""sin A = 3 5"", ""cos B = 12 13""); answer garbled and ends ""= 14 12 or""",high,agent:trigonometry,official(pyq2024)
PYQ-M-2024-TRIG-007a,bank,trigonometry,lazytopper/src/data/questionBanks/class10/maths/trigonometry.pyq2024.ts:51,broken (solver),"Stem has no spaces/exponents (""2sin230°sec60°+tan260°""); answer truncated at ""="" with no value",high,agent:trigonometry,official(pyq2024)
PYQ-M-2024-TRIG-008,bank,trigonometry,lazytopper/src/data/questionBanks/class10/maths/trigonometry.pyq2024.ts:58,broken (solver),"Fraction lost and stray ""2 – 63"" in stem",high,agent:trigonometry,official(pyq2024)
PYQ-M-2024-TRIG-009,bank,trigonometry,lazytopper/src/data/questionBanks/class10/maths/trigonometry.pyq2024.ts:65,broken (solver),"Fraction structure lost in stem (""5tan60° (sin260°+cos260°)tan30°"")",medium,agent:trigonometry,official(pyq2024)
PYQ-M-2024-TRIG-011b,bank,trigonometry,lazytopper/src/data/questionBanks/class10/maths/trigonometry.pyq2024.ts:93,broken (solver),"Stem garbled (""= 2 1"", ""£"", ""Ð""); answer gives only B = 15°, missing A",high,agent:trigonometry,official(pyq2024)
PYQ-M-2024-TRIG-015,bank,trigonometry,lazytopper/src/data/questionBanks/class10/maths/trigonometry.pyq2024.ts:121,broken (solver),"Stem garbled (no spaces, ""q"" for θ) and fuses a second question (tangents to circle, ∠AOB+∠COD=180°); answer is unreadable",high,agent:trigonometry,official(pyq2024)
PYQ-M-2024-TRIG-016,bank,trigonometry,lazytopper/src/data/questionBanks/class10/maths/trigonometry.pyq2024.ts:128,broken (solver),"Stem garbled (""Provethatcosec2q–sec2q cosec2q+sec2q=3 4,iftanq= 1 7""); answer garbled",high,agent:trigonometry,official(pyq2024)
PYQ-M-2024-TRIG-017,bank,trigonometry,lazytopper/src/data/questionBanks/class10/maths/trigonometry.pyq2024.ts:135,broken (solver),"Stem garbled (no spaces, fraction structure lost, ""2sin2A"")",high,agent:trigonometry,official(pyq2024)
PYQ-M-2025-TRIG-002,bank,trigonometry,lazytopper/src/data/questionBanks/class10/maths/trigonometry.pyq2025.ts:18,broken (solver),"Stem missing operators/fraction: ""4k = tan2 60 2 cosec2 30 2 tan2 30""",high,agent:trigonometry,official(pyq2025)
PYQ-M-2025-TRIG-003,bank,trigonometry,lazytopper/src/data/questionBanks/class10/maths/trigonometry.pyq2025.ts:25,broken (solver),"Stem lost minus: ""tan2 A + cot2 A 4""",medium,agent:trigonometry,official(pyq2025)
PYQ-M-2025-TRIG-004,bank,trigonometry,lazytopper/src/data/questionBanks/class10/maths/trigonometry.pyq2025.ts:32,broken (solver),Sub-questions (i) and (ii) have no text (only mark numbers); answer contains stray mark glyphs,high,agent:trigonometry,official(pyq2025)
PYQ-M-2026-TRIG-001,bank,trigonometry,lazytopper/src/data/questionBanks/class10/maths/trigonometry.pyq2026.ts:12,broken (solver),"""(Use 3 = 1.73)"" lost √; ""sin 300 = 1 2"" garbled in answer",medium,agent:trigonometry,official(pyq2026)
PYQ-M-2026-TRIG-002,bank,trigonometry,lazytopper/src/data/questionBanks/class10/maths/trigonometry.pyq2026.ts:19,broken (solver),"Refers to ""diagram given above"" with variables d, y, h, x undefined in stem; answer has garbled glyphs and omits (i),(ii)",high,agent:trigonometry,official(pyq2026)
PYQ-M-TRIG-001,bank,trigonometry,lazytopper/src/data/questionBanks/class10/maths/trigonometry.pyq.ts:11,broken (solver),"Options garbled by PDF extraction (""2 1+cot cot θ θ"" etc.); fractions/roots lost",high,agent:trigonometry,official(pyq)
PYQ-M-TRIG-004,bank,trigonometry,lazytopper/src/data/questionBanks/class10/maths/trigonometry.pyq.ts:33,broken (solver),"Stem garbled (""2sec2 θ + 3cosec2 θ"", ""45o"", stray ""2""); answer covers only OR part and is truncated (""= ... ="")",high,agent:trigonometry,official(pyq)
PYQ-M-TRIG-008,bank,trigonometry,lazytopper/src/data/questionBanks/class10/maths/trigonometry.pyq.ts:62,broken (solver),"""(use 3 = 1.73)"" lost √; stray mark ""5""; ""30o"" degree glyphs",medium,agent:trigonometry,official(pyq)
PYQ-M-TRIG-009,bank,trigonometry,lazytopper/src/data/questionBanks/class10/maths/trigonometry.pyq.ts:69,broken (solver),"Answer text is garbled PDF extraction (fractions/glyphs, ""Correct Figure 1 Mark"", ""19""); degree signs lost in stem",high,agent:trigonometry,official(pyq)
SQP-M-TRIG-006,bank,trigonometry,lazytopper/src/data/questionBanks/class10/maths/trigonometry.sqp.ts:127,broken (solver),"Part (iii) text truncated: ""...if it had flown 20(√3""",high,agent:trigonometry,official(sqp)
Z3-TG-007,bank,trigonometry,lazytopper/src/data/questionBanks/class10/maths/competency.z3.ts:561,broken (solver),"""angle between the track and his line to the tree is 60°"" would give 40/tan60 = 23.1 m, but solution uses 60° at the car (40 tan60 = 69.28 m); stem contradicts itself",medium,agent:trigonometry,transcribed-third-party(z3)
2026-TRIG-APP-CASE-08,predicted,trigonometry,lazytopper/src/data/predictedQuestions.ts:1091,case-missing-subparts,case/Section-E row with no (i)/(ii)/(iii) sub-questions in stem,high,script,LT-authored(predicted)
2026-TRIG-LA-05,predicted,trigonometry,lazytopper/src/data/predictedQuestions.ts:507,case-missing-subparts,case/Section-E row with no (i)/(ii)/(iii) sub-questions in stem,high,script,LT-authored(predicted)
PYQ-M-2026-TRIG-002,bank,trigonometry,lazytopper/src/data/questionBanks/class10/maths/trigonometry.pyq2026.ts:19,figure-missing,"stem says ""In the diagram""; no figure bound in data/figures/* (getFiguresForQuestion returns [])",high,script,official(pyq2026)
M-APPTRIG-1,promptD,trigonometry,lazytopper/src/data/promptDPracticePacks.ts:1930,missing-answer,"promptD pack row has no answer / solutionSteps / marking scheme (schema: id,text,marks,difficulty,questionType)",medium,script,LT-authored(promptD)
M-APPTRIG-1,promptD,trigonometry,lazytopper/src/data/promptDPracticePacks.ts:1930,missing-answer,"promptD pack row has no answer / solutionSteps / marking scheme (schema: id,text,marks,difficulty,questionType)",medium,script,LT-authored(promptD)
M-APPTRIG-1-D2,promptD,trigonometry,,missing-answer,"promptD pack row has no answer / solutionSteps / marking scheme (schema: id,text,marks,difficulty,questionType)",medium,script,LT-authored(promptD)
M-APPTRIG-10,promptD,trigonometry,lazytopper/src/data/promptDPracticePacks.ts:1993,missing-answer,"promptD pack row has no answer / solutionSteps / marking scheme (schema: id,text,marks,difficulty,questionType)",medium,script,LT-authored(promptD)
M-APPTRIG-10,promptD,trigonometry,lazytopper/src/data/promptDPracticePacks.ts:1993,missing-answer,"promptD pack row has no answer / solutionSteps / marking scheme (schema: id,text,marks,difficulty,questionType)",medium,script,LT-authored(promptD)
M-APPTRIG-10-D2,promptD,trigonometry,,missing-answer,"promptD pack row has no answer / solutionSteps / marking scheme (schema: id,text,marks,difficulty,questionType)",medium,script,LT-authored(promptD)
M-APPTRIG-2,promptD,trigonometry,lazytopper/src/data/promptDPracticePacks.ts:1937,missing-answer,"promptD pack row has no answer / solutionSteps / marking scheme (schema: id,text,marks,difficulty,questionType)",medium,script,LT-authored(promptD)
M-APPTRIG-2,promptD,trigonometry,lazytopper/src/data/promptDPracticePacks.ts:1937,missing-answer,"promptD pack row has no answer / solutionSteps / marking scheme (schema: id,text,marks,difficulty,questionType)",medium,script,LT-authored(promptD)
M-APPTRIG-2-D2,promptD,trigonometry,,missing-answer,"promptD pack row has no answer / solutionSteps / marking scheme (schema: id,text,marks,difficulty,questionType)",medium,script,LT-authored(promptD)
M-APPTRIG-3,promptD,trigonometry,lazytopper/src/data/promptDPracticePacks.ts:1944,missing-answer,"promptD pack row has no answer / solutionSteps / marking scheme (schema: id,text,marks,difficulty,questionType)",medium,script,LT-authored(promptD)
M-APPTRIG-3,promptD,trigonometry,lazytopper/src/data/promptDPracticePacks.ts:1944,missing-answer,"promptD pack row has no answer / solutionSteps / marking scheme (schema: id,text,marks,difficulty,questionType)",medium,script,LT-authored(promptD)
M-APPTRIG-3-D2,promptD,trigonometry,,missing-answer,"promptD pack row has no answer / solutionSteps / marking scheme (schema: id,text,marks,difficulty,questionType)",medium,script,LT-authored(promptD)
M-APPTRIG-4,promptD,trigonometry,lazytopper/src/data/promptDPracticePacks.ts:1951,missing-answer,"promptD pack row has no answer / solutionSteps / marking scheme (schema: id,text,marks,difficulty,questionType)",medium,script,LT-authored(promptD)
M-APPTRIG-4,promptD,trigonometry,lazytopper/src/data/promptDPracticePacks.ts:1951,missing-answer,"promptD pack row has no answer / solutionSteps / marking scheme (schema: id,text,marks,difficulty,questionType)",medium,script,LT-authored(promptD)
M-APPTRIG-4-D2,promptD,trigonometry,,missing-answer,"promptD pack row has no answer / solutionSteps / marking scheme (schema: id,text,marks,difficulty,questionType)",medium,script,LT-authored(promptD)
M-APPTRIG-5,promptD,trigonometry,lazytopper/src/data/promptDPracticePacks.ts:1958,missing-answer,"promptD pack row has no answer / solutionSteps / marking scheme (schema: id,text,marks,difficulty,questionType)",medium,script,LT-authored(promptD)
M-APPTRIG-5,promptD,trigonometry,lazytopper/src/data/promptDPracticePacks.ts:1958,missing-answer,"promptD pack row has no answer / solutionSteps / marking scheme (schema: id,text,marks,difficulty,questionType)",medium,script,LT-authored(promptD)
M-APPTRIG-5-D2,promptD,trigonometry,,missing-answer,"promptD pack row has no answer / solutionSteps / marking scheme (schema: id,text,marks,difficulty,questionType)",medium,script,LT-authored(promptD)
M-APPTRIG-6,promptD,trigonometry,lazytopper/src/data/promptDPracticePacks.ts:1965,missing-answer,"promptD pack row has no answer / solutionSteps / marking scheme (schema: id,text,marks,difficulty,questionType)",medium,script,LT-authored(promptD)
M-APPTRIG-6,promptD,trigonometry,lazytopper/src/data/promptDPracticePacks.ts:1965,missing-answer,"promptD pack row has no answer / solutionSteps / marking scheme (schema: id,text,marks,difficulty,questionType)",medium,script,LT-authored(promptD)
M-APPTRIG-6-D2,promptD,trigonometry,,missing-answer,"promptD pack row has no answer / solutionSteps / marking scheme (schema: id,text,marks,difficulty,questionType)",medium,script,LT-authored(promptD)
M-APPTRIG-7,promptD,trigonometry,lazytopper/src/data/promptDPracticePacks.ts:1972,missing-answer,"promptD pack row has no answer / solutionSteps / marking scheme (schema: id,text,marks,difficulty,questionType)",medium,script,LT-authored(promptD)
M-APPTRIG-7,promptD,trigonometry,lazytopper/src/data/promptDPracticePacks.ts:1972,missing-answer,"promptD pack row has no answer / solutionSteps / marking scheme (schema: id,text,marks,difficulty,questionType)",medium,script,LT-authored(promptD)
M-APPTRIG-7-D2,promptD,trigonometry,,missing-answer,"promptD pack row has no answer / solutionSteps / marking scheme (schema: id,text,marks,difficulty,questionType)",medium,script,LT-authored(promptD)
M-APPTRIG-8,promptD,trigonometry,lazytopper/src/data/promptDPracticePacks.ts:1979,missing-answer,"promptD pack row has no answer / solutionSteps / marking scheme (schema: id,text,marks,difficulty,questionType)",medium,script,LT-authored(promptD)
M-APPTRIG-8,promptD,trigonometry,lazytopper/src/data/promptDPracticePacks.ts:1979,missing-answer,"promptD pack row has no answer / solutionSteps / marking scheme (schema: id,text,marks,difficulty,questionType)",medium,script,LT-authored(promptD)
M-APPTRIG-8-D2,promptD,trigonometry,,missing-answer,"promptD pack row has no answer / solutionSteps / marking scheme (schema: id,text,marks,difficulty,questionType)",medium,script,LT-authored(promptD)
M-APPTRIG-9,promptD,trigonometry,lazytopper/src/data/promptDPracticePacks.ts:1986,missing-answer,"promptD pack row has no answer / solutionSteps / marking scheme (schema: id,text,marks,difficulty,questionType)",medium,script,LT-authored(promptD)
M-APPTRIG-9,promptD,trigonometry,lazytopper/src/data/promptDPracticePacks.ts:1986,missing-answer,"promptD pack row has no answer / solutionSteps / marking scheme (schema: id,text,marks,difficulty,questionType)",medium,script,LT-authored(promptD)
M-APPTRIG-9-D2,promptD,trigonometry,,missing-answer,"promptD pack row has no answer / solutionSteps / marking scheme (schema: id,text,marks,difficulty,questionType)",medium,script,LT-authored(promptD)
M-TRIG-1,promptD,trigonometry,lazytopper/src/data/promptDPracticePacks.ts:1842,missing-answer,"promptD pack row has no answer / solutionSteps / marking scheme (schema: id,text,marks,difficulty,questionType)",medium,script,LT-authored(promptD)
M-TRIG-1,promptD,trigonometry,lazytopper/src/data/promptDPracticePacks.ts:1842,missing-answer,"promptD pack row has no answer / solutionSteps / marking scheme (schema: id,text,marks,difficulty,questionType)",medium,script,LT-authored(promptD)
M-TRIG-1-D2,promptD,trigonometry,,missing-answer,"promptD pack row has no answer / solutionSteps / marking scheme (schema: id,text,marks,difficulty,questionType)",medium,script,LT-authored(promptD)
M-TRIG-10,promptD,trigonometry,lazytopper/src/data/promptDPracticePacks.ts:1898,missing-answer,"promptD pack row has no answer / solutionSteps / marking scheme (schema: id,text,marks,difficulty,questionType)",medium,script,LT-authored(promptD)
M-TRIG-10,promptD,trigonometry,lazytopper/src/data/promptDPracticePacks.ts:1898,missing-answer,"promptD pack row has no answer / solutionSteps / marking scheme (schema: id,text,marks,difficulty,questionType)",medium,script,LT-authored(promptD)
M-TRIG-10-D2,promptD,trigonometry,,missing-answer,"promptD pack row has no answer / solutionSteps / marking scheme (schema: id,text,marks,difficulty,questionType)",medium,script,LT-authored(promptD)
M-TRIG-2,promptD,trigonometry,lazytopper/src/data/promptDPracticePacks.ts:1849,missing-answer,"promptD pack row has no answer / solutionSteps / marking scheme (schema: id,text,marks,difficulty,questionType)",medium,script,LT-authored(promptD)
M-TRIG-2,promptD,trigonometry,lazytopper/src/data/promptDPracticePacks.ts:1849,missing-answer,"promptD pack row has no answer / solutionSteps / marking scheme (schema: id,text,marks,difficulty,questionType)",medium,script,LT-authored(promptD)
M-TRIG-2-D2,promptD,trigonometry,,missing-answer,"promptD pack row has no answer / solutionSteps / marking scheme (schema: id,text,marks,difficulty,questionType)",medium,script,LT-authored(promptD)
M-TRIG-3,promptD,trigonometry,lazytopper/src/data/promptDPracticePacks.ts:1856,missing-answer,"promptD pack row has no answer / solutionSteps / marking scheme (schema: id,text,marks,difficulty,questionType)",medium,script,LT-authored(promptD)
M-TRIG-3,promptD,trigonometry,lazytopper/src/data/promptDPracticePacks.ts:1856,missing-answer,"promptD pack row has no answer / solutionSteps / marking scheme (schema: id,text,marks,difficulty,questionType)",medium,script,LT-authored(promptD)
M-TRIG-3-D2,promptD,trigonometry,,missing-answer,"promptD pack row has no answer / solutionSteps / marking scheme (schema: id,text,marks,difficulty,questionType)",medium,script,LT-authored(promptD)
M-TRIG-4,promptD,trigonometry,lazytopper/src/data/promptDPracticePacks.ts:1863,missing-answer,"promptD pack row has no answer / solutionSteps / marking scheme (schema: id,text,marks,difficulty,questionType)",medium,script,LT-authored(promptD)
M-TRIG-4,promptD,trigonometry,lazytopper/src/data/promptDPracticePacks.ts:1863,missing-answer,"promptD pack row has no answer / solutionSteps / marking scheme (schema: id,text,marks,difficulty,questionType)",medium,script,LT-authored(promptD)
M-TRIG-4-D2,promptD,trigonometry,,missing-answer,"promptD pack row has no answer / solutionSteps / marking scheme (schema: id,text,marks,difficulty,questionType)",medium,script,LT-authored(promptD)
M-TRIG-5,promptD,trigonometry,lazytopper/src/data/promptDPracticePacks.ts:1870,missing-answer,"promptD pack row has no answer / solutionSteps / marking scheme (schema: id,text,marks,difficulty,questionType)",medium,script,LT-authored(promptD)
M-TRIG-5,promptD,trigonometry,lazytopper/src/data/promptDPracticePacks.ts:1870,missing-answer,"promptD pack row has no answer / solutionSteps / marking scheme (schema: id,text,marks,difficulty,questionType)",medium,script,LT-authored(promptD)
M-TRIG-5-D2,promptD,trigonometry,,missing-answer,"promptD pack row has no answer / solutionSteps / marking scheme (schema: id,text,marks,difficulty,questionType)",medium,script,LT-authored(promptD)
M-TRIG-6,promptD,trigonometry,lazytopper/src/data/promptDPracticePacks.ts:1877,missing-answer,"promptD pack row has no answer / solutionSteps / marking scheme (schema: id,text,marks,difficulty,questionType)",medium,script,LT-authored(promptD)
M-TRIG-6,promptD,trigonometry,lazytopper/src/data/promptDPracticePacks.ts:1877,missing-answer,"promptD pack row has no answer / solutionSteps / marking scheme (schema: id,text,marks,difficulty,questionType)",medium,script,LT-authored(promptD)
M-TRIG-6-D2,promptD,trigonometry,,missing-answer,"promptD pack row has no answer / solutionSteps / marking scheme (schema: id,text,marks,difficulty,questionType)",medium,script,LT-authored(promptD)
M-TRIG-8,promptD,trigonometry,lazytopper/src/data/promptDPracticePacks.ts:1884,missing-answer,"promptD pack row has no answer / solutionSteps / marking scheme (schema: id,text,marks,difficulty,questionType)",medium,script,LT-authored(promptD)
M-TRIG-8,promptD,trigonometry,lazytopper/src/data/promptDPracticePacks.ts:1884,missing-answer,"promptD pack row has no answer / solutionSteps / marking scheme (schema: id,text,marks,difficulty,questionType)",medium,script,LT-authored(promptD)
M-TRIG-8-D2,promptD,trigonometry,,missing-answer,"promptD pack row has no answer / solutionSteps / marking scheme (schema: id,text,marks,difficulty,questionType)",medium,script,LT-authored(promptD)
M-TRIG-9,promptD,trigonometry,lazytopper/src/data/promptDPracticePacks.ts:1891,missing-answer,"promptD pack row has no answer / solutionSteps / marking scheme (schema: id,text,marks,difficulty,questionType)",medium,script,LT-authored(promptD)
M-TRIG-9,promptD,trigonometry,lazytopper/src/data/promptDPracticePacks.ts:1891,missing-answer,"promptD pack row has no answer / solutionSteps / marking scheme (schema: id,text,marks,difficulty,questionType)",medium,script,LT-authored(promptD)
M-TRIG-9-D2,promptD,trigonometry,,missing-answer,"promptD pack row has no answer / solutionSteps / marking scheme (schema: id,text,marks,difficulty,questionType)",medium,script,LT-authored(promptD)
trig-comp-01,hpq,trigonometry,lazytopper/src/data/hpqCompetencyAdditions.ts:991,missing-marking-scheme,written question with no solutionSteps,medium,script,LT-authored(hpq)
2026-TRIG-AR-06,predicted,trigonometry,lazytopper/src/data/predictedQuestions.ts:1393,missing-options,Assertion-Reasoning with 0 options,high,script,LT-authored(predicted)
2026-TRIG-P1-A-001,bank,trigonometry,lazytopper/src/data/questionBanks/class10/maths/trigonometry.pack1.ts:219,missing-options,MCQ with 0 options,high,script,LT-authored(AI pack)
2026-TRIG-P1-A-002,bank,trigonometry,lazytopper/src/data/questionBanks/class10/maths/trigonometry.pack1.ts:225,missing-options,MCQ with 0 options,high,script,LT-authored(AI pack)
2026-TRIG-P1-A-003,bank,trigonometry,lazytopper/src/data/questionBanks/class10/maths/trigonometry.pack1.ts:231,missing-options,MCQ with 0 options,high,script,LT-authored(AI pack)
2026-TRIG-P1-A-004,bank,trigonometry,lazytopper/src/data/questionBanks/class10/maths/trigonometry.pack1.ts:237,missing-options,MCQ with 0 options,high,script,LT-authored(AI pack)
2026-TRIG-P1-A-005,bank,trigonometry,lazytopper/src/data/questionBanks/class10/maths/trigonometry.pack1.ts:243,missing-options,MCQ with 0 options,high,script,LT-authored(AI pack)
2026-TRIG-P1-A-006,bank,trigonometry,lazytopper/src/data/questionBanks/class10/maths/trigonometry.pack1.ts:250,missing-options,MCQ with 0 options,high,script,LT-authored(AI pack)
2026-TRIG-P1-A-007,bank,trigonometry,lazytopper/src/data/questionBanks/class10/maths/trigonometry.pack1.ts:256,missing-options,MCQ with 0 options,high,script,LT-authored(AI pack)
2026-TRIG-P1-A-008,bank,trigonometry,lazytopper/src/data/questionBanks/class10/maths/trigonometry.pack1.ts:262,missing-options,MCQ with 0 options,high,script,LT-authored(AI pack)
2026-TRIG-P1-A-009,bank,trigonometry,lazytopper/src/data/questionBanks/class10/maths/trigonometry.pack1.ts:268,missing-options,MCQ with 0 options,high,script,LT-authored(AI pack)
2026-TRIG-P1-A-010,bank,trigonometry,lazytopper/src/data/questionBanks/class10/maths/trigonometry.pack1.ts:275,missing-options,MCQ with 0 options,high,script,LT-authored(AI pack)
2026-TRIG-P1-A-011,bank,trigonometry,lazytopper/src/data/questionBanks/class10/maths/trigonometry.pack1.ts:292,missing-options,MCQ with 0 options,high,script,LT-authored(AI pack)
2026-TRIG-P1-A-012,bank,trigonometry,lazytopper/src/data/questionBanks/class10/maths/trigonometry.pack1.ts:293,missing-options,MCQ with 0 options,high,script,LT-authored(AI pack)
2026-TRIG-P1-A-013,bank,trigonometry,lazytopper/src/data/questionBanks/class10/maths/trigonometry.pack1.ts:294,missing-options,MCQ with 0 options,high,script,LT-authored(AI pack)
2026-TRIG-P1-A-014,bank,trigonometry,lazytopper/src/data/questionBanks/class10/maths/trigonometry.pack1.ts:295,missing-options,MCQ with 0 options,high,script,LT-authored(AI pack)
2026-TRIG-P1-A-015,bank,trigonometry,lazytopper/src/data/questionBanks/class10/maths/trigonometry.pack1.ts:296,missing-options,MCQ with 0 options,high,script,LT-authored(AI pack)
2026-TRIG-P1-A-016,bank,trigonometry,lazytopper/src/data/questionBanks/class10/maths/trigonometry.pack1.ts:297,missing-options,MCQ with 0 options,high,script,LT-authored(AI pack)
2026-TRIG-P1-A-017,bank,trigonometry,lazytopper/src/data/questionBanks/class10/maths/trigonometry.pack1.ts:298,missing-options,MCQ with 0 options,high,script,LT-authored(AI pack)
2026-TRIG-P1-A-018,bank,trigonometry,lazytopper/src/data/questionBanks/class10/maths/trigonometry.pack1.ts:299,missing-options,MCQ with 0 options,high,script,LT-authored(AI pack)
2026-TRIG-P1-A-019,bank,trigonometry,lazytopper/src/data/questionBanks/class10/maths/trigonometry.pack1.ts:300,missing-options,MCQ with 0 options,high,script,LT-authored(AI pack)
2026-TRIG-P1-A-020,bank,trigonometry,lazytopper/src/data/questionBanks/class10/maths/trigonometry.pack1.ts:301,missing-options,MCQ with 0 options,high,script,LT-authored(AI pack)
2026-TRIG-P1-A-021,bank,trigonometry,lazytopper/src/data/questionBanks/class10/maths/trigonometry.pack1.ts:313,missing-options,MCQ with 0 options,high,script,LT-authored(AI pack)
2026-TRIG-P1-A-022,bank,trigonometry,lazytopper/src/data/questionBanks/class10/maths/trigonometry.pack1.ts:314,missing-options,MCQ with 0 options,high,script,LT-authored(AI pack)
2026-TRIG-P1-A-023,bank,trigonometry,lazytopper/src/data/questionBanks/class10/maths/trigonometry.pack1.ts:315,missing-options,MCQ with 0 options,high,script,LT-authored(AI pack)
2026-TRIG-P1-A-024,bank,trigonometry,lazytopper/src/data/questionBanks/class10/maths/trigonometry.pack1.ts:316,missing-options,MCQ with 0 options,high,script,LT-authored(AI pack)
2026-TRIG-P1-A-025,bank,trigonometry,lazytopper/src/data/questionBanks/class10/maths/trigonometry.pack1.ts:317,missing-options,MCQ with 0 options,high,script,LT-authored(AI pack)
2026-TRIG-P1-A-026,bank,trigonometry,lazytopper/src/data/questionBanks/class10/maths/trigonometry.pack1.ts:318,missing-options,MCQ with 0 options,high,script,LT-authored(AI pack)
2026-TRIG-P1-A-027,bank,trigonometry,lazytopper/src/data/questionBanks/class10/maths/trigonometry.pack1.ts:319,missing-options,MCQ with 0 options,high,script,LT-authored(AI pack)
2026-TRIG-P1-A-028,bank,trigonometry,lazytopper/src/data/questionBanks/class10/maths/trigonometry.pack1.ts:320,missing-options,MCQ with 0 options,high,script,LT-authored(AI pack)
2026-TRIG-P1-A-029,bank,trigonometry,lazytopper/src/data/questionBanks/class10/maths/trigonometry.pack1.ts:332,missing-options,MCQ with 0 options,high,script,LT-authored(AI pack)
2026-TRIG-P1-A-030,bank,trigonometry,lazytopper/src/data/questionBanks/class10/maths/trigonometry.pack1.ts:333,missing-options,MCQ with 0 options,high,script,LT-authored(AI pack)
2026-TRIG-P1-A-031,bank,trigonometry,lazytopper/src/data/questionBanks/class10/maths/trigonometry.pack1.ts:334,missing-options,MCQ with 0 options,high,script,LT-authored(AI pack)
2026-TRIG-P1-A-032,bank,trigonometry,lazytopper/src/data/questionBanks/class10/maths/trigonometry.pack1.ts:335,missing-options,MCQ with 0 options,high,script,LT-authored(AI pack)
2026-TRIG-P1-A-033,bank,trigonometry,lazytopper/src/data/questionBanks/class10/maths/trigonometry.pack1.ts:336,missing-options,MCQ with 0 options,high,script,LT-authored(AI pack)
2026-TRIG-P1-A-034,bank,trigonometry,lazytopper/src/data/questionBanks/class10/maths/trigonometry.pack1.ts:337,missing-options,MCQ with 0 options,high,script,LT-authored(AI pack)
2026-TRIG-P1-A-035,bank,trigonometry,lazytopper/src/data/questionBanks/class10/maths/trigonometry.pack1.ts:338,missing-options,MCQ with 0 options,high,script,LT-authored(AI pack)
2026-TRIG-P1-A-036,bank,trigonometry,lazytopper/src/data/questionBanks/class10/maths/trigonometry.pack1.ts:350,missing-options,MCQ with 0 options,high,script,LT-authored(AI pack)
2026-TRIG-P1-A-037,bank,trigonometry,lazytopper/src/data/questionBanks/class10/maths/trigonometry.pack1.ts:351,missing-options,MCQ with 0 options,high,script,LT-authored(AI pack)
2026-TRIG-P1-A-038,bank,trigonometry,lazytopper/src/data/questionBanks/class10/maths/trigonometry.pack1.ts:352,missing-options,MCQ with 0 options,high,script,LT-authored(AI pack)
2026-TRIG-P1-A-039,bank,trigonometry,lazytopper/src/data/questionBanks/class10/maths/trigonometry.pack1.ts:353,missing-options,MCQ with 0 options,high,script,LT-authored(AI pack)
2026-TRIG-P1-A-040,bank,trigonometry,lazytopper/src/data/questionBanks/class10/maths/trigonometry.pack1.ts:354,missing-options,MCQ with 0 options,high,script,LT-authored(AI pack)
2026-TRIG-P1-A-041,bank,trigonometry,lazytopper/src/data/questionBanks/class10/maths/trigonometry.pack1.ts:366,missing-options,MCQ with 0 options,high,script,LT-authored(AI pack)
2026-TRIG-P1-A-042,bank,trigonometry,lazytopper/src/data/questionBanks/class10/maths/trigonometry.pack1.ts:367,missing-options,MCQ with 0 options,high,script,LT-authored(AI pack)
2026-TRIG-P1-A-043,bank,trigonometry,lazytopper/src/data/questionBanks/class10/maths/trigonometry.pack1.ts:368,missing-options,MCQ with 0 options,high,script,LT-authored(AI pack)
2026-TRIG-P1-A-044,bank,trigonometry,lazytopper/src/data/questionBanks/class10/maths/trigonometry.pack1.ts:380,missing-options,MCQ with 0 options,high,script,LT-authored(AI pack)
2026-TRIG-P1-A-045,bank,trigonometry,lazytopper/src/data/questionBanks/class10/maths/trigonometry.pack1.ts:381,missing-options,MCQ with 0 options,high,script,LT-authored(AI pack)
