id,surface,chapter,file_line,category,detail,proposal,found_by,origin
ABS2-005,bank,acids-bases-and-salts,lazytopper/src/data/questionBanks/class10/science/acidsBasesSalts.pack2.ts:133,format-marks-mismatch,MCQ carrying 2 marks (objective items are 1 mark),,script,LT-authored(AI pack)
ABS2-006,bank,acids-bases-and-salts,lazytopper/src/data/questionBanks/class10/science/acidsBasesSalts.pack2.ts:164,format-marks-mismatch,MCQ carrying 2 marks (objective items are 1 mark),,script,LT-authored(AI pack)
ABS2-007,bank,acids-bases-and-salts,lazytopper/src/data/questionBanks/class10/science/acidsBasesSalts.pack2.ts:196,format-marks-mismatch,MCQ carrying 2 marks (objective items are 1 mark),,script,LT-authored(AI pack)
ABS2-008,bank,acids-bases-and-salts,lazytopper/src/data/questionBanks/class10/science/acidsBasesSalts.pack2.ts:227,format-marks-mismatch,MCQ carrying 2 marks (objective items are 1 mark),,script,LT-authored(AI pack)
ABS2-009,bank,acids-bases-and-salts,lazytopper/src/data/questionBanks/class10/science/acidsBasesSalts.pack2.ts:258,format-marks-mismatch,MCQ carrying 2 marks (objective items are 1 mark),,script,LT-authored(AI pack)
ABS2-012,bank,acids-bases-and-salts,lazytopper/src/data/questionBanks/class10/science/acidsBasesSalts.pack2.ts:340,format-marks-mismatch,MCQ carrying 3 marks (objective items are 1 mark),,script,LT-authored(AI pack)
ABS2-013,bank,acids-bases-and-salts,lazytopper/src/data/questionBanks/class10/science/acidsBasesSalts.pack2.ts:370,format-marks-mismatch,MCQ carrying 3 marks (objective items are 1 mark),,script,LT-authored(AI pack)
ABS2-014,bank,acids-bases-and-salts,lazytopper/src/data/questionBanks/class10/science/acidsBasesSalts.pack2.ts:401,format-marks-mismatch,MCQ carrying 3 marks (objective items are 1 mark),,script,LT-authored(AI pack)
ABS2-015,bank,acids-bases-and-salts,lazytopper/src/data/questionBanks/class10/science/acidsBasesSalts.pack2.ts:432,format-marks-mismatch,Assertion-Reasoning carrying 3 marks (objective items are 1 mark),,script,LT-authored(AI pack)
ABS2-016,bank,acids-bases-and-salts,lazytopper/src/data/questionBanks/class10/science/acidsBasesSalts.pack2.ts:463,format-marks-mismatch,Assertion-Reasoning carrying 3 marks (objective items are 1 mark),,script,LT-authored(AI pack)
ABS2-017,bank,acids-bases-and-salts,lazytopper/src/data/questionBanks/class10/science/acidsBasesSalts.pack2.ts:494,format-marks-mismatch,Assertion-Reasoning carrying 3 marks (objective items are 1 mark),,script,LT-authored(AI pack)
ABS2-025,bank,acids-bases-and-salts,lazytopper/src/data/questionBanks/class10/science/acidsBasesSalts.pack2.ts:764,format-marks-mismatch,MCQ carrying 3 marks (objective items are 1 mark),,script,LT-authored(AI pack)
ABS2-031,bank,acids-bases-and-salts,lazytopper/src/data/questionBanks/class10/science/acidsBasesSalts.pack2.ts:918,format-marks-mismatch,MCQ carrying 2 marks (objective items are 1 mark),,script,LT-authored(AI pack)
ABS2-032,bank,acids-bases-and-salts,lazytopper/src/data/questionBanks/class10/science/acidsBasesSalts.pack2.ts:949,format-marks-mismatch,Assertion-Reasoning carrying 2 marks (objective items are 1 mark),,script,LT-authored(AI pack)
ABS2-033,bank,acids-bases-and-salts,lazytopper/src/data/questionBanks/class10/science/acidsBasesSalts.pack2.ts:980,format-marks-mismatch,MCQ carrying 2 marks (objective items are 1 mark),,script,LT-authored(AI pack)
ABS2-034,bank,acids-bases-and-salts,lazytopper/src/data/questionBanks/class10/science/acidsBasesSalts.pack2.ts:1011,format-marks-mismatch,MCQ carrying 2 marks (objective items are 1 mark),,script,LT-authored(AI pack)
ABS2-037,bank,acids-bases-and-salts,lazytopper/src/data/questionBanks/class10/science/acidsBasesSalts.pack2.ts:1092,format-marks-mismatch,Assertion-Reasoning carrying 3 marks (objective items are 1 mark),,script,LT-authored(AI pack)
ABS2-039,bank,acids-bases-and-salts,lazytopper/src/data/questionBanks/class10/science/acidsBasesSalts.pack2.ts:1148,format-marks-mismatch,MCQ carrying 3 marks (objective items are 1 mark),,script,LT-authored(AI pack)
ABS2-041,bank,acids-bases-and-salts,lazytopper/src/data/questionBanks/class10/science/acidsBasesSalts.pack2.ts:1204,format-marks-mismatch,Assertion-Reasoning carrying 3 marks (objective items are 1 mark),,script,LT-authored(AI pack)
BX-ABS-EX-A-033,bank,acids-bases-and-salts,lazytopper/src/data/questionBanks/class10/science/acidsBasesSalts.expand.extract.ts:270,format-mismatch,stem is Assertion-Reason but format=MCQ,Assertion-Reasoning,script,transcribed-third-party(expand.extract)
BX-ABS-EX-A-034,bank,acids-bases-and-salts,lazytopper/src/data/questionBanks/class10/science/acidsBasesSalts.expand.extract.ts:278,format-mismatch,stem is Assertion-Reason but format=MCQ,Assertion-Reasoning,script,transcribed-third-party(expand.extract)
BX-ABS-EX-A-035,bank,acids-bases-and-salts,lazytopper/src/data/questionBanks/class10/science/acidsBasesSalts.expand.extract.ts:286,format-mismatch,stem is Assertion-Reason but format=MCQ,Assertion-Reasoning,script,transcribed-third-party(expand.extract)
BX-ABS-EX-A-036,bank,acids-bases-and-salts,lazytopper/src/data/questionBanks/class10/science/acidsBasesSalts.expand.extract.ts:294,format-mismatch,stem is Assertion-Reason but format=MCQ,Assertion-Reasoning,script,transcribed-third-party(expand.extract)
BX-ABS-EX-A-037,bank,acids-bases-and-salts,lazytopper/src/data/questionBanks/class10/science/acidsBasesSalts.expand.extract.ts:302,format-mismatch,stem is Assertion-Reason but format=MCQ,Assertion-Reasoning,script,transcribed-third-party(expand.extract)
BX-ABS-EX-A-038,bank,acids-bases-and-salts,lazytopper/src/data/questionBanks/class10/science/acidsBasesSalts.expand.extract.ts:310,format-mismatch,stem is Assertion-Reason but format=MCQ,Assertion-Reasoning,script,transcribed-third-party(expand.extract)
BX-ABS-EX-A-039,bank,acids-bases-and-salts,lazytopper/src/data/questionBanks/class10/science/acidsBasesSalts.expand.extract.ts:318,format-mismatch,stem is Assertion-Reason but format=MCQ,Assertion-Reasoning,script,transcribed-third-party(expand.extract)
BX-ABS-EX-A-040,bank,acids-bases-and-salts,lazytopper/src/data/questionBanks/class10/science/acidsBasesSalts.expand.extract.ts:326,format-mismatch,stem is Assertion-Reason but format=MCQ,Assertion-Reasoning,script,transcribed-third-party(expand.extract)
BX-ABS-EX-A-041,bank,acids-bases-and-salts,lazytopper/src/data/questionBanks/class10/science/acidsBasesSalts.expand.extract.ts:334,format-mismatch,stem is Assertion-Reason but format=MCQ,Assertion-Reasoning,script,transcribed-third-party(expand.extract)
BX-ABS-EX-A-042,bank,acids-bases-and-salts,lazytopper/src/data/questionBanks/class10/science/acidsBasesSalts.expand.extract.ts:342,format-mismatch,stem is Assertion-Reason but format=MCQ,Assertion-Reasoning,script,transcribed-third-party(expand.extract)
PYQ-S-2026-ACID-010,bank,acids-bases-and-salts,lazytopper/src/data/questionBanks/class10/science/acidsBasesSalts.pyq2026.ts:83,other-chapter,Amphoteric oxide identification (Al2O3) belongs to Metals and Non-metals (NCERT Ch 3),metals-and-non-metals,agent:acids-bases-and-salts (medium),official(pyq2026)
PYQ-S-ACID-007,bank,acids-bases-and-salts,lazytopper/src/data/questionBanks/class10/science/acids-bases-and-salts.pyq.ts:59,other-chapter,"Amphoteric oxides are taught in Metals and Non-metals (NCERT Ch 3), not Acids, Bases and Salts",metals-and-non-metals,agent:acids-bases-and-salts (medium),official(pyq)
ABS2-033,bank,acids-bases-and-salts,lazytopper/src/data/questionBanks/class10/science/acidsBasesSalts.pack2.ts:980,syllabus,"Relies on molarity / moles = M x V, which is not in Class 10 science syllabus",Rewrite without molarity (e.g. compare dilute vs concentrated),agent:acids-bases-and-salts (uncertain),LT-authored(AI pack)
CFPQ-S-ABS-012,bank,acids-bases-and-salts,lazytopper/src/data/questionBanks/class10/science/acids-bases-and-salts.cfpq.ts:283,syllabus,"Ten-fold-per-pH-unit comparison (pH 4 vs 8 = 10,000x) is the logarithmic pH relationship, which is OUT for 2026-27 (no log definition of pH)",Retire or reframe qualitatively (pH 4 has more H+ than pH 8),agent:acids-bases-and-salts (uncertain),official(cfpq)
SCO-S-ACID-018,bank,acids-bases-and-salts,lazytopper/src/data/questionBanks/class10/science/acids-bases-and-salts.chapterwise.ts:148,syllabus,Distinguishing iron(II) vs iron(III) chloride by NaOH precipitate colours is qualitative analysis not in NCERT Class 10 (any chapter),Retire or move to enrichment,agent:acids-bases-and-salts (medium),transcribed-third-party(chapterwise)
ABS2-005,bank,acids-bases-and-salts,lazytopper/src/data/questionBanks/class10/science/acidsBasesSalts.pack2.ts:133,tagging,MCQ (single-option objective) tagged 2 marks / section B; objective items are 1-mark Section A,"marks=1, sec=A",agent:acids-bases-and-salts (high),LT-authored(AI pack)
ABS2-006,bank,acids-bases-and-salts,lazytopper/src/data/questionBanks/class10/science/acidsBasesSalts.pack2.ts:164,tagging,MCQ (single-option objective) tagged 2 marks / section B; objective items are 1-mark Section A,"marks=1, sec=A",agent:acids-bases-and-salts (high),LT-authored(AI pack)
ABS2-007,bank,acids-bases-and-salts,lazytopper/src/data/questionBanks/class10/science/acidsBasesSalts.pack2.ts:196,tagging,MCQ (single-option objective) tagged 2 marks / section B; objective items are 1-mark Section A,"marks=1, sec=A",agent:acids-bases-and-salts (high),LT-authored(AI pack)
ABS2-008,bank,acids-bases-and-salts,lazytopper/src/data/questionBanks/class10/science/acidsBasesSalts.pack2.ts:227,tagging,MCQ (single-option objective) tagged 2 marks / section B; objective items are 1-mark Section A,"marks=1, sec=A",agent:acids-bases-and-salts (high),LT-authored(AI pack)
ABS2-009,bank,acids-bases-and-salts,lazytopper/src/data/questionBanks/class10/science/acidsBasesSalts.pack2.ts:258,tagging,MCQ (single-option objective) tagged 2 marks / section B; objective items are 1-mark Section A,"marks=1, sec=A",agent:acids-bases-and-salts (high),LT-authored(AI pack)
ABS2-012,bank,acids-bases-and-salts,lazytopper/src/data/questionBanks/class10/science/acidsBasesSalts.pack2.ts:340,tagging,MCQ (single-option objective) tagged 3 marks / section C; objective items are 1-mark Section A,"marks=1, sec=A",agent:acids-bases-and-salts (high),LT-authored(AI pack)
ABS2-013,bank,acids-bases-and-salts,lazytopper/src/data/questionBanks/class10/science/acidsBasesSalts.pack2.ts:370,tagging,MCQ (single-option objective) tagged 3 marks / section C; objective items are 1-mark Section A,"marks=1, sec=A",agent:acids-bases-and-salts (high),LT-authored(AI pack)
ABS2-014,bank,acids-bases-and-salts,lazytopper/src/data/questionBanks/class10/science/acidsBasesSalts.pack2.ts:401,tagging,MCQ (single-option objective) tagged 3 marks / section C; objective items are 1-mark Section A,"marks=1, sec=A",agent:acids-bases-and-salts (high),LT-authored(AI pack)
ABS2-015,bank,acids-bases-and-salts,lazytopper/src/data/questionBanks/class10/science/acidsBasesSalts.pack2.ts:432,tagging,Assertion-Reasoning (single-option objective) tagged 3 marks / section C; objective items are 1-mark Section A,"marks=1, sec=A",agent:acids-bases-and-salts (high),LT-authored(AI pack)
ABS2-016,bank,acids-bases-and-salts,lazytopper/src/data/questionBanks/class10/science/acidsBasesSalts.pack2.ts:463,tagging,Assertion-Reasoning (single-option objective) tagged 3 marks / section C; objective items are 1-mark Section A,"marks=1, sec=A",agent:acids-bases-and-salts (high),LT-authored(AI pack)
ABS2-017,bank,acids-bases-and-salts,lazytopper/src/data/questionBanks/class10/science/acidsBasesSalts.pack2.ts:494,tagging,Assertion-Reasoning (single-option objective) tagged 3 marks / section C; objective items are 1-mark Section A,"marks=1, sec=A",agent:acids-bases-and-salts (high),LT-authored(AI pack)
ABS2-025,bank,acids-bases-and-salts,lazytopper/src/data/questionBanks/class10/science/acidsBasesSalts.pack2.ts:764,tagging,MCQ (single-option objective) tagged 3 marks / section C; objective items are 1-mark Section A,"marks=1, sec=A",agent:acids-bases-and-salts (high),LT-authored(AI pack)
ABS2-031,bank,acids-bases-and-salts,lazytopper/src/data/questionBanks/class10/science/acidsBasesSalts.pack2.ts:918,tagging,MCQ (single-option objective) tagged 2 marks / section B; objective items are 1-mark Section A,"marks=1, sec=A",agent:acids-bases-and-salts (high),LT-authored(AI pack)
ABS2-032,bank,acids-bases-and-salts,lazytopper/src/data/questionBanks/class10/science/acidsBasesSalts.pack2.ts:949,tagging,Assertion-Reasoning (single-option objective) tagged 2 marks / section B; objective items are 1-mark Section A,"marks=1, sec=A",agent:acids-bases-and-salts (high),LT-authored(AI pack)
ABS2-033,bank,acids-bases-and-salts,lazytopper/src/data/questionBanks/class10/science/acidsBasesSalts.pack2.ts:980,tagging,MCQ (single-option objective) tagged 2 marks / section B; objective items are 1-mark Section A,"marks=1, sec=A",agent:acids-bases-and-salts (high),LT-authored(AI pack)
ABS2-034,bank,acids-bases-and-salts,lazytopper/src/data/questionBanks/class10/science/acidsBasesSalts.pack2.ts:1011,tagging,MCQ (single-option objective) tagged 2 marks / section B; objective items are 1-mark Section A,"marks=1, sec=A",agent:acids-bases-and-salts (high),LT-authored(AI pack)
ABS2-037,bank,acids-bases-and-salts,lazytopper/src/data/questionBanks/class10/science/acidsBasesSalts.pack2.ts:1092,tagging,Assertion-Reasoning (single-option objective) tagged 3 marks / section C; objective items are 1-mark Section A,"marks=1, sec=A",agent:acids-bases-and-salts (high),LT-authored(AI pack)
ABS2-039,bank,acids-bases-and-salts,lazytopper/src/data/questionBanks/class10/science/acidsBasesSalts.pack2.ts:1148,tagging,MCQ (single-option objective) tagged 3 marks / section C; objective items are 1-mark Section A,"marks=1, sec=A",agent:acids-bases-and-salts (high),LT-authored(AI pack)
ABS2-041,bank,acids-bases-and-salts,lazytopper/src/data/questionBanks/class10/science/acidsBasesSalts.pack2.ts:1204,tagging,Assertion-Reasoning (single-option objective) tagged 3 marks / section C; objective items are 1-mark Section A,"marks=1, sec=A",agent:acids-bases-and-salts (high),LT-authored(AI pack)
2026-ARC-AR-02,predicted,areas-related-to-circles,lazytopper/src/data/predictedQuestions.ts:1420,format-marks-mismatch,Assertion-Reasoning carrying 2 marks (objective items are 1 mark),,script,LT-authored(predicted)
ARC2-004,bank,areas-related-to-circles,lazytopper/src/data/questionBanks/class10/maths/areasRelatedToCircles.pack2.ts:98,format-marks-mismatch,MCQ carrying 2 marks (objective items are 1 mark),,script,LT-authored(AI pack)
ARC2-009,bank,areas-related-to-circles,lazytopper/src/data/questionBanks/class10/maths/areasRelatedToCircles.pack2.ts:231,format-marks-mismatch,Assertion-Reasoning carrying 2 marks (objective items are 1 mark),,script,LT-authored(AI pack)
ARC2-010,bank,areas-related-to-circles,lazytopper/src/data/questionBanks/class10/maths/areasRelatedToCircles.pack2.ts:263,format-marks-mismatch,MCQ carrying 3 marks (objective items are 1 mark),,script,LT-authored(AI pack)
ARC2-014,bank,areas-related-to-circles,lazytopper/src/data/questionBanks/class10/maths/areasRelatedToCircles.pack2.ts:370,format-marks-mismatch,Assertion-Reasoning carrying 3 marks (objective items are 1 mark),,script,LT-authored(AI pack)
ARC2-027,bank,areas-related-to-circles,lazytopper/src/data/questionBanks/class10/maths/areasRelatedToCircles.pack2.ts:691,format-marks-mismatch,MCQ carrying 2 marks (objective items are 1 mark),,script,LT-authored(AI pack)
ARC2-031,bank,areas-related-to-circles,lazytopper/src/data/questionBanks/class10/maths/areasRelatedToCircles.pack2.ts:795,format-marks-mismatch,Assertion-Reasoning carrying 2 marks (objective items are 1 mark),,script,LT-authored(AI pack)
ARC2-032,bank,areas-related-to-circles,lazytopper/src/data/questionBanks/class10/maths/areasRelatedToCircles.pack2.ts:825,format-marks-mismatch,Assertion-Reasoning carrying 2 marks (objective items are 1 mark),,script,LT-authored(AI pack)
ARC2-033,bank,areas-related-to-circles,lazytopper/src/data/questionBanks/class10/maths/areasRelatedToCircles.pack2.ts:855,format-marks-mismatch,Assertion-Reasoning carrying 2 marks (objective items are 1 mark),,script,LT-authored(AI pack)
ARC2-034,bank,areas-related-to-circles,lazytopper/src/data/questionBanks/class10/maths/areasRelatedToCircles.pack2.ts:885,format-marks-mismatch,MCQ carrying 3 marks (objective items are 1 mark),,script,LT-authored(AI pack)
ARC2-036,bank,areas-related-to-circles,lazytopper/src/data/questionBanks/class10/maths/areasRelatedToCircles.pack2.ts:940,format-marks-mismatch,MCQ carrying 3 marks (objective items are 1 mark),,script,LT-authored(AI pack)
ARC2-039,bank,areas-related-to-circles,lazytopper/src/data/questionBanks/class10/maths/areasRelatedToCircles.pack2.ts:1024,format-marks-mismatch,MCQ carrying 3 marks (objective items are 1 mark),,script,LT-authored(AI pack)
ARC2-045,bank,areas-related-to-circles,lazytopper/src/data/questionBanks/class10/maths/areasRelatedToCircles.pack2.ts:1187,format-marks-mismatch,MCQ carrying 2 marks (objective items are 1 mark),,script,LT-authored(AI pack)
ARC2-033,bank,areas-related-to-circles,lazytopper/src/data/questionBanks/class10/maths/areasRelatedToCircles.pack2.ts:855,limit,A-R treats a semicircle (180 deg) as a segment with a degenerate triangle; segment angles limited to 60/90/120 and concept is non-standard,drop or rewrite with 60/90/120 segment,agent:areas-related-to-circles (uncertain),LT-authored(AI pack)
ARC-H03,bank,areas-related-to-circles,lazytopper/src/data/questionBanks/class10/maths/areasRelatedToCircles.pack1.ts:176,other-chapter,"Bending a sector into a cone (slant=radius, arc=base circumference) is cone/solid work, not in Class 10 2026-27 Areas Related to Circles (or SA&V, which has no sector-to-cone)",surface-areas-and-volumes (or retire),agent:areas-related-to-circles (medium),LT-authored(AI pack)
Z3-ARC-004,bank,areas-related-to-circles,lazytopper/src/data/questionBanks/class10/maths/competency.z3.ts:674,other-chapter,"Rectangular table border (135x90, 7 cm edge) has no circle content at all",retire (Class 8 mensuration; not a board chapter),agent:areas-related-to-circles (high),transcribed-third-party(z3)
APQ-M-ARC-002,bank,areas-related-to-circles,lazytopper/src/data/questionBanks/class10/maths/areas-related-to-circles.additionalPQ.ts:20,syllabus,"combination of plane figures (OUT unless sector/segment/ring) :: …rcle with centre O, of radius 5 cm. What is the area of the shaded part of the circle?…",OUT review — circle minus inscribed regular pentagon = combination of plane figures (medium); official APQ → withhold,script+manual review,official(additionalPQ)
APQ-M-ARC-007,bank,areas-related-to-circles,lazytopper/src/data/questionBanks/class10/maths/areas-related-to-circles.additionalPQ.ts:70,syllabus,"combination of plane figures (OUT unless sector/segment/ring) :: …In the figure below, a unit square ROST is inscribed in a circular sector with centre O. Along…",OUT review — square inscribed in a sector (combination) (uncertain),script+manual review,official(additionalPQ)
ARC-M11,bank,areas-related-to-circles,lazytopper/src/data/questionBanks/class10/maths/areasRelatedToCircles.pack1.ts:114,syllabus,combination of plane figures (OUT unless sector/segment/ring) :: …Find the area of the shaded region where an equilateral triangle of side 6 cm has a cir…,IN per carve-out (triangle minus vertex sectors) — no action,script+manual review,LT-authored(AI pack)
2026-ARC-AR-02,predicted,areas-related-to-circles,lazytopper/src/data/predictedQuestions.ts:1420,tagging,Assertion-Reason row tagged marks 2 / section B; CBSE A-R items are 1-mark Section A,"marks 1, section A",agent:misc (high),LT-authored(predicted)
ARC-H05,bank,areas-related-to-circles,lazytopper/src/data/questionBanks/class10/maths/areasRelatedToCircles.pack1.ts:190,tagging,Two opposite quadrants of r=7 (one-line computation) tagged 5-mark Long Section D,2-3 marks,agent:areas-related-to-circles (medium),LT-authored(AI pack)
ARC2-004,bank,areas-related-to-circles,lazytopper/src/data/questionBanks/class10/maths/areasRelatedToCircles.pack2.ts:98,tagging,MCQ tagged 2 marks / section B; objective items are 1 mark Section A,"marks 1, sec A",agent:areas-related-to-circles (high),LT-authored(AI pack)
ARC2-009,bank,areas-related-to-circles,lazytopper/src/data/questionBanks/class10/maths/areasRelatedToCircles.pack2.ts:231,tagging,A-R tagged 2 marks / section B; objective items are 1 mark Section A,"marks 1, sec A",agent:areas-related-to-circles (high),LT-authored(AI pack)
ARC2-010,bank,areas-related-to-circles,lazytopper/src/data/questionBanks/class10/maths/areasRelatedToCircles.pack2.ts:263,tagging,MCQ tagged 3 marks / section C; objective items are 1 mark Section A,"marks 1, sec A",agent:areas-related-to-circles (high),LT-authored(AI pack)
ARC2-012,bank,areas-related-to-circles,lazytopper/src/data/questionBanks/class10/maths/areasRelatedToCircles.pack2.ts:318,tagging,"Case-Based 4 marks with only two sub-parts (i),(ii); CBSE case items have 3 parts (1+1+2)",add part (iii) or retag,agent:areas-related-to-circles (medium),LT-authored(AI pack)
ARC2-013,bank,areas-related-to-circles,lazytopper/src/data/questionBanks/class10/maths/areasRelatedToCircles.pack2.ts:344,tagging,"Case-Based 4 marks with only two sub-parts (i),(ii); CBSE case items have 3 parts (1+1+2)",add part (iii) or retag,agent:areas-related-to-circles (medium),LT-authored(AI pack)
ARC2-014,bank,areas-related-to-circles,lazytopper/src/data/questionBanks/class10/maths/areasRelatedToCircles.pack2.ts:370,tagging,A-R tagged 3 marks / section C; objective items are 1 mark Section A,"marks 1, sec A",agent:areas-related-to-circles (high),LT-authored(AI pack)
ARC2-016,bank,areas-related-to-circles,lazytopper/src/data/questionBanks/class10/maths/areasRelatedToCircles.pack2.ts:425,tagging,Two opposite quarter sectors = semicircle area (one-line) tagged 5-mark Long Section D,2 marks,agent:areas-related-to-circles (medium),LT-authored(AI pack)
ARC2-027,bank,areas-related-to-circles,lazytopper/src/data/questionBanks/class10/maths/areasRelatedToCircles.pack2.ts:691,tagging,MCQ tagged 2 marks / section B; objective items are 1 mark Section A,"marks 1, sec A",agent:areas-related-to-circles (high),LT-authored(AI pack)
ARC2-031,bank,areas-related-to-circles,lazytopper/src/data/questionBanks/class10/maths/areasRelatedToCircles.pack2.ts:795,tagging,A-R tagged 2 marks / section B; objective items are 1 mark Section A,"marks 1, sec A",agent:areas-related-to-circles (high),LT-authored(AI pack)
ARC2-032,bank,areas-related-to-circles,lazytopper/src/data/questionBanks/class10/maths/areasRelatedToCircles.pack2.ts:825,tagging,A-R tagged 2 marks / section B; objective items are 1 mark Section A,"marks 1, sec A",agent:areas-related-to-circles (high),LT-authored(AI pack)
ARC2-033,bank,areas-related-to-circles,lazytopper/src/data/questionBanks/class10/maths/areasRelatedToCircles.pack2.ts:855,tagging,A-R tagged 2 marks / section B; objective items are 1 mark Section A,"marks 1, sec A",agent:areas-related-to-circles (high),LT-authored(AI pack)
ARC2-034,bank,areas-related-to-circles,lazytopper/src/data/questionBanks/class10/maths/areasRelatedToCircles.pack2.ts:885,tagging,MCQ tagged 3 marks / section C; objective items are 1 mark Section A,"marks 1, sec A",agent:areas-related-to-circles (high),LT-authored(AI pack)
ARC2-036,bank,areas-related-to-circles,lazytopper/src/data/questionBanks/class10/maths/areasRelatedToCircles.pack2.ts:940,tagging,MCQ tagged 3 marks / section C; objective items are 1 mark Section A,"marks 1, sec A",agent:areas-related-to-circles (high),LT-authored(AI pack)
ARC2-039,bank,areas-related-to-circles,lazytopper/src/data/questionBanks/class10/maths/areasRelatedToCircles.pack2.ts:1024,tagging,MCQ tagged 3 marks / section C; objective items are 1 mark Section A,"marks 1, sec A",agent:areas-related-to-circles (high),LT-authored(AI pack)
ARC2-045,bank,areas-related-to-circles,lazytopper/src/data/questionBanks/class10/maths/areasRelatedToCircles.pack2.ts:1187,tagging,MCQ tagged 2 marks / section B; objective items are 1 mark Section A,"marks 1, sec A",agent:areas-related-to-circles (high),LT-authored(AI pack)
2026-AP-AR-03,predicted,arithmetic-progression,lazytopper/src/data/predictedQuestions.ts:869,format-marks-mismatch,Assertion-Reasoning carrying 2 marks (objective items are 1 mark),,script,LT-authored(predicted)
2026-AP-AR-03X,predicted,arithmetic-progression,lazytopper/src/data/predictedQuestions.ts:1317,format-marks-mismatch,Assertion-Reasoning carrying 2 marks (objective items are 1 mark),,script,LT-authored(predicted)
AP2-005,bank,arithmetic-progression,lazytopper/src/data/questionBanks/class10/maths/arithmeticProgression.pack2.ts:116,format-marks-mismatch,MCQ carrying 2 marks (objective items are 1 mark),,script,LT-authored(AI pack)
AP2-009,bank,arithmetic-progression,lazytopper/src/data/questionBanks/class10/maths/arithmeticProgression.pack2.ts:229,format-marks-mismatch,MCQ carrying 2 marks (objective items are 1 mark),,script,LT-authored(AI pack)
AP2-014,bank,arithmetic-progression,lazytopper/src/data/questionBanks/class10/maths/arithmeticProgression.pack2.ts:367,format-marks-mismatch,Assertion-Reasoning carrying 2 marks (objective items are 1 mark),,script,LT-authored(AI pack)
AP2-015,bank,arithmetic-progression,lazytopper/src/data/questionBanks/class10/maths/arithmeticProgression.pack2.ts:397,format-marks-mismatch,Assertion-Reasoning carrying 2 marks (objective items are 1 mark),,script,LT-authored(AI pack)
AP2-016,bank,arithmetic-progression,lazytopper/src/data/questionBanks/class10/maths/arithmeticProgression.pack2.ts:427,format-marks-mismatch,Assertion-Reasoning carrying 2 marks (objective items are 1 mark),,script,LT-authored(AI pack)
AP2-019,bank,arithmetic-progression,lazytopper/src/data/questionBanks/class10/maths/arithmeticProgression.pack2.ts:514,format-marks-mismatch,Long carrying 3 marks,,script,LT-authored(AI pack)
AP2-026,bank,arithmetic-progression,lazytopper/src/data/questionBanks/class10/maths/arithmeticProgression.pack2.ts:738,format-marks-mismatch,MCQ carrying 2 marks (objective items are 1 mark),,script,LT-authored(AI pack)
AP2-027,bank,arithmetic-progression,lazytopper/src/data/questionBanks/class10/maths/arithmeticProgression.pack2.ts:768,format-marks-mismatch,MCQ carrying 2 marks (objective items are 1 mark),,script,LT-authored(AI pack)
AP2-030,bank,arithmetic-progression,lazytopper/src/data/questionBanks/class10/maths/arithmeticProgression.pack2.ts:854,format-marks-mismatch,Assertion-Reasoning carrying 2 marks (objective items are 1 mark),,script,LT-authored(AI pack)
AP2-031,bank,arithmetic-progression,lazytopper/src/data/questionBanks/class10/maths/arithmeticProgression.pack2.ts:886,format-marks-mismatch,Assertion-Reasoning carrying 2 marks (objective items are 1 mark),,script,LT-authored(AI pack)
AP2-032,bank,arithmetic-progression,lazytopper/src/data/questionBanks/class10/maths/arithmeticProgression.pack2.ts:917,format-marks-mismatch,Assertion-Reasoning carrying 3 marks (objective items are 1 mark),,script,LT-authored(AI pack)
AP2-035,bank,arithmetic-progression,lazytopper/src/data/questionBanks/class10/maths/arithmeticProgression.pack2.ts:1000,format-marks-mismatch,MCQ carrying 3 marks (objective items are 1 mark),,script,LT-authored(AI pack)
AP2-041,bank,arithmetic-progression,lazytopper/src/data/questionBanks/class10/maths/arithmeticProgression.pack2.ts:1178,format-marks-mismatch,MCQ carrying 2 marks (objective items are 1 mark),,script,LT-authored(AI pack)
AP2-042,bank,arithmetic-progression,lazytopper/src/data/questionBanks/class10/maths/arithmeticProgression.pack2.ts:1210,format-marks-mismatch,MCQ carrying 3 marks (objective items are 1 mark),,script,LT-authored(AI pack)
CBE-M-AP-A-001,bank,arithmetic-progression,lazytopper/src/data/questionBanks/class10/maths/arithmetic-progression.cbe.ts:16,format-marks-mismatch,Case-Based carrying 1 marks,,script,official(cbe)
CBE-M-AP-A-004,bank,arithmetic-progression,lazytopper/src/data/questionBanks/class10/maths/arithmetic-progression.cbe.ts:83,format-marks-mismatch,Case-Based carrying 1 marks,,script,official(cbe)
CBE-M-AP-A-005,bank,arithmetic-progression,lazytopper/src/data/questionBanks/class10/maths/arithmetic-progression.cbe.ts:102,format-marks-mismatch,Case-Based carrying 1 marks,,script,official(cbe)
CBE-M-AP-B-003,bank,arithmetic-progression,lazytopper/src/data/questionBanks/class10/maths/arithmetic-progression.cbe.ts:185,format-marks-mismatch,Case-Based carrying 2 marks,,script,official(cbe)
CBE-M-AP-C-001,bank,arithmetic-progression,lazytopper/src/data/questionBanks/class10/maths/arithmetic-progression.cbe.ts:229,format-marks-mismatch,Case-Based carrying 3 marks,,script,official(cbe)
2026-AP-AR-03,predicted,arithmetic-progression,lazytopper/src/data/predictedQuestions.ts:869,tagging,Assertion-Reason row tagged marks 2 / section B; CBSE A-R items are 1-mark Section A,"marks 1, section A",agent:misc (high),LT-authored(predicted)
2026-AP-AR-03X,predicted,arithmetic-progression,lazytopper/src/data/predictedQuestions.ts:1317,tagging,Assertion-Reason row tagged marks 2 / section B; CBSE A-R items are 1-mark Section A,"marks 1, section A",agent:misc (high),LT-authored(predicted)
2026-AP-CASE-04,predicted,arithmetic-progression,lazytopper/src/data/predictedQuestions.ts:892,tagging,Case-Based 4-mark item has no case sub-parts (i)/(ii)/(iii); a single 2-step question.,Restructure into 4 sub-parts or retag as 2–3 mark Short,agent:arithmetic-progression (uncertain),LT-authored(predicted)
AP2-005,bank,arithmetic-progression,lazytopper/src/data/questionBanks/class10/maths/arithmeticProgression.pack2.ts:116,tagging,MCQ tagged 2 marks / Section B; MCQs are 1-mark Section A items.,"marks 1, sec A",agent:arithmetic-progression (high),LT-authored(AI pack)
AP2-009,bank,arithmetic-progression,lazytopper/src/data/questionBanks/class10/maths/arithmeticProgression.pack2.ts:229,tagging,MCQ tagged 2 marks / Section B; MCQs are 1-mark Section A items.,"marks 1, sec A",agent:arithmetic-progression (high),LT-authored(AI pack)
AP2-014,bank,arithmetic-progression,lazytopper/src/data/questionBanks/class10/maths/arithmeticProgression.pack2.ts:367,tagging,Assertion-Reason tagged 2 marks / Section B; A-R items are 1-mark Section A.,"marks 1, sec A",agent:arithmetic-progression (high),LT-authored(AI pack)
AP2-015,bank,arithmetic-progression,lazytopper/src/data/questionBanks/class10/maths/arithmeticProgression.pack2.ts:397,tagging,Assertion-Reason tagged 2 marks / Section B; A-R items are 1-mark Section A.,"marks 1, sec A",agent:arithmetic-progression (high),LT-authored(AI pack)
AP2-016,bank,arithmetic-progression,lazytopper/src/data/questionBanks/class10/maths/arithmeticProgression.pack2.ts:427,tagging,Assertion-Reason tagged 2 marks / Section B; A-R items are 1-mark Section A.,"marks 1, sec A",agent:arithmetic-progression (high),LT-authored(AI pack)
AP2-026,bank,arithmetic-progression,lazytopper/src/data/questionBanks/class10/maths/arithmeticProgression.pack2.ts:738,tagging,MCQ tagged 2 marks / Section B; MCQs are 1-mark Section A items.,"marks 1, sec A",agent:arithmetic-progression (high),LT-authored(AI pack)
AP2-027,bank,arithmetic-progression,lazytopper/src/data/questionBanks/class10/maths/arithmeticProgression.pack2.ts:768,tagging,MCQ tagged 2 marks / Section B; MCQs are 1-mark Section A items.,"marks 1, sec A",agent:arithmetic-progression (high),LT-authored(AI pack)
AP2-030,bank,arithmetic-progression,lazytopper/src/data/questionBanks/class10/maths/arithmeticProgression.pack2.ts:854,tagging,Assertion-Reason tagged 2 marks / Section B; A-R items are 1-mark Section A.,"marks 1, sec A",agent:arithmetic-progression (high),LT-authored(AI pack)
AP2-031,bank,arithmetic-progression,lazytopper/src/data/questionBanks/class10/maths/arithmeticProgression.pack2.ts:886,tagging,Assertion-Reason tagged 2 marks / Section B; A-R items are 1-mark Section A.,"marks 1, sec A",agent:arithmetic-progression (high),LT-authored(AI pack)
AP2-032,bank,arithmetic-progression,lazytopper/src/data/questionBanks/class10/maths/arithmeticProgression.pack2.ts:917,tagging,"Assertion-Reason tagged 3 marks / Section C (key (d) is correct: a = −1, d = 3).","marks 1, sec A",agent:arithmetic-progression (high),LT-authored(AI pack)
AP2-035,bank,arithmetic-progression,lazytopper/src/data/questionBanks/class10/maths/arithmeticProgression.pack2.ts:1000,tagging,MCQ tagged 3 marks / Section C; MCQs are 1-mark Section A items.,"marks 1, sec A",agent:arithmetic-progression (high),LT-authored(AI pack)
AP2-041,bank,arithmetic-progression,lazytopper/src/data/questionBanks/class10/maths/arithmeticProgression.pack2.ts:1178,tagging,MCQ tagged 2 marks / Section B; MCQs are 1-mark Section A items.,"marks 1, sec A",agent:arithmetic-progression (high),LT-authored(AI pack)
AP2-042,bank,arithmetic-progression,lazytopper/src/data/questionBanks/class10/maths/arithmeticProgression.pack2.ts:1210,tagging,MCQ tagged 3 marks / Section C; MCQs are 1-mark Section A items.,"marks 1, sec A",agent:arithmetic-progression (high),LT-authored(AI pack)
BX-AP-D-007,bank,arithmetic-progression,lazytopper/src/data/questionBanks/class10/maths/arithmeticProgression.expand.longD.ts:27,tagging,one-line justification (difference of first terms) tagged 5 marks / Section D.,"marks 2–3, sec B/C",agent:arithmetic-progression (medium),LT-authored(expand.longD)
BX-AP-D-024,bank,arithmetic-progression,lazytopper/src/data/questionBanks/class10/maths/arithmeticProgression.expand.longD.ts:302,tagging,kth term from end (2-mark VSA) tagged 5 marks with padded 1-mark steps.,"marks 2–3, sec B/C",agent:arithmetic-progression (medium),LT-authored(expand.longD)
BX-AP-D-029,bank,arithmetic-progression,lazytopper/src/data/questionBanks/class10/maths/arithmeticProgression.expand.longD.ts:365,tagging,"two direct formula substitutions (a₁₀, S₁₀) tagged 5 marks; steps padded (separate 1 mark for restating result).","marks 2–3, sec B/C",agent:arithmetic-progression (medium),LT-authored(expand.longD)
BX-AP-D-041,bank,arithmetic-progression,lazytopper/src/data/questionBanks/class10/maths/arithmeticProgression.expand.longD.ts:596,tagging,1+2+...+12 = 78 recall-level sum tagged 5 marks / Section D.,"marks 2–3, sec B/C",agent:arithmetic-progression (medium),LT-authored(expand.longD)
BX-AP-D-059,bank,arithmetic-progression,lazytopper/src/data/questionBanks/class10/maths/arithmeticProgression.expand.longD.ts:869,tagging,sum 2+4+...+100 = 2550 single-formula item tagged 5 marks / Section D.,"marks 2–3, sec B/C",agent:arithmetic-progression (medium),LT-authored(expand.longD)
BX-AP-D-060,bank,arithmetic-progression,lazytopper/src/data/questionBanks/class10/maths/arithmeticProgression.expand.longD.ts:890,tagging,"1+...+25 and ""row 18 has 18"" trivial item tagged 5 marks / Section D.","marks 2–3, sec B/C",agent:arithmetic-progression (medium),LT-authored(expand.longD)
BX-AP-D-070,bank,arithmetic-progression,lazytopper/src/data/questionBanks/class10/maths/arithmeticProgression.expand.longD.ts:995,tagging,single consecutive-terms equation (2 marks) tagged 5 marks / Section D.,"marks 2–3, sec B/C",agent:arithmetic-progression (medium),LT-authored(expand.longD)
CC2-006,bank,carbon-and-its-compounds,lazytopper/src/data/questionBanks/class10/science/carbonCompounds.pack2.ts:160,format-marks-mismatch,MCQ carrying 2 marks (objective items are 1 mark),,script,LT-authored(AI pack)
CC2-007,bank,carbon-and-its-compounds,lazytopper/src/data/questionBanks/class10/science/carbonCompounds.pack2.ts:192,format-marks-mismatch,MCQ carrying 2 marks (objective items are 1 mark),,script,LT-authored(AI pack)
CC2-008,bank,carbon-and-its-compounds,lazytopper/src/data/questionBanks/class10/science/carbonCompounds.pack2.ts:223,format-marks-mismatch,MCQ carrying 2 marks (objective items are 1 mark),,script,LT-authored(AI pack)
CC2-010,bank,carbon-and-its-compounds,lazytopper/src/data/questionBanks/class10/science/carbonCompounds.pack2.ts:283,format-marks-mismatch,MCQ carrying 2 marks (objective items are 1 mark),,script,LT-authored(AI pack)
CC2-011,bank,carbon-and-its-compounds,lazytopper/src/data/questionBanks/class10/science/carbonCompounds.pack2.ts:314,format-marks-mismatch,Assertion-Reasoning carrying 3 marks (objective items are 1 mark),,script,LT-authored(AI pack)
CC2-012,bank,carbon-and-its-compounds,lazytopper/src/data/questionBanks/class10/science/carbonCompounds.pack2.ts:346,format-marks-mismatch,Assertion-Reasoning carrying 3 marks (objective items are 1 mark),,script,LT-authored(AI pack)
CC2-013,bank,carbon-and-its-compounds,lazytopper/src/data/questionBanks/class10/science/carbonCompounds.pack2.ts:378,format-marks-mismatch,Assertion-Reasoning carrying 3 marks (objective items are 1 mark),,script,LT-authored(AI pack)
CC2-014,bank,carbon-and-its-compounds,lazytopper/src/data/questionBanks/class10/science/carbonCompounds.pack2.ts:410,format-marks-mismatch,MCQ carrying 2 marks (objective items are 1 mark),,script,LT-authored(AI pack)
CC2-015,bank,carbon-and-its-compounds,lazytopper/src/data/questionBanks/class10/science/carbonCompounds.pack2.ts:443,format-marks-mismatch,MCQ carrying 2 marks (objective items are 1 mark),,script,LT-authored(AI pack)
CC2-016,bank,carbon-and-its-compounds,lazytopper/src/data/questionBanks/class10/science/carbonCompounds.pack2.ts:475,format-marks-mismatch,MCQ carrying 2 marks (objective items are 1 mark),,script,LT-authored(AI pack)
CC2-017,bank,carbon-and-its-compounds,lazytopper/src/data/questionBanks/class10/science/carbonCompounds.pack2.ts:507,format-marks-mismatch,MCQ carrying 3 marks (objective items are 1 mark),,script,LT-authored(AI pack)
CC2-018,bank,carbon-and-its-compounds,lazytopper/src/data/questionBanks/class10/science/carbonCompounds.pack2.ts:539,format-marks-mismatch,MCQ carrying 3 marks (objective items are 1 mark),,script,LT-authored(AI pack)
CC2-019,bank,carbon-and-its-compounds,lazytopper/src/data/questionBanks/class10/science/carbonCompounds.pack2.ts:572,format-marks-mismatch,MCQ carrying 3 marks (objective items are 1 mark),,script,LT-authored(AI pack)
CC2-030,bank,carbon-and-its-compounds,lazytopper/src/data/questionBanks/class10/science/carbonCompounds.pack2.ts:914,format-marks-mismatch,MCQ carrying 2 marks (objective items are 1 mark),,script,LT-authored(AI pack)
CC2-031,bank,carbon-and-its-compounds,lazytopper/src/data/questionBanks/class10/science/carbonCompounds.pack2.ts:944,format-marks-mismatch,MCQ carrying 2 marks (objective items are 1 mark),,script,LT-authored(AI pack)
CC2-032,bank,carbon-and-its-compounds,lazytopper/src/data/questionBanks/class10/science/carbonCompounds.pack2.ts:974,format-marks-mismatch,MCQ carrying 2 marks (objective items are 1 mark),,script,LT-authored(AI pack)
CC2-033,bank,carbon-and-its-compounds,lazytopper/src/data/questionBanks/class10/science/carbonCompounds.pack2.ts:1004,format-marks-mismatch,MCQ carrying 3 marks (objective items are 1 mark),,script,LT-authored(AI pack)
CC2-035,bank,carbon-and-its-compounds,lazytopper/src/data/questionBanks/class10/science/carbonCompounds.pack2.ts:1065,format-marks-mismatch,MCQ carrying 3 marks (objective items are 1 mark),,script,LT-authored(AI pack)
CC2-045,bank,carbon-and-its-compounds,lazytopper/src/data/questionBanks/class10/science/carbonCompounds.pack2.ts:1376,format-marks-mismatch,Assertion-Reasoning carrying 2 marks (objective items are 1 mark),,script,LT-authored(AI pack)
CC2-050,bank,carbon-and-its-compounds,lazytopper/src/data/questionBanks/class10/science/carbonCompounds.pack2.ts:1522,format-marks-mismatch,Long carrying 1 marks,,script,LT-authored(AI pack)
CC2-051,bank,carbon-and-its-compounds,lazytopper/src/data/questionBanks/class10/science/carbonCompounds.pack2.ts:1559,format-marks-mismatch,Long carrying 2 marks,,script,LT-authored(AI pack)
CFPQ-S-CARB-017,bank,carbon-and-its-compounds,lazytopper/src/data/questionBanks/class10/science/carbon-and-its-compounds.cfpq.ts:442,format-marks-mismatch,Short carrying 4 marks,,script,official(cfpq)
CC2-017,bank,carbon-and-its-compounds,lazytopper/src/data/questionBanks/class10/science/carbonCompounds.pack2.ts:507,limit,Branched-chain IUPAC naming with substituent locants (2-methylbutane) is beyond NCERT Class 10 nomenclature (straight-chain only),drop or replace with straight-chain naming,agent:carbon-and-its-compounds (uncertain),LT-authored(AI pack)
CC2-050,bank,carbon-and-its-compounds,lazytopper/src/data/questionBanks/class10/science/carbonCompounds.pack2.ts:1522,limit,Steps teach chain/position isomerism and neopentane/isopentane - beyond Class 10 (only structural isomers of butane etc.),trim to catenation+tetravalency,agent:carbon-and-its-compounds (uncertain),LT-authored(AI pack)
PYQ-S-CARB-002,bank,carbon-and-its-compounds,lazytopper/src/data/questionBanks/class10/science/carbon-and-its-compounds.pyq.ts:19,other-chapter,"Natural sources of acids (tamarind/tomato/ant & nettle sting) is the NCERT Acids, Bases and Salts table; packet syllabus lists ant-sting methanoic acid as IN here so only uncertain",acids-bases-and-salts,agent:carbon-and-its-compounds (uncertain),official(pyq)
CC2-023,bank,carbon-and-its-compounds,lazytopper/src/data/questionBanks/class10/science/carbonCompounds.pack2.ts:705,syllabus,"Bond angle 109.5 deg / tetrahedral geometry / sp3 hybridisation is Class 11 content, not in Class 10 2026-27 syllabus",drop,agent:carbon-and-its-compounds (medium),LT-authored(AI pack)
CFPQ-S-CARB-015,bank,carbon-and-its-compounds,lazytopper/src/data/questionBanks/class10/science/carbon-and-its-compounds.cfpq.ts:394,syllabus,carboxylic-acid nomenclature (OUT; ethanoic acid properties IN) :: …ive homologous series.  - methanol - methanal - methanone - methanoic acid  (a) Which name has she written incorrectly? Justify y…,WITHHOLD per ruling R6 — answer turns on naming a carboxylic acid / ketone first member (uncertain: methanone part is IN nomenclature),script+manual review,official(cfpq)
CC2-006,bank,carbon-and-its-compounds,lazytopper/src/data/questionBanks/class10/science/carbonCompounds.pack2.ts:160,tagging,MCQ (single-answer objective) tagged 2 marks / section B; objective items are 1-mark Section A,"marks=1, sec=A",agent:carbon-and-its-compounds (high),LT-authored(AI pack)
CC2-007,bank,carbon-and-its-compounds,lazytopper/src/data/questionBanks/class10/science/carbonCompounds.pack2.ts:192,tagging,MCQ (single-answer objective) tagged 2 marks / section B; objective items are 1-mark Section A,"marks=1, sec=A",agent:carbon-and-its-compounds (high),LT-authored(AI pack)
CC2-008,bank,carbon-and-its-compounds,lazytopper/src/data/questionBanks/class10/science/carbonCompounds.pack2.ts:223,tagging,MCQ (single-answer objective) tagged 2 marks / section B; objective items are 1-mark Section A,"marks=1, sec=A",agent:carbon-and-its-compounds (high),LT-authored(AI pack)
CC2-010,bank,carbon-and-its-compounds,lazytopper/src/data/questionBanks/class10/science/carbonCompounds.pack2.ts:283,tagging,MCQ (single-answer objective) tagged 2 marks / section B; objective items are 1-mark Section A,"marks=1, sec=A",agent:carbon-and-its-compounds (high),LT-authored(AI pack)
CC2-011,bank,carbon-and-its-compounds,lazytopper/src/data/questionBanks/class10/science/carbonCompounds.pack2.ts:314,tagging,Assertion-Reasoning (single-answer objective) tagged 3 marks / section C; objective items are 1-mark Section A,"marks=1, sec=A",agent:carbon-and-its-compounds (high),LT-authored(AI pack)
CC2-012,bank,carbon-and-its-compounds,lazytopper/src/data/questionBanks/class10/science/carbonCompounds.pack2.ts:346,tagging,Assertion-Reasoning (single-answer objective) tagged 3 marks / section C; objective items are 1-mark Section A,"marks=1, sec=A",agent:carbon-and-its-compounds (high),LT-authored(AI pack)
CC2-013,bank,carbon-and-its-compounds,lazytopper/src/data/questionBanks/class10/science/carbonCompounds.pack2.ts:378,tagging,Assertion-Reasoning (single-answer objective) tagged 3 marks / section C; objective items are 1-mark Section A,"marks=1, sec=A",agent:carbon-and-its-compounds (high),LT-authored(AI pack)
CC2-014,bank,carbon-and-its-compounds,lazytopper/src/data/questionBanks/class10/science/carbonCompounds.pack2.ts:410,tagging,MCQ (single-answer objective) tagged 2 marks / section B; objective items are 1-mark Section A,"marks=1, sec=A",agent:carbon-and-its-compounds (high),LT-authored(AI pack)
CC2-015,bank,carbon-and-its-compounds,lazytopper/src/data/questionBanks/class10/science/carbonCompounds.pack2.ts:443,tagging,MCQ (single-answer objective) tagged 2 marks / section B; objective items are 1-mark Section A,"marks=1, sec=A",agent:carbon-and-its-compounds (high),LT-authored(AI pack)
CC2-016,bank,carbon-and-its-compounds,lazytopper/src/data/questionBanks/class10/science/carbonCompounds.pack2.ts:475,tagging,MCQ (single-answer objective) tagged 2 marks / section B; objective items are 1-mark Section A,"marks=1, sec=A",agent:carbon-and-its-compounds (high),LT-authored(AI pack)
CC2-017,bank,carbon-and-its-compounds,lazytopper/src/data/questionBanks/class10/science/carbonCompounds.pack2.ts:507,tagging,MCQ (single-answer objective) tagged 3 marks / section C; objective items are 1-mark Section A,"marks=1, sec=A",agent:carbon-and-its-compounds (high),LT-authored(AI pack)
CC2-018,bank,carbon-and-its-compounds,lazytopper/src/data/questionBanks/class10/science/carbonCompounds.pack2.ts:539,tagging,MCQ (single-answer objective) tagged 3 marks / section C; objective items are 1-mark Section A,"marks=1, sec=A",agent:carbon-and-its-compounds (high),LT-authored(AI pack)
CC2-019,bank,carbon-and-its-compounds,lazytopper/src/data/questionBanks/class10/science/carbonCompounds.pack2.ts:572,tagging,MCQ (single-answer objective) tagged 3 marks / section C; objective items are 1-mark Section A,"marks=1, sec=A",agent:carbon-and-its-compounds (high),LT-authored(AI pack)
CC2-030,bank,carbon-and-its-compounds,lazytopper/src/data/questionBanks/class10/science/carbonCompounds.pack2.ts:914,tagging,MCQ (single-answer objective) tagged 2 marks / section B; objective items are 1-mark Section A,"marks=1, sec=A",agent:carbon-and-its-compounds (high),LT-authored(AI pack)
CC2-031,bank,carbon-and-its-compounds,lazytopper/src/data/questionBanks/class10/science/carbonCompounds.pack2.ts:944,tagging,MCQ (single-answer objective) tagged 2 marks / section B; objective items are 1-mark Section A,"marks=1, sec=A",agent:carbon-and-its-compounds (high),LT-authored(AI pack)
CC2-032,bank,carbon-and-its-compounds,lazytopper/src/data/questionBanks/class10/science/carbonCompounds.pack2.ts:974,tagging,MCQ (single-answer objective) tagged 2 marks / section B; objective items are 1-mark Section A,"marks=1, sec=A",agent:carbon-and-its-compounds (high),LT-authored(AI pack)
CC2-033,bank,carbon-and-its-compounds,lazytopper/src/data/questionBanks/class10/science/carbonCompounds.pack2.ts:1004,tagging,MCQ (single-answer objective) tagged 3 marks / section C; objective items are 1-mark Section A,"marks=1, sec=A",agent:carbon-and-its-compounds (high),LT-authored(AI pack)
CC2-035,bank,carbon-and-its-compounds,lazytopper/src/data/questionBanks/class10/science/carbonCompounds.pack2.ts:1065,tagging,MCQ (single-answer objective) tagged 3 marks / section C; objective items are 1-mark Section A,"marks=1, sec=A",agent:carbon-and-its-compounds (high),LT-authored(AI pack)
CC2-045,bank,carbon-and-its-compounds,lazytopper/src/data/questionBanks/class10/science/carbonCompounds.pack2.ts:1376,tagging,Assertion-Reasoning (single-answer objective) tagged 2 marks / section B; objective items are 1-mark Section A,"marks=1, sec=A",agent:carbon-and-its-compounds (high),LT-authored(AI pack)
CC2-050,bank,carbon-and-its-compounds,lazytopper/src/data/questionBanks/class10/science/carbonCompounds.pack2.ts:1522,tagging,Long-answer explain/discuss question (12-line steps) tagged 1 mark Section A,"marks=3 or 5, sec=C/D",agent:carbon-and-its-compounds (high),LT-authored(AI pack)
CR2-016,bank,chemical-reactions-and-equations,lazytopper/src/data/questionBanks/class10/science/chemicalReactions.pack2.ts:434,format-marks-mismatch,Assertion-Reasoning carrying 3 marks (objective items are 1 mark),,script,LT-authored(AI pack)
CR2-017,bank,chemical-reactions-and-equations,lazytopper/src/data/questionBanks/class10/science/chemicalReactions.pack2.ts:465,format-marks-mismatch,Assertion-Reasoning carrying 3 marks (objective items are 1 mark),,script,LT-authored(AI pack)
CR2-018,bank,chemical-reactions-and-equations,lazytopper/src/data/questionBanks/class10/science/chemicalReactions.pack2.ts:496,format-marks-mismatch,Assertion-Reasoning carrying 3 marks (objective items are 1 mark),,script,LT-authored(AI pack)
CR2-032,bank,chemical-reactions-and-equations,lazytopper/src/data/questionBanks/class10/science/chemicalReactions.pack2.ts:870,format-marks-mismatch,MCQ carrying 2 marks (objective items are 1 mark),,script,LT-authored(AI pack)
CR2-033,bank,chemical-reactions-and-equations,lazytopper/src/data/questionBanks/class10/science/chemicalReactions.pack2.ts:901,format-marks-mismatch,Assertion-Reasoning carrying 2 marks (objective items are 1 mark),,script,LT-authored(AI pack)
CR2-034,bank,chemical-reactions-and-equations,lazytopper/src/data/questionBanks/class10/science/chemicalReactions.pack2.ts:933,format-marks-mismatch,MCQ carrying 2 marks (objective items are 1 mark),,script,LT-authored(AI pack)
CR2-037,bank,chemical-reactions-and-equations,lazytopper/src/data/questionBanks/class10/science/chemicalReactions.pack2.ts:1020,format-marks-mismatch,Assertion-Reasoning carrying 3 marks (objective items are 1 mark),,script,LT-authored(AI pack)
CR2-039,bank,chemical-reactions-and-equations,lazytopper/src/data/questionBanks/class10/science/chemicalReactions.pack2.ts:1077,format-marks-mismatch,MCQ carrying 3 marks (objective items are 1 mark),,script,LT-authored(AI pack)
CR2-040,bank,chemical-reactions-and-equations,lazytopper/src/data/questionBanks/class10/science/chemicalReactions.pack2.ts:1110,format-marks-mismatch,MCQ carrying 3 marks (objective items are 1 mark),,script,LT-authored(AI pack)
CR2-042,bank,chemical-reactions-and-equations,lazytopper/src/data/questionBanks/class10/science/chemicalReactions.pack2.ts:1167,format-marks-mismatch,Assertion-Reasoning carrying 3 marks (objective items are 1 mark),,script,LT-authored(AI pack)
BX-CHEM-EX-A-007,bank,chemical-reactions-and-equations,lazytopper/src/data/questionBanks/class10/science/chemicalReactions.expand.extract.ts:70,other-chapter,"Role of common salt in soap preparation (salting out) is Carbon and its Compounds content, not Chemical Reactions",carbon-and-its-compounds,agent:chemical-reactions-and-equations (high),transcribed-third-party(expand.extract)
PYQ-S-2025-CHEMRXN-002,bank,chemical-reactions-and-equations,lazytopper/src/data/questionBanks/class10/science/chemicalReactions.pyq2025.ts:19,other-chapter,"Electrolytic reduction of molten chlorides (Ca, Mg) is extraction of metals - Metals and Non-metals chapter",metals-and-non-metals,agent:chemical-reactions-and-equations (high),official(pyq2025)
PYQ-S-2026-CHEMRXN-001,bank,chemical-reactions-and-equations,lazytopper/src/data/questionBanks/class10/science/chemicalReactions.pyq2026.ts:11,other-chapter,"Events of photosynthesis (light absorption by chlorophyll, energy conversion) is Life Processes content",life-processes,agent:chemical-reactions-and-equations (medium),official(pyq2026)
CR2-016,bank,chemical-reactions-and-equations,lazytopper/src/data/questionBanks/class10/science/chemicalReactions.pack2.ts:434,tagging,Assertion-Reason item tagged 3 marks (sec C); A-R is a 1-mark Section A format,"marks 1, sec A",agent:chemical-reactions-and-equations (high),LT-authored(AI pack)
CR2-017,bank,chemical-reactions-and-equations,lazytopper/src/data/questionBanks/class10/science/chemicalReactions.pack2.ts:465,tagging,Assertion-Reason item tagged 3 marks (sec C); A-R is a 1-mark Section A format,"marks 1, sec A",agent:chemical-reactions-and-equations (high),LT-authored(AI pack)
CR2-018,bank,chemical-reactions-and-equations,lazytopper/src/data/questionBanks/class10/science/chemicalReactions.pack2.ts:496,tagging,Assertion-Reason item tagged 3 marks (sec C); A-R is a 1-mark Section A format,"marks 1, sec A",agent:chemical-reactions-and-equations (high),LT-authored(AI pack)
CR2-032,bank,chemical-reactions-and-equations,lazytopper/src/data/questionBanks/class10/science/chemicalReactions.pack2.ts:870,tagging,MCQ tagged 2 marks (sec B); MCQ is 1-mark Section A,"marks 1, sec A",agent:chemical-reactions-and-equations (high),LT-authored(AI pack)
CR2-033,bank,chemical-reactions-and-equations,lazytopper/src/data/questionBanks/class10/science/chemicalReactions.pack2.ts:901,tagging,Assertion-Reason item tagged 2 marks (sec B); A-R is a 1-mark Section A format,"marks 1, sec A",agent:chemical-reactions-and-equations (high),LT-authored(AI pack)
CR2-037,bank,chemical-reactions-and-equations,lazytopper/src/data/questionBanks/class10/science/chemicalReactions.pack2.ts:1020,tagging,Assertion-Reason item tagged 3 marks (sec C); A-R is a 1-mark Section A format,"marks 1, sec A",agent:chemical-reactions-and-equations (high),LT-authored(AI pack)
CR2-039,bank,chemical-reactions-and-equations,lazytopper/src/data/questionBanks/class10/science/chemicalReactions.pack2.ts:1077,tagging,MCQ tagged 3 marks (sec C); MCQ is 1-mark Section A,"marks 1, sec A",agent:chemical-reactions-and-equations (high),LT-authored(AI pack)
CR2-040,bank,chemical-reactions-and-equations,lazytopper/src/data/questionBanks/class10/science/chemicalReactions.pack2.ts:1110,tagging,MCQ tagged 3 marks (sec C); MCQ is 1-mark Section A,"marks 1, sec A",agent:chemical-reactions-and-equations (high),LT-authored(AI pack)
CR2-042,bank,chemical-reactions-and-equations,lazytopper/src/data/questionBanks/class10/science/chemicalReactions.pack2.ts:1167,tagging,Assertion-Reason item tagged 3 marks (sec C); A-R is a 1-mark Section A format,"marks 1, sec A",agent:chemical-reactions-and-equations (high),LT-authored(AI pack)
CR2-049,bank,chemical-reactions-and-equations,lazytopper/src/data/questionBanks/class10/science/chemicalReactions.pack2.ts:1366,tagging,5-mark Long tagged Oxidation-Reduction but part (a) electron-dot ionic bond formation and (e) mole calculation belong to Metals and Non-metals / Class 9 mole concept; numeric answer 6.022×10²³ is correct,"Retag or trim parts (a),(e)",agent:chemical-reactions-and-equations (uncertain),LT-authored(AI pack)
2026-CIRC-AR-03,predicted,circles,lazytopper/src/data/predictedQuestions.ts:943,format-marks-mismatch,Assertion-Reasoning carrying 2 marks (objective items are 1 mark),,script,LT-authored(predicted)
CI2-009,bank,circles,lazytopper/src/data/questionBanks/class10/maths/circles.pack2.ts:236,format-marks-mismatch,MCQ carrying 2 marks (objective items are 1 mark),,script,LT-authored(AI pack)
CI2-010,bank,circles,lazytopper/src/data/questionBanks/class10/maths/circles.pack2.ts:266,format-marks-mismatch,MCQ carrying 2 marks (objective items are 1 mark),,script,LT-authored(AI pack)
CI2-011,bank,circles,lazytopper/src/data/questionBanks/class10/maths/circles.pack2.ts:298,format-marks-mismatch,MCQ carrying 2 marks (objective items are 1 mark),,script,LT-authored(AI pack)
CI2-014,bank,circles,lazytopper/src/data/questionBanks/class10/maths/circles.pack2.ts:386,format-marks-mismatch,Assertion-Reasoning carrying 3 marks (objective items are 1 mark),,script,LT-authored(AI pack)
CI2-015,bank,circles,lazytopper/src/data/questionBanks/class10/maths/circles.pack2.ts:417,format-marks-mismatch,Assertion-Reasoning carrying 3 marks (objective items are 1 mark),,script,LT-authored(AI pack)
CI2-020,bank,circles,lazytopper/src/data/questionBanks/class10/maths/circles.pack2.ts:606,format-marks-mismatch,MCQ carrying 2 marks (objective items are 1 mark),,script,LT-authored(AI pack)
CI2-029,bank,circles,lazytopper/src/data/questionBanks/class10/maths/circles.pack2.ts:784,format-marks-mismatch,MCQ carrying 2 marks (objective items are 1 mark),,script,LT-authored(AI pack)
CI2-032,bank,circles,lazytopper/src/data/questionBanks/class10/maths/circles.pack2.ts:845,format-marks-mismatch,MCQ carrying 2 marks (objective items are 1 mark),,script,LT-authored(AI pack)
CI2-033,bank,circles,lazytopper/src/data/questionBanks/class10/maths/circles.pack2.ts:879,format-marks-mismatch,MCQ carrying 3 marks (objective items are 1 mark),,script,LT-authored(AI pack)
CI2-035,bank,circles,lazytopper/src/data/questionBanks/class10/maths/circles.pack2.ts:937,format-marks-mismatch,Assertion-Reasoning carrying 3 marks (objective items are 1 mark),,script,LT-authored(AI pack)
CI2-036,bank,circles,lazytopper/src/data/questionBanks/class10/maths/circles.pack2.ts:968,format-marks-mismatch,MCQ carrying 3 marks (objective items are 1 mark),,script,LT-authored(AI pack)
CI2-043,bank,circles,lazytopper/src/data/questionBanks/class10/maths/circles.pack2.ts:1225,format-marks-mismatch,Assertion-Reasoning carrying 2 marks (objective items are 1 mark),,script,LT-authored(AI pack)
PYQ-M-2025-CIRC-005,bank,circles,lazytopper/src/data/questionBanks/class10/maths/circles.pyq2025.ts:40,other-chapter,Area of minor segment is Areas Related to Circles,areas-related-to-circles,agent:circles (high),official(pyq2025)
PYQ-M-2026-CIRC-002,bank,circles,lazytopper/src/data/questionBanks/class10/maths/circles.pyq2026.ts:20,other-chapter,Perimeter of shaded region (arc + chord) is Areas Related to Circles,areas-related-to-circles,agent:circles (high),official(pyq2026)
PYQ-M-2026-CIRC-004,bank,circles,lazytopper/src/data/questionBanks/class10/maths/circles.pyq2026.ts:34,other-chapter,Area of sector and perimeter of segment is Areas Related to Circles,areas-related-to-circles,agent:circles (high),official(pyq2026)
PYQ-M-CIRC-008,bank,circles,lazytopper/src/data/questionBanks/class10/maths/circles.pyq.ts:67,other-chapter,A-R on points lying on circle via distance formula is coordinate geometry,coordinate-geometry,agent:circles (medium),official(pyq)
2026-CIRC-CASE-11,predicted,circles,lazytopper/src/data/predictedQuestions.ts:2492,syllabus,"Chord length vs distance from centre is Class 9 circles content, not Class 10 (tangents only); labelled Number/Type of Tangents",Remove or replace with tangent-based case study,agent:circles (medium),LT-authored(predicted)
CI2-033,bank,circles,lazytopper/src/data/questionBanks/class10/maths/circles.pack2.ts:879,syllabus,"Number of common tangents of two separate circles is not in NCERT Class 10 Circles (2026-27: tangent at a point, two theorems, applications)",Remove or replace with in-syllabus tangent question,agent:circles (medium),LT-authored(AI pack)
CIRC-N-EXEM-10-CRE-001,bank,circles,lazytopper/src/data/questionBanks/class10/maths/circles.exemplar.ts:161,syllabus,constructions (OUT) :: …Construct a configuration consisting of a circle of radius 6 cm and a…,"WITHHOLD — ""Construct a configuration…"" is a Constructions task (OUT) (medium); the OP/tangent-length computation alone would be IN",script+manual review,official(exemplar)
2026-CIRC-AR-03,predicted,circles,lazytopper/src/data/predictedQuestions.ts:943,tagging,Assertion-Reason row tagged marks 2 / section B; CBSE A-R items are 1-mark Section A,"marks 1, section A",agent:misc (high),LT-authored(predicted)
2026-CIRC-CASE-11,predicted,circles,lazytopper/src/data/predictedQuestions.ts:2492,tagging,"Case-Based 4-mark Section E item has only two parts (a),(b) instead of the standard (i),(ii),(iii)",Add parts or retag,agent:circles (medium),LT-authored(predicted)
CI2-009,bank,circles,lazytopper/src/data/questionBanks/class10/maths/circles.pack2.ts:236,tagging,Single-answer MCQ tagged 2 marks / Section B; objective items are 1 mark Section A,"marks 1, sec A",agent:circles (high),LT-authored(AI pack)
CI2-010,bank,circles,lazytopper/src/data/questionBanks/class10/maths/circles.pack2.ts:266,tagging,Single-answer MCQ tagged 2 marks / Section B; objective items are 1 mark Section A,"marks 1, sec A",agent:circles (high),LT-authored(AI pack)
CI2-011,bank,circles,lazytopper/src/data/questionBanks/class10/maths/circles.pack2.ts:298,tagging,Single-answer MCQ tagged 2 marks / Section B; objective items are 1 mark Section A,"marks 1, sec A",agent:circles (high),LT-authored(AI pack)
CI2-014,bank,circles,lazytopper/src/data/questionBanks/class10/maths/circles.pack2.ts:386,tagging,Assertion-Reason item tagged 3 marks / Section C,"marks 1, sec A",agent:circles (high),LT-authored(AI pack)
CI2-015,bank,circles,lazytopper/src/data/questionBanks/class10/maths/circles.pack2.ts:417,tagging,Assertion-Reason item tagged 3 marks / Section C,"marks 1, sec A",agent:circles (high),LT-authored(AI pack)
CI2-020,bank,circles,lazytopper/src/data/questionBanks/class10/maths/circles.pack2.ts:606,tagging,Single-answer MCQ tagged 2 marks / Section B; objective items are 1 mark Section A,"marks 1, sec A",agent:circles (high),LT-authored(AI pack)
CI2-029,bank,circles,lazytopper/src/data/questionBanks/class10/maths/circles.pack2.ts:784,tagging,Single-answer MCQ tagged 2 marks / Section B; objective items are 1 mark Section A,"marks 1, sec A",agent:circles (high),LT-authored(AI pack)
CI2-032,bank,circles,lazytopper/src/data/questionBanks/class10/maths/circles.pack2.ts:845,tagging,Single-answer MCQ tagged 2 marks / Section B; objective items are 1 mark Section A,"marks 1, sec A",agent:circles (high),LT-authored(AI pack)
CI2-033,bank,circles,lazytopper/src/data/questionBanks/class10/maths/circles.pack2.ts:879,tagging,Single-answer MCQ tagged 3 marks / Section C,"marks 1, sec A",agent:circles (high),LT-authored(AI pack)
CI2-035,bank,circles,lazytopper/src/data/questionBanks/class10/maths/circles.pack2.ts:937,tagging,Assertion-Reason item tagged 3 marks / Section C,"marks 1, sec A",agent:circles (high),LT-authored(AI pack)
CI2-036,bank,circles,lazytopper/src/data/questionBanks/class10/maths/circles.pack2.ts:968,tagging,Single-answer MCQ tagged 3 marks / Section C,"marks 1, sec A",agent:circles (high),LT-authored(AI pack)
CI2-043,bank,circles,lazytopper/src/data/questionBanks/class10/maths/circles.pack2.ts:1225,tagging,Assertion-Reason item tagged 2 marks / Section B,"marks 1, sec A",agent:circles (high),LT-authored(AI pack)
CNC2-007,bank,control-and-coordination,lazytopper/src/data/questionBanks/class10/science/controlAndCoordination.pack2.ts:181,format-marks-mismatch,Assertion-Reasoning carrying 2 marks (objective items are 1 mark),,script,LT-authored(AI pack)
CNC2-011,bank,control-and-coordination,lazytopper/src/data/questionBanks/class10/science/controlAndCoordination.pack2.ts:298,format-marks-mismatch,Assertion-Reasoning carrying 2 marks (objective items are 1 mark),,script,LT-authored(AI pack)
CNC2-015,bank,control-and-coordination,lazytopper/src/data/questionBanks/class10/science/controlAndCoordination.pack2.ts:416,format-marks-mismatch,Assertion-Reasoning carrying 2 marks (objective items are 1 mark),,script,LT-authored(AI pack)
CNC2-029,bank,control-and-coordination,lazytopper/src/data/questionBanks/class10/science/controlAndCoordination.pack2.ts:817,format-marks-mismatch,Assertion-Reasoning carrying 2 marks (objective items are 1 mark),,script,LT-authored(AI pack)
CNC2-030,bank,control-and-coordination,lazytopper/src/data/questionBanks/class10/science/controlAndCoordination.pack2.ts:847,format-marks-mismatch,MCQ carrying 2 marks (objective items are 1 mark),,script,LT-authored(AI pack)
CNC2-031,bank,control-and-coordination,lazytopper/src/data/questionBanks/class10/science/controlAndCoordination.pack2.ts:877,format-marks-mismatch,MCQ carrying 2 marks (objective items are 1 mark),,script,LT-authored(AI pack)
CNC2-033,bank,control-and-coordination,lazytopper/src/data/questionBanks/class10/science/controlAndCoordination.pack2.ts:937,format-marks-mismatch,MCQ carrying 2 marks (objective items are 1 mark),,script,LT-authored(AI pack)
CNC2-034,bank,control-and-coordination,lazytopper/src/data/questionBanks/class10/science/controlAndCoordination.pack2.ts:967,format-marks-mismatch,MCQ carrying 2 marks (objective items are 1 mark),,script,LT-authored(AI pack)
CNC2-036,bank,control-and-coordination,lazytopper/src/data/questionBanks/class10/science/controlAndCoordination.pack2.ts:1027,format-marks-mismatch,MCQ carrying 2 marks (objective items are 1 mark),,script,LT-authored(AI pack)
CNC2-037,bank,control-and-coordination,lazytopper/src/data/questionBanks/class10/science/controlAndCoordination.pack2.ts:1058,format-marks-mismatch,Assertion-Reasoning carrying 2 marks (objective items are 1 mark),,script,LT-authored(AI pack)
CNC2-038,bank,control-and-coordination,lazytopper/src/data/questionBanks/class10/science/controlAndCoordination.pack2.ts:1088,format-marks-mismatch,MCQ carrying 2 marks (objective items are 1 mark),,script,LT-authored(AI pack)
CNC2-044,bank,control-and-coordination,lazytopper/src/data/questionBanks/class10/science/controlAndCoordination.pack2.ts:1246,format-marks-mismatch,Assertion-Reasoning carrying 3 marks (objective items are 1 mark),,script,LT-authored(AI pack)
PYQ-S-2026-CTRL-006,bank,control-and-coordination,lazytopper/src/data/questionBanks/class10/science/controlCoordination.pyq2026.ts:51,other-chapter,"Eyeball-size / corrective lens question (hypermetropia) belongs to the Human Eye chapter, not Control and Coordination.",the-human-eye-and-the-colourful-world (answer Converging lens is correct),agent:control-and-coordination (high),official(pyq2026)
CNC2-023,bank,control-and-coordination,lazytopper/src/data/questionBanks/class10/science/controlAndCoordination.pack2.ts:636,syllabus,"Parathyroid hormone / blood calcium regulation is not in NCERT Class 10 2026-27 (Ch 6 hormones: thyroxin, GH, adrenaline, insulin, sex hormones).",Remove or replace with an in-syllabus hormone,agent:control-and-coordination (medium),LT-authored(AI pack)
SCO-S-CTRL-001,bank,control-and-coordination,lazytopper/src/data/questionBanks/class10/science/control-and-coordination.chapterwise.ts:12,syllabus,Brain stem composition / optic lobes / corpora striata is beyond NCERT Class 10 scope.,Remove (beyond syllabus),agent:control-and-coordination (medium),transcribed-third-party(chapterwise)
SCO-S-CTRL-002,bank,control-and-coordination,lazytopper/src/data/questionBanks/class10/science/control-and-coordination.chapterwise.ts:20,syllabus,Pineal body as vestigial third eye is beyond NCERT Class 10 scope.,Remove (beyond syllabus),agent:control-and-coordination (medium),transcribed-third-party(chapterwise)
CNC2-007,bank,control-and-coordination,lazytopper/src/data/questionBanks/class10/science/controlAndCoordination.pack2.ts:181,tagging,Assertion-Reason item tagged 2 marks / Section B; CBSE A-R is a 1-mark Section A item.,"marks 1, Section A",agent:control-and-coordination (high),LT-authored(AI pack)
CNC2-011,bank,control-and-coordination,lazytopper/src/data/questionBanks/class10/science/controlAndCoordination.pack2.ts:298,tagging,Assertion-Reason item tagged 2 marks / Section B; CBSE A-R is a 1-mark Section A item.,"marks 1, Section A",agent:control-and-coordination (high),LT-authored(AI pack)
CNC2-015,bank,control-and-coordination,lazytopper/src/data/questionBanks/class10/science/controlAndCoordination.pack2.ts:416,tagging,Assertion-Reason item tagged 2 marks / Section B; CBSE A-R is a 1-mark Section A item.,"marks 1, Section A",agent:control-and-coordination (high),LT-authored(AI pack)
CNC2-029,bank,control-and-coordination,lazytopper/src/data/questionBanks/class10/science/controlAndCoordination.pack2.ts:817,tagging,Assertion-Reason item tagged 2 marks / Section B; CBSE A-R is a 1-mark Section A item.,"marks 1, Section A",agent:control-and-coordination (high),LT-authored(AI pack)
CNC2-030,bank,control-and-coordination,lazytopper/src/data/questionBanks/class10/science/controlAndCoordination.pack2.ts:847,tagging,Single-answer recall MCQ tagged 2 marks / Section B.,"marks 1, Section A",agent:control-and-coordination (high),LT-authored(AI pack)
CNC2-031,bank,control-and-coordination,lazytopper/src/data/questionBanks/class10/science/controlAndCoordination.pack2.ts:877,tagging,Single-answer recall MCQ tagged 2 marks / Section B.,"marks 1, Section A",agent:control-and-coordination (high),LT-authored(AI pack)
CNC2-033,bank,control-and-coordination,lazytopper/src/data/questionBanks/class10/science/controlAndCoordination.pack2.ts:937,tagging,Single-answer recall MCQ tagged 2 marks / Section B.,"marks 1, Section A",agent:control-and-coordination (high),LT-authored(AI pack)
CNC2-034,bank,control-and-coordination,lazytopper/src/data/questionBanks/class10/science/controlAndCoordination.pack2.ts:967,tagging,Single-answer recall MCQ tagged 2 marks / Section B.,"marks 1, Section A",agent:control-and-coordination (high),LT-authored(AI pack)
CNC2-036,bank,control-and-coordination,lazytopper/src/data/questionBanks/class10/science/controlAndCoordination.pack2.ts:1027,tagging,Single-answer recall MCQ tagged 2 marks / Section B.,"marks 1, Section A",agent:control-and-coordination (high),LT-authored(AI pack)
CNC2-037,bank,control-and-coordination,lazytopper/src/data/questionBanks/class10/science/controlAndCoordination.pack2.ts:1058,tagging,Assertion-Reason item tagged 2 marks / Section B; CBSE A-R is a 1-mark Section A item.,"marks 1, Section A",agent:control-and-coordination (high),LT-authored(AI pack)
CNC2-038,bank,control-and-coordination,lazytopper/src/data/questionBanks/class10/science/controlAndCoordination.pack2.ts:1088,tagging,Single-answer recall MCQ tagged 2 marks / Section B.,"marks 1, Section A",agent:control-and-coordination (high),LT-authored(AI pack)
CNC2-044,bank,control-and-coordination,lazytopper/src/data/questionBanks/class10/science/controlAndCoordination.pack2.ts:1246,tagging,Assertion-Reason item tagged 3 marks / Section C.,"marks 1, Section A",agent:control-and-coordination (high),LT-authored(AI pack)
PYQ-S-2024-CTRL-001,bank,control-and-coordination,lazytopper/src/data/questionBanks/class10/science/controlCoordination.pyq2024.ts:12,tagging,"Plant-hormone question labelled subtopic ""Endocrine System"" (animal endocrine).",Plant Hormones & Movements,agent:control-and-coordination (high),official(pyq2024)
PYQ-S-2025-CTRL-001,bank,control-and-coordination,lazytopper/src/data/questionBanks/class10/science/controlCoordination.pyq2025.ts:11,tagging,"Plant-hormone question labelled subtopic ""Endocrine System"" (animal endocrine).",Plant Hormones & Movements,agent:control-and-coordination (high),official(pyq2025)
PYQ-S-2025-CTRL-002,bank,control-and-coordination,lazytopper/src/data/questionBanks/class10/science/controlCoordination.pyq2025.ts:19,tagging,"Plant-hormone question labelled subtopic ""Endocrine System"" (animal endocrine).",Plant Hormones & Movements,agent:control-and-coordination (high),official(pyq2025)
CG2-035,bank,coordinate-geometry,lazytopper/src/data/questionBanks/class10/maths/coordinateGeometry.pack2.ts:722,format-marks-mismatch,MCQ carrying 3 marks (objective items are 1 mark),,script,LT-authored(AI pack)
CG2-036,bank,coordinate-geometry,lazytopper/src/data/questionBanks/class10/maths/coordinateGeometry.pack2.ts:752,format-marks-mismatch,Assertion-Reasoning carrying 3 marks (objective items are 1 mark),,script,LT-authored(AI pack)
CG2-037,bank,coordinate-geometry,lazytopper/src/data/questionBanks/class10/maths/coordinateGeometry.pack2.ts:783,format-marks-mismatch,Assertion-Reasoning carrying 3 marks (objective items are 1 mark),,script,LT-authored(AI pack)
PB-M-1-CG-A-001,bank,coordinate-geometry,lazytopper/src/data/questionBanks/class10/maths/coordinate-geometry.preboard.ts:11,syllabus,"Subtopic ""Equation of a Line through Two Points"" - equation of a line is not in Class 10 2026-27 coordinate geometry (solvable only by substitution)",Relabel to substitution check or drop,agent:coordinate-geometry (uncertain),transcribed-third-party(preboard)
BX-COORD-D-001,bank,coordinate-geometry,lazytopper/src/data/questionBanks/class10/maths/coordinateGeometry.expand.longD.ts:11,tagging,"NCERT-style 4th-vertex-of-parallelogram item (3-mark, single midpoint equation) tagged 5 marks / Section D","marks 3, sec C",agent:coordinate-geometry (medium),LT-authored(expand.longD)
BX-COORD-D-006,bank,coordinate-geometry,lazytopper/src/data/questionBanks/class10/maths/coordinateGeometry.expand.longD.ts:46,tagging,Ratio by x-axis + point + distance from origin (NCERT 3-mark type) tagged 5 marks / Section D,"marks 3, sec C",agent:coordinate-geometry (medium),LT-authored(expand.longD)
CG-H08,bank,coordinate-geometry,lazytopper/src/data/questionBanks/class10/maths/coordinateGeometry.pack1.ts:139,tagging,"Single ratio-finding item (NCERT exemplar 3-mark type, 4 lines of working) tagged 5 marks / Section D Long","marks 3, sec C",agent:coordinate-geometry (medium),LT-authored(AI pack)
CG2-035,bank,coordinate-geometry,lazytopper/src/data/questionBanks/class10/maths/coordinateGeometry.pack2.ts:722,tagging,1-mark-style MCQ (quadrant of a section point) tagged 3 marks / Section C,"marks 1, sec A",agent:coordinate-geometry (high),LT-authored(AI pack)
CG2-036,bank,coordinate-geometry,lazytopper/src/data/questionBanks/class10/maths/coordinateGeometry.pack2.ts:752,tagging,Assertion-Reason item tagged 3 marks / Section C,"marks 1, sec A",agent:coordinate-geometry (high),LT-authored(AI pack)
CG2-037,bank,coordinate-geometry,lazytopper/src/data/questionBanks/class10/maths/coordinateGeometry.pack2.ts:783,tagging,Assertion-Reason item tagged 3 marks / Section C,"marks 1, sec A",agent:coordinate-geometry (high),LT-authored(AI pack)
Z3-CG-004,bank,coordinate-geometry,lazytopper/src/data/questionBanks/class10/maths/competency.z3.ts:480,tagging,"No coordinates involved: SP, SH, HP given directly, answer is plain subtraction 14-10; does not test coordinate geometry","Re-cast with coordinates of S, H, P or drop from chapter",agent:coordinate-geometry (uncertain),transcribed-third-party(z3)
EL2-006,bank,electricity,lazytopper/src/data/questionBanks/class10/science/electricity.pack2.ts:141,format-marks-mismatch,MCQ carrying 2 marks (objective items are 1 mark),,script,LT-authored(AI pack)
EL2-008,bank,electricity,lazytopper/src/data/questionBanks/class10/science/electricity.pack2.ts:198,format-marks-mismatch,MCQ carrying 2 marks (objective items are 1 mark),,script,LT-authored(AI pack)
EL2-009,bank,electricity,lazytopper/src/data/questionBanks/class10/science/electricity.pack2.ts:229,format-marks-mismatch,MCQ carrying 2 marks (objective items are 1 mark),,script,LT-authored(AI pack)
EL2-015,bank,electricity,lazytopper/src/data/questionBanks/class10/science/electricity.pack2.ts:394,format-marks-mismatch,MCQ carrying 2 marks (objective items are 1 mark),,script,LT-authored(AI pack)
EL2-017,bank,electricity,lazytopper/src/data/questionBanks/class10/science/electricity.pack2.ts:450,format-marks-mismatch,Assertion-Reasoning carrying 3 marks (objective items are 1 mark),,script,LT-authored(AI pack)
EL2-018,bank,electricity,lazytopper/src/data/questionBanks/class10/science/electricity.pack2.ts:480,format-marks-mismatch,Assertion-Reasoning carrying 3 marks (objective items are 1 mark),,script,LT-authored(AI pack)
EL2-019,bank,electricity,lazytopper/src/data/questionBanks/class10/science/electricity.pack2.ts:511,format-marks-mismatch,Assertion-Reasoning carrying 3 marks (objective items are 1 mark),,script,LT-authored(AI pack)
EL2-030,bank,electricity,lazytopper/src/data/questionBanks/class10/science/electricity.pack2.ts:741,format-marks-mismatch,MCQ carrying 2 marks (objective items are 1 mark),,script,LT-authored(AI pack)
EL2-036,bank,electricity,lazytopper/src/data/questionBanks/class10/science/electricity.pack2.ts:924,format-marks-mismatch,MCQ carrying 2 marks (objective items are 1 mark),,script,LT-authored(AI pack)
EL2-037,bank,electricity,lazytopper/src/data/questionBanks/class10/science/electricity.pack2.ts:954,format-marks-mismatch,MCQ carrying 2 marks (objective items are 1 mark),,script,LT-authored(AI pack)
EL2-040,bank,electricity,lazytopper/src/data/questionBanks/class10/science/electricity.pack2.ts:1041,format-marks-mismatch,MCQ carrying 2 marks (objective items are 1 mark),,script,LT-authored(AI pack)
EL2-044,bank,electricity,lazytopper/src/data/questionBanks/class10/science/electricity.pack2.ts:1161,format-marks-mismatch,MCQ carrying 2 marks (objective items are 1 mark),,script,LT-authored(AI pack)
EL2-046,bank,electricity,lazytopper/src/data/questionBanks/class10/science/electricity.pack2.ts:1219,format-marks-mismatch,Assertion-Reasoning carrying 3 marks (objective items are 1 mark),,script,LT-authored(AI pack)
EL2-047,bank,electricity,lazytopper/src/data/questionBanks/class10/science/electricity.pack2.ts:1253,format-marks-mismatch,Assertion-Reasoning carrying 3 marks (objective items are 1 mark),,script,LT-authored(AI pack)
PYQ-S-2026-ELEC-010,bank,electricity,lazytopper/src/data/questionBanks/class10/science/electricity.pyq2026.ts:75,other-chapter,"Earthing/live-neutral-earth wires and Fleming left-hand / right-hand thumb rule, magnetic field around conductors - Magnetic Effects of Electric Current, not Electricity",magnetic-effects-of-electric-current,agent:electricity (high),official(pyq2026)
EL2-006,bank,electricity,lazytopper/src/data/questionBanks/class10/science/electricity.pack2.ts:141,tagging,MCQ tagged 2 marks / Section B; objective items are 1-mark Section A,"marks=1, sec=A",agent:electricity (high),LT-authored(AI pack)
EL2-008,bank,electricity,lazytopper/src/data/questionBanks/class10/science/electricity.pack2.ts:198,tagging,MCQ tagged 2 marks / Section B; objective items are 1-mark Section A,"marks=1, sec=A",agent:electricity (high),LT-authored(AI pack)
EL2-009,bank,electricity,lazytopper/src/data/questionBanks/class10/science/electricity.pack2.ts:229,tagging,MCQ tagged 2 marks / Section B; objective items are 1-mark Section A,"marks=1, sec=A",agent:electricity (high),LT-authored(AI pack)
EL2-015,bank,electricity,lazytopper/src/data/questionBanks/class10/science/electricity.pack2.ts:394,tagging,MCQ tagged 2 marks / Section B; objective items are 1-mark Section A,"marks=1, sec=A",agent:electricity (high),LT-authored(AI pack)
EL2-017,bank,electricity,lazytopper/src/data/questionBanks/class10/science/electricity.pack2.ts:450,tagging,Assertion-Reasoning tagged 3 marks / Section C; objective items are 1-mark Section A,"marks=1, sec=A",agent:electricity (high),LT-authored(AI pack)
EL2-018,bank,electricity,lazytopper/src/data/questionBanks/class10/science/electricity.pack2.ts:480,tagging,Assertion-Reasoning tagged 3 marks / Section C; objective items are 1-mark Section A,"marks=1, sec=A",agent:electricity (high),LT-authored(AI pack)
EL2-019,bank,electricity,lazytopper/src/data/questionBanks/class10/science/electricity.pack2.ts:511,tagging,Assertion-Reasoning tagged 3 marks / Section C; objective items are 1-mark Section A,"marks=1, sec=A",agent:electricity (high),LT-authored(AI pack)
EL2-030,bank,electricity,lazytopper/src/data/questionBanks/class10/science/electricity.pack2.ts:741,tagging,MCQ tagged 2 marks / Section B; objective items are 1-mark Section A,"marks=1, sec=A",agent:electricity (high),LT-authored(AI pack)
EL2-036,bank,electricity,lazytopper/src/data/questionBanks/class10/science/electricity.pack2.ts:924,tagging,MCQ tagged 2 marks / Section B; objective items are 1-mark Section A,"marks=1, sec=A",agent:electricity (high),LT-authored(AI pack)
EL2-037,bank,electricity,lazytopper/src/data/questionBanks/class10/science/electricity.pack2.ts:954,tagging,MCQ tagged 2 marks / Section B; objective items are 1-mark Section A,"marks=1, sec=A",agent:electricity (high),LT-authored(AI pack)
EL2-040,bank,electricity,lazytopper/src/data/questionBanks/class10/science/electricity.pack2.ts:1041,tagging,MCQ tagged 2 marks / Section B; objective items are 1-mark Section A,"marks=1, sec=A",agent:electricity (high),LT-authored(AI pack)
EL2-044,bank,electricity,lazytopper/src/data/questionBanks/class10/science/electricity.pack2.ts:1161,tagging,MCQ tagged 2 marks / Section B; objective items are 1-mark Section A,"marks=1, sec=A",agent:electricity (high),LT-authored(AI pack)
EL2-046,bank,electricity,lazytopper/src/data/questionBanks/class10/science/electricity.pack2.ts:1219,tagging,Assertion-Reasoning tagged 3 marks / Section C; objective items are 1-mark Section A,"marks=1, sec=A",agent:electricity (high),LT-authored(AI pack)
EL2-047,bank,electricity,lazytopper/src/data/questionBanks/class10/science/electricity.pack2.ts:1253,tagging,Assertion-Reasoning tagged 3 marks / Section C; objective items are 1-mark Section A,"marks=1, sec=A",agent:electricity (high),LT-authored(AI pack)
HE2-031,bank,heredity,lazytopper/src/data/questionBanks/class10/science/heredity.pack2.ts:583,format-marks-mismatch,MCQ carrying 2 marks (objective items are 1 mark),,script,LT-authored(AI pack)
HE2-040,bank,heredity,lazytopper/src/data/questionBanks/class10/science/heredity.pack2.ts:640,format-marks-mismatch,MCQ carrying 2 marks (objective items are 1 mark),,script,LT-authored(AI pack)
HE2-042,bank,heredity,lazytopper/src/data/questionBanks/class10/science/heredity.pack2.ts:703,format-marks-mismatch,Assertion-Reasoning carrying 2 marks (objective items are 1 mark),,script,LT-authored(AI pack)
HE2-044,bank,heredity,lazytopper/src/data/questionBanks/class10/science/heredity.pack2.ts:738,format-marks-mismatch,Long carrying 1 marks,,script,LT-authored(AI pack)
HE-H04,bank,heredity,lazytopper/src/data/questionBanks/class10/science/heredity.pack1.ts:38,limit,"Colour-blindness X-linked inheritance case study is beyond the 'sex determination: brief introduction' limit; answers (50%,50%,yes) are correct",Remove or move to enrichment,agent:heredity (high),LT-authored(AI pack)
HE2-019,bank,heredity,lazytopper/src/data/questionBanks/class10/science/heredity.pack2.ts:310,limit,ZW sex determination in birds goes beyond NCERT's brief intro (human XY only); answer 50:50 correct,Consider removing or keeping as enrichment only,agent:heredity (medium),LT-authored(AI pack)
HE2-040,bank,heredity,lazytopper/src/data/questionBanks/class10/science/heredity.pack2.ts:640,limit,X-linked recessive carrier cross is beyond the 'sex determination: brief introduction' limit (sex-linked inheritance not in NCERT Class 10); key 25% is correct,Remove or move to enrichment,agent:heredity (high),LT-authored(AI pack)
HE2-044,bank,heredity,lazytopper/src/data/questionBanks/class10/science/heredity.pack2.ts:738,limit,Asks how ratio changes if genes are linked - linkage is beyond Class 10 syllabus,Drop the linkage part,agent:heredity (medium),LT-authored(AI pack)
SCO-S-HERED-003,bank,heredity,lazytopper/src/data/questionBanks/class10/science/heredity.chapterwise.ts:28,limit,X-linked (sex-linked) inheritance in Drosophila is beyond the 'sex determination: brief introduction' limit; key (d) itself is correct,Remove or move to enrichment,agent:heredity (high),transcribed-third-party(chapterwise)
S-HER-1,promptD,heredity,lazytopper/src/data/promptDPracticePacks.ts:819,non-board-chapter,pack topicKey 'heredity_evolution' -> 'heredity-evolution',,script,LT-authored(promptD)
S-HER-11,promptD,heredity,lazytopper/src/data/promptDPracticePacks.ts:854,non-board-chapter,pack topicKey 'heredity_evolution' -> 'heredity-evolution',,script,LT-authored(promptD)
S-HER-12,promptD,heredity,lazytopper/src/data/promptDPracticePacks.ts:861,non-board-chapter,pack topicKey 'heredity_evolution' -> 'heredity-evolution',,script,LT-authored(promptD)
S-HER-13,promptD,heredity,lazytopper/src/data/promptDPracticePacks.ts:868,non-board-chapter,pack topicKey 'heredity_evolution' -> 'heredity-evolution',,script,LT-authored(promptD)
S-HER-14,promptD,heredity,lazytopper/src/data/promptDPracticePacks.ts:875,non-board-chapter,pack topicKey 'heredity_evolution' -> 'heredity-evolution',,script,LT-authored(promptD)
S-HER-2,promptD,heredity,lazytopper/src/data/promptDPracticePacks.ts:826,non-board-chapter,pack topicKey 'heredity_evolution' -> 'heredity-evolution',,script,LT-authored(promptD)
S-HER-3,promptD,heredity,lazytopper/src/data/promptDPracticePacks.ts:833,non-board-chapter,pack topicKey 'heredity_evolution' -> 'heredity-evolution',,script,LT-authored(promptD)
S-HER-4,promptD,heredity,lazytopper/src/data/promptDPracticePacks.ts:840,non-board-chapter,pack topicKey 'heredity_evolution' -> 'heredity-evolution',,script,LT-authored(promptD)
S-HER-8,promptD,heredity,lazytopper/src/data/promptDPracticePacks.ts:847,non-board-chapter,pack topicKey 'heredity_evolution' -> 'heredity-evolution',,script,LT-authored(promptD)
SCO-S-HERED-001,bank,heredity,lazytopper/src/data/questionBanks/class10/science/heredity.chapterwise.ts:12,syllabus,Origin-of-life question (free oxygen in early atmosphere tied up in rock) - not in 2026-27 Heredity syllabus; evolution/origin-of-life content,Remove from Heredity bank (not board-assessed),agent:heredity (high),transcribed-third-party(chapterwise)
SCO-S-HERED-009,bank,heredity,lazytopper/src/data/questionBanks/class10/science/heredity.chapterwise.ts:76,syllabus,Classification/taxonomy question - Evolution & classification is FORMATIVE-only for 2026-27,Remove from served board bank,agent:heredity (high),transcribed-third-party(chapterwise)
SCO-S-HERED-019,bank,heredity,lazytopper/src/data/questionBanks/class10/science/heredity.chapterwise.ts:156,syllabus,Human/primate evolution question (opposable big toe) - human evolution is FORMATIVE-only for 2026-27,Remove from served board bank,agent:heredity (high),transcribed-third-party(chapterwise)
HE2-031,bank,heredity,lazytopper/src/data/questionBanks/class10/science/heredity.pack2.ts:583,tagging,Single 1-line MCQ tagged 2 marks / Section B,Retag 1 mark Section A,agent:heredity (high),LT-authored(AI pack)
HE2-040,bank,heredity,lazytopper/src/data/questionBanks/class10/science/heredity.pack2.ts:640,tagging,MCQ tagged 2 marks / Section B,Retag 1 mark Section A,agent:heredity (high),LT-authored(AI pack)
HE2-042,bank,heredity,lazytopper/src/data/questionBanks/class10/science/heredity.pack2.ts:703,tagging,Assertion-Reason tagged 2 marks / Section B,Retag 1 mark Section A,agent:heredity (high),LT-authored(AI pack)
HE2-044,bank,heredity,lazytopper/src/data/questionBanks/class10/science/heredity.pack2.ts:738,tagging,"Long multi-part dihybrid explanation (Punnett square, 12 steps) tagged marks=1, section A",Retag as 5-mark Section D Long,agent:heredity (high),LT-authored(AI pack)
HERED-EXMPLR-8-LA-002,bank,heredity,lazytopper/src/data/questionBanks/class10/science/heredity.exemplar.ts:195,tagging,Fill-the-blank (RrYy) item tagged 5 marks Section D; content supports ~2 marks,Retag lower marks or expand sub-parts,agent:heredity (uncertain),official(exemplar)
REP2-014,bank,how-do-organisms-reproduce,lazytopper/src/data/questionBanks/class10/science/reproduction.pack2.ts:395,format-marks-mismatch,Assertion-Reasoning carrying 3 marks (objective items are 1 mark),,script,LT-authored(AI pack)
REP2-018,bank,how-do-organisms-reproduce,lazytopper/src/data/questionBanks/class10/science/reproduction.pack2.ts:520,format-marks-mismatch,Assertion-Reasoning carrying 3 marks (objective items are 1 mark),,script,LT-authored(AI pack)
REP2-019,bank,how-do-organisms-reproduce,lazytopper/src/data/questionBanks/class10/science/reproduction.pack2.ts:552,format-marks-mismatch,Assertion-Reasoning carrying 3 marks (objective items are 1 mark),,script,LT-authored(AI pack)
REP2-029,bank,how-do-organisms-reproduce,lazytopper/src/data/questionBanks/class10/science/reproduction.pack2.ts:843,format-marks-mismatch,MCQ carrying 2 marks (objective items are 1 mark),,script,LT-authored(AI pack)
REP2-030,bank,how-do-organisms-reproduce,lazytopper/src/data/questionBanks/class10/science/reproduction.pack2.ts:874,format-marks-mismatch,MCQ carrying 2 marks (objective items are 1 mark),,script,LT-authored(AI pack)
REP2-032,bank,how-do-organisms-reproduce,lazytopper/src/data/questionBanks/class10/science/reproduction.pack2.ts:932,format-marks-mismatch,MCQ carrying 2 marks (objective items are 1 mark),,script,LT-authored(AI pack)
REP2-033,bank,how-do-organisms-reproduce,lazytopper/src/data/questionBanks/class10/science/reproduction.pack2.ts:961,format-marks-mismatch,MCQ carrying 3 marks (objective items are 1 mark),,script,LT-authored(AI pack)
REP2-034,bank,how-do-organisms-reproduce,lazytopper/src/data/questionBanks/class10/science/reproduction.pack2.ts:992,format-marks-mismatch,MCQ carrying 3 marks (objective items are 1 mark),,script,LT-authored(AI pack)
REP2-036,bank,how-do-organisms-reproduce,lazytopper/src/data/questionBanks/class10/science/reproduction.pack2.ts:1049,format-marks-mismatch,MCQ carrying 3 marks (objective items are 1 mark),,script,LT-authored(AI pack)
REP2-037,bank,how-do-organisms-reproduce,lazytopper/src/data/questionBanks/class10/science/reproduction.pack2.ts:1078,format-marks-mismatch,MCQ carrying 3 marks (objective items are 1 mark),,script,LT-authored(AI pack)
REP2-042,bank,how-do-organisms-reproduce,lazytopper/src/data/questionBanks/class10/science/reproduction.pack2.ts:1224,format-marks-mismatch,Assertion-Reasoning carrying 2 marks (objective items are 1 mark),,script,LT-authored(AI pack)
REP2-043,bank,how-do-organisms-reproduce,lazytopper/src/data/questionBanks/class10/science/reproduction.pack2.ts:1256,format-marks-mismatch,Assertion-Reasoning carrying 3 marks (objective items are 1 mark),,script,LT-authored(AI pack)
REP2-046,bank,how-do-organisms-reproduce,lazytopper/src/data/questionBanks/class10/science/reproduction.pack2.ts:1352,format-marks-mismatch,Long carrying 2 marks,,script,LT-authored(AI pack)
REP2-047,bank,how-do-organisms-reproduce,lazytopper/src/data/questionBanks/class10/science/reproduction.pack2.ts:1399,format-marks-mismatch,Long carrying 3 marks,,script,LT-authored(AI pack)
PYQ-S-2026-REPR-004,bank,how-do-organisms-reproduce,lazytopper/src/data/questionBanks/class10/science/howOrganismsReproduce.pyq2026.ts:35,other-chapter,Zygote 44+XY / sex determination by Y-sperm is Heredity content (sex determination).,heredity,agent:how-do-organisms-reproduce (uncertain),official(pyq2026)
REP-E07,bank,how-do-organisms-reproduce,lazytopper/src/data/questionBanks/class10/science/reproduction.pack1.ts:46,other-chapter,"Sex determination (father's chromosomes) is taught in Heredity, not this chapter.",heredity,agent:how-do-organisms-reproduce (medium),LT-authored(AI pack)
SQP-S-REPR-003,bank,how-do-organisms-reproduce,lazytopper/src/data/questionBanks/class10/science/how-do-organisms-reproduce.sqp.ts:58,other-chapter,OR alternative (diabetes/insulin/pancreas; cytokinin/abscisic acid) is Control and Coordination content attached to this chapter's item.,control-and-coordination (OR part only),agent:how-do-organisms-reproduce (medium),official(sqp)
REP2-014,bank,how-do-organisms-reproduce,lazytopper/src/data/questionBanks/class10/science/reproduction.pack2.ts:395,tagging,Assertion-Reason item tagged 3 marks (sec C); A-R is a 1-mark Section A format.,"marks 1, sec A",agent:how-do-organisms-reproduce (high),LT-authored(AI pack)
REP2-018,bank,how-do-organisms-reproduce,lazytopper/src/data/questionBanks/class10/science/reproduction.pack2.ts:520,tagging,Assertion-Reason item tagged 3 marks (sec C); A-R is a 1-mark Section A format.,"marks 1, sec A",agent:how-do-organisms-reproduce (high),LT-authored(AI pack)
REP2-019,bank,how-do-organisms-reproduce,lazytopper/src/data/questionBanks/class10/science/reproduction.pack2.ts:552,tagging,Assertion-Reason item tagged 3 marks (sec C); A-R is a 1-mark Section A format.,"marks 1, sec A",agent:how-do-organisms-reproduce (high),LT-authored(AI pack)
REP2-029,bank,how-do-organisms-reproduce,lazytopper/src/data/questionBanks/class10/science/reproduction.pack2.ts:843,tagging,One-line recall MCQ tagged 2 marks (sec B).,"marks 1, sec A",agent:how-do-organisms-reproduce (high),LT-authored(AI pack)
REP2-030,bank,how-do-organisms-reproduce,lazytopper/src/data/questionBanks/class10/science/reproduction.pack2.ts:874,tagging,One-line recall MCQ tagged 2 marks (sec B).,"marks 1, sec A",agent:how-do-organisms-reproduce (high),LT-authored(AI pack)
REP2-032,bank,how-do-organisms-reproduce,lazytopper/src/data/questionBanks/class10/science/reproduction.pack2.ts:932,tagging,One-line recall MCQ tagged 2 marks (sec B).,"marks 1, sec A",agent:how-do-organisms-reproduce (high),LT-authored(AI pack)
REP2-033,bank,how-do-organisms-reproduce,lazytopper/src/data/questionBanks/class10/science/reproduction.pack2.ts:961,tagging,One-line recall MCQ tagged 3 marks (sec C).,"marks 1, sec A",agent:how-do-organisms-reproduce (high),LT-authored(AI pack)
REP2-034,bank,how-do-organisms-reproduce,lazytopper/src/data/questionBanks/class10/science/reproduction.pack2.ts:992,tagging,One-line recall MCQ tagged 3 marks (sec C).,"marks 1, sec A",agent:how-do-organisms-reproduce (high),LT-authored(AI pack)
REP2-036,bank,how-do-organisms-reproduce,lazytopper/src/data/questionBanks/class10/science/reproduction.pack2.ts:1049,tagging,One-line recall MCQ tagged 3 marks (sec C).,"marks 1, sec A",agent:how-do-organisms-reproduce (high),LT-authored(AI pack)
REP2-037,bank,how-do-organisms-reproduce,lazytopper/src/data/questionBanks/class10/science/reproduction.pack2.ts:1078,tagging,One-line recall MCQ tagged 3 marks (sec C).,"marks 1, sec A",agent:how-do-organisms-reproduce (high),LT-authored(AI pack)
REP2-042,bank,how-do-organisms-reproduce,lazytopper/src/data/questionBanks/class10/science/reproduction.pack2.ts:1224,tagging,Assertion-Reason item tagged 2 marks (sec B); A-R is a 1-mark Section A format.,"marks 1, sec A",agent:how-do-organisms-reproduce (high),LT-authored(AI pack)
REP2-043,bank,how-do-organisms-reproduce,lazytopper/src/data/questionBanks/class10/science/reproduction.pack2.ts:1256,tagging,Assertion-Reason item tagged 3 marks (sec C); A-R is a 1-mark Section A format.,"marks 1, sec A",agent:how-do-organisms-reproduce (high),LT-authored(AI pack)
REP2-045,bank,how-do-organisms-reproduce,lazytopper/src/data/questionBanks/class10/science/reproduction.pack2.ts:1316,tagging,Compare asexual vs sexual reproduction on variation and adaptability (multi-point answer) tagged 1 mark Sec A.,2-3 marks (Sec B/C),agent:how-do-organisms-reproduce (medium),LT-authored(AI pack)
HEC2-006,bank,human-eye-and-colourful-world,lazytopper/src/data/questionBanks/class10/science/humanEyeAndColourfulWorld.pack2.ts:155,format-marks-mismatch,MCQ carrying 2 marks (objective items are 1 mark),,script,LT-authored(AI pack)
HEC2-007,bank,human-eye-and-colourful-world,lazytopper/src/data/questionBanks/class10/science/humanEyeAndColourfulWorld.pack2.ts:186,format-marks-mismatch,MCQ carrying 2 marks (objective items are 1 mark),,script,LT-authored(AI pack)
HEC2-008,bank,human-eye-and-colourful-world,lazytopper/src/data/questionBanks/class10/science/humanEyeAndColourfulWorld.pack2.ts:217,format-marks-mismatch,MCQ carrying 2 marks (objective items are 1 mark),,script,LT-authored(AI pack)
HEC2-009,bank,human-eye-and-colourful-world,lazytopper/src/data/questionBanks/class10/science/humanEyeAndColourfulWorld.pack2.ts:248,format-marks-mismatch,MCQ carrying 2 marks (objective items are 1 mark),,script,LT-authored(AI pack)
HEC2-011,bank,human-eye-and-colourful-world,lazytopper/src/data/questionBanks/class10/science/humanEyeAndColourfulWorld.pack2.ts:310,format-marks-mismatch,MCQ carrying 2 marks (objective items are 1 mark),,script,LT-authored(AI pack)
HEC2-020,bank,human-eye-and-colourful-world,lazytopper/src/data/questionBanks/class10/science/humanEyeAndColourfulWorld.pack2.ts:567,format-marks-mismatch,Assertion-Reasoning carrying 2 marks (objective items are 1 mark),,script,LT-authored(AI pack)
HEC2-029,bank,human-eye-and-colourful-world,lazytopper/src/data/questionBanks/class10/science/humanEyeAndColourfulWorld.pack2.ts:801,format-marks-mismatch,MCQ carrying 2 marks (objective items are 1 mark),,script,LT-authored(AI pack)
HEC2-030,bank,human-eye-and-colourful-world,lazytopper/src/data/questionBanks/class10/science/humanEyeAndColourfulWorld.pack2.ts:832,format-marks-mismatch,MCQ carrying 2 marks (objective items are 1 mark),,script,LT-authored(AI pack)
HEC2-031,bank,human-eye-and-colourful-world,lazytopper/src/data/questionBanks/class10/science/humanEyeAndColourfulWorld.pack2.ts:863,format-marks-mismatch,MCQ carrying 2 marks (objective items are 1 mark),,script,LT-authored(AI pack)
HEC2-032,bank,human-eye-and-colourful-world,lazytopper/src/data/questionBanks/class10/science/humanEyeAndColourfulWorld.pack2.ts:894,format-marks-mismatch,MCQ carrying 2 marks (objective items are 1 mark),,script,LT-authored(AI pack)
HEC2-034,bank,human-eye-and-colourful-world,lazytopper/src/data/questionBanks/class10/science/humanEyeAndColourfulWorld.pack2.ts:951,format-marks-mismatch,MCQ carrying 3 marks (objective items are 1 mark),,script,LT-authored(AI pack)
HEC2-035,bank,human-eye-and-colourful-world,lazytopper/src/data/questionBanks/class10/science/humanEyeAndColourfulWorld.pack2.ts:982,format-marks-mismatch,MCQ carrying 3 marks (objective items are 1 mark),,script,LT-authored(AI pack)
HEC2-036,bank,human-eye-and-colourful-world,lazytopper/src/data/questionBanks/class10/science/humanEyeAndColourfulWorld.pack2.ts:1013,format-marks-mismatch,MCQ carrying 3 marks (objective items are 1 mark),,script,LT-authored(AI pack)
HEC2-044,bank,human-eye-and-colourful-world,lazytopper/src/data/questionBanks/class10/science/humanEyeAndColourfulWorld.pack2.ts:1259,format-marks-mismatch,Assertion-Reasoning carrying 2 marks (objective items are 1 mark),,script,LT-authored(AI pack)
HEC2-045,bank,human-eye-and-colourful-world,lazytopper/src/data/questionBanks/class10/science/humanEyeAndColourfulWorld.pack2.ts:1291,format-marks-mismatch,Assertion-Reasoning carrying 3 marks (objective items are 1 mark),,script,LT-authored(AI pack)
HEC2-047,bank,human-eye-and-colourful-world,lazytopper/src/data/questionBanks/class10/science/humanEyeAndColourfulWorld.pack2.ts:1348,format-marks-mismatch,Long carrying 2 marks,,script,LT-authored(AI pack)
sci-eye-comp-01,hpq,human-eye-and-colourful-world,lazytopper/src/data/hpqCompetencyAdditions.ts:525,non-board-chapter,topicKey 'The Human Eye & the Colourful World' -> 'the-human-eye-and-the-colourful-world' not one of 26 board keys,,script,LT-authored(hpq)
EYE-EXMPLR-10-MCQ-004,bank,human-eye-and-colourful-world,lazytopper/src/data/questionBanks/class10/science/humanEye.exemplar.ts:39,syllabus,Sun appearing white at noon is taught inside the excluded NCERT section 'Colour of the Sun at sunrise and sunset',Retire for 2026-27,agent:human-eye-and-colourful-world (medium),official(exemplar)
HEC2-007,bank,human-eye-and-colourful-world,lazytopper/src/data/questionBanks/class10/science/humanEyeAndColourfulWorld.pack2.ts:186,syllabus,"Astigmatism / cylindrical lenses are not in NCERT Class 10 2026-27 (only myopia, hypermetropia, presbyopia); key wording also inaccurate",Replace with presbyopia/myopia item,agent:human-eye-and-colourful-world (medium),LT-authored(AI pack)
SCO-S-EYE-007,bank,human-eye-and-colourful-world,lazytopper/src/data/questionBanks/class10/science/human-eye-and-colourful-world.chapterwise.ts:60,syllabus,"Asks which colour matches ""colour of the sun"" (orange) - relies on excluded reddening of Sun at sunrise/sunset",Retire,agent:human-eye-and-colourful-world (medium),transcribed-third-party(chapterwise)
SCO-S-EYE-009,bank,human-eye-and-colourful-world,lazytopper/src/data/questionBanks/class10/science/human-eye-and-colourful-world.chapterwise.ts:76,syllabus,Primary colours of light / colour mixing is not in NCERT Class 10 2026-27,Retire,agent:human-eye-and-colourful-world (medium),transcribed-third-party(chapterwise)
SCO-S-EYE-010,bank,human-eye-and-colourful-world,lazytopper/src/data/questionBanks/class10/science/human-eye-and-colourful-world.chapterwise.ts:84,syllabus,"Dispersion without deviation by thin prism combination (delta=(n-1)A) is Class 12 content, not Class 10",Retire (answer would be A2 = 0.54*4/0.92 = 2.35 deg),agent:human-eye-and-colourful-world (high),transcribed-third-party(chapterwise)
SCO-S-EYE-011,bank,human-eye-and-colourful-world,lazytopper/src/data/questionBanks/class10/science/human-eye-and-colourful-world.chapterwise.ts:92,syllabus,Dew formation / saturation of air is not physics of this chapter nor Class 10 syllabus,Retire,agent:human-eye-and-colourful-world (high),transcribed-third-party(chapterwise)
SCO-S-EYE-014,bank,human-eye-and-colourful-world,lazytopper/src/data/questionBanks/class10/science/human-eye-and-colourful-world.chapterwise.ts:116,syllabus,Infrared photography in fog (EM spectrum) is not in Class 10 syllabus,Retire,agent:human-eye-and-colourful-world (medium),transcribed-third-party(chapterwise)
SCO-S-EYE-016,bank,human-eye-and-colourful-world,lazytopper/src/data/questionBanks/class10/science/human-eye-and-colourful-world.chapterwise.ts:132,syllabus,Spherical/chromatic aberration not in Class 10 syllabus; stem is vague,Retire,agent:human-eye-and-colourful-world (medium),transcribed-third-party(chapterwise)
SCO-S-EYE-018,bank,human-eye-and-colourful-world,lazytopper/src/data/questionBanks/class10/science/human-eye-and-colourful-world.chapterwise.ts:148,syllabus,Fraunhofer lines not in Class 10 syllabus,Retire,agent:human-eye-and-colourful-world (high),transcribed-third-party(chapterwise)
SCO-S-LIGHT-001,bank,human-eye-and-colourful-world,lazytopper/src/data/questionBanks/class10/science/light-reflection-and-refraction.chapterwise.ts:12,syllabus,Morning sun less hot than midday sun: heat absorption by atmosphere is not Class 10 content and borders on excluded sunrise/sunset topic; mis-labelled Light chapter,Retire,agent:human-eye-and-colourful-world (medium),transcribed-third-party(chapterwise)
HEC2-006,bank,human-eye-and-colourful-world,lazytopper/src/data/questionBanks/class10/science/humanEyeAndColourfulWorld.pack2.ts:155,tagging,1-line recall MCQ tagged 2 marks / Section B,"1 mark, Section A",agent:human-eye-and-colourful-world (high),LT-authored(AI pack)
HEC2-007,bank,human-eye-and-colourful-world,lazytopper/src/data/questionBanks/class10/science/humanEyeAndColourfulWorld.pack2.ts:186,tagging,Single-answer MCQ tagged 2 marks / Section B (MCQs are 1-mark Section A),"1 mark, Section A",agent:human-eye-and-colourful-world (high),LT-authored(AI pack)
HEC2-008,bank,human-eye-and-colourful-world,lazytopper/src/data/questionBanks/class10/science/humanEyeAndColourfulWorld.pack2.ts:217,tagging,Single-answer MCQ tagged 2 marks / Section B (MCQs are 1-mark Section A),"1 mark, Section A",agent:human-eye-and-colourful-world (high),LT-authored(AI pack)
HEC2-009,bank,human-eye-and-colourful-world,lazytopper/src/data/questionBanks/class10/science/humanEyeAndColourfulWorld.pack2.ts:248,tagging,Single-answer MCQ tagged 2 marks / Section B (MCQs are 1-mark Section A),"1 mark, Section A",agent:human-eye-and-colourful-world (high),LT-authored(AI pack)
HEC2-011,bank,human-eye-and-colourful-world,lazytopper/src/data/questionBanks/class10/science/humanEyeAndColourfulWorld.pack2.ts:310,tagging,Single-answer MCQ tagged 2 marks / Section B (MCQs are 1-mark Section A),"1 mark, Section A",agent:human-eye-and-colourful-world (high),LT-authored(AI pack)
HEC2-020,bank,human-eye-and-colourful-world,lazytopper/src/data/questionBanks/class10/science/humanEyeAndColourfulWorld.pack2.ts:567,tagging,"Assertion-Reason item tagged 2 marks (A-R is 1 mark, Section A)","1 mark, Section A",agent:human-eye-and-colourful-world (high),LT-authored(AI pack)
HEC2-029,bank,human-eye-and-colourful-world,lazytopper/src/data/questionBanks/class10/science/humanEyeAndColourfulWorld.pack2.ts:801,tagging,Single-answer MCQ tagged 2 marks / Section B (MCQs are 1-mark Section A),"1 mark, Section A",agent:human-eye-and-colourful-world (high),LT-authored(AI pack)
HEC2-030,bank,human-eye-and-colourful-world,lazytopper/src/data/questionBanks/class10/science/humanEyeAndColourfulWorld.pack2.ts:832,tagging,Single-answer MCQ tagged 2 marks / Section B (MCQs are 1-mark Section A),"1 mark, Section A",agent:human-eye-and-colourful-world (high),LT-authored(AI pack)
HEC2-031,bank,human-eye-and-colourful-world,lazytopper/src/data/questionBanks/class10/science/humanEyeAndColourfulWorld.pack2.ts:863,tagging,Single-answer MCQ tagged 2 marks / Section B (MCQs are 1-mark Section A),"1 mark, Section A",agent:human-eye-and-colourful-world (high),LT-authored(AI pack)
HEC2-032,bank,human-eye-and-colourful-world,lazytopper/src/data/questionBanks/class10/science/humanEyeAndColourfulWorld.pack2.ts:894,tagging,Single-answer MCQ tagged 2 marks / Section B (MCQs are 1-mark Section A),"1 mark, Section A",agent:human-eye-and-colourful-world (high),LT-authored(AI pack)
HEC2-034,bank,human-eye-and-colourful-world,lazytopper/src/data/questionBanks/class10/science/humanEyeAndColourfulWorld.pack2.ts:951,tagging,Single-answer MCQ tagged 3 marks / Section C,"1 mark, Section A",agent:human-eye-and-colourful-world (high),LT-authored(AI pack)
HEC2-035,bank,human-eye-and-colourful-world,lazytopper/src/data/questionBanks/class10/science/humanEyeAndColourfulWorld.pack2.ts:982,tagging,Single-answer MCQ tagged 3 marks / Section C,"1 mark, Section A",agent:human-eye-and-colourful-world (high),LT-authored(AI pack)
HEC2-036,bank,human-eye-and-colourful-world,lazytopper/src/data/questionBanks/class10/science/humanEyeAndColourfulWorld.pack2.ts:1013,tagging,Single-answer MCQ tagged 3 marks / Section C,"1 mark, Section A",agent:human-eye-and-colourful-world (high),LT-authored(AI pack)
HEC2-044,bank,human-eye-and-colourful-world,lazytopper/src/data/questionBanks/class10/science/humanEyeAndColourfulWorld.pack2.ts:1259,tagging,"Assertion-Reason item tagged 2 marks (A-R is 1 mark, Section A)","1 mark, Section A",agent:human-eye-and-colourful-world (high),LT-authored(AI pack)
HEC2-045,bank,human-eye-and-colourful-world,lazytopper/src/data/questionBanks/class10/science/humanEyeAndColourfulWorld.pack2.ts:1291,tagging,"Assertion-Reason item tagged 3 marks (A-R is 1 mark, Section A)","1 mark, Section A",agent:human-eye-and-colourful-world (high),LT-authored(AI pack)
HEC2-047,bank,human-eye-and-colourful-world,lazytopper/src/data/questionBanks/class10/science/humanEyeAndColourfulWorld.pack2.ts:1348,tagging,"Five-part Long question (identify, devices, pilot discussion, power calc, bifocal discussion) tagged 2 marks / Section B","5 marks Section D, or trim to 2 parts",agent:human-eye-and-colourful-world (high),LT-authored(AI pack)
sci-eye-comp-01,hpq,human-eye-and-colourful-world,lazytopper/src/data/hpqCompetencyAdditions.ts:525,tagging,"chapter slug ""the-human-eye-and-the-colourful-world"" differs from the canonical ""human-eye-and-colourful-world"" used by sci-eye-hpq-1/2; may fall out of chapter filters",human-eye-and-colourful-world,agent:misc (medium),LT-authored(hpq)
CFPQ-S-LIFE-012,bank,life-processes,lazytopper/src/data/questionBanks/class10/science/life-processes.cfpq.ts:312,format-marks-mismatch,Short carrying 4 marks,,script,official(cfpq)
CFPQ-S-LIFE-015,bank,life-processes,lazytopper/src/data/questionBanks/class10/science/life-processes.cfpq.ts:389,format-marks-mismatch,Short carrying 4 marks,,script,official(cfpq)
LP2-004,bank,life-processes,lazytopper/src/data/questionBanks/class10/science/lifeProcesses.pack2.ts:95,format-marks-mismatch,MCQ carrying 2 marks (objective items are 1 mark),,script,LT-authored(AI pack)
LP2-006,bank,life-processes,lazytopper/src/data/questionBanks/class10/science/lifeProcesses.pack2.ts:151,format-marks-mismatch,MCQ carrying 2 marks (objective items are 1 mark),,script,LT-authored(AI pack)
LP2-011,bank,life-processes,lazytopper/src/data/questionBanks/class10/science/lifeProcesses.pack2.ts:302,format-marks-mismatch,Assertion-Reasoning carrying 2 marks (objective items are 1 mark),,script,LT-authored(AI pack)
LP2-013,bank,life-processes,lazytopper/src/data/questionBanks/class10/science/lifeProcesses.pack2.ts:357,format-marks-mismatch,MCQ carrying 2 marks (objective items are 1 mark),,script,LT-authored(AI pack)
LP2-018,bank,life-processes,lazytopper/src/data/questionBanks/class10/science/lifeProcesses.pack2.ts:504,format-marks-mismatch,MCQ carrying 2 marks (objective items are 1 mark),,script,LT-authored(AI pack)
LP2-019,bank,life-processes,lazytopper/src/data/questionBanks/class10/science/lifeProcesses.pack2.ts:535,format-marks-mismatch,Assertion-Reasoning carrying 2 marks (objective items are 1 mark),,script,LT-authored(AI pack)
LP2-020,bank,life-processes,lazytopper/src/data/questionBanks/class10/science/lifeProcesses.pack2.ts:566,format-marks-mismatch,MCQ carrying 3 marks (objective items are 1 mark),,script,LT-authored(AI pack)
LP2-024,bank,life-processes,lazytopper/src/data/questionBanks/class10/science/lifeProcesses.pack2.ts:685,format-marks-mismatch,Assertion-Reasoning carrying 2 marks (objective items are 1 mark),,script,LT-authored(AI pack)
LP2-029,bank,life-processes,lazytopper/src/data/questionBanks/class10/science/lifeProcesses.pack2.ts:854,format-marks-mismatch,MCQ carrying 2 marks (objective items are 1 mark),,script,LT-authored(AI pack)
LP2-030,bank,life-processes,lazytopper/src/data/questionBanks/class10/science/lifeProcesses.pack2.ts:883,format-marks-mismatch,MCQ carrying 2 marks (objective items are 1 mark),,script,LT-authored(AI pack)
LP2-032,bank,life-processes,lazytopper/src/data/questionBanks/class10/science/lifeProcesses.pack2.ts:937,format-marks-mismatch,MCQ carrying 3 marks (objective items are 1 mark),,script,LT-authored(AI pack)
LP2-036,bank,life-processes,lazytopper/src/data/questionBanks/class10/science/lifeProcesses.pack2.ts:1020,format-marks-mismatch,MCQ carrying 2 marks (objective items are 1 mark),,script,LT-authored(AI pack)
LP2-038,bank,life-processes,lazytopper/src/data/questionBanks/class10/science/lifeProcesses.pack2.ts:1075,format-marks-mismatch,Assertion-Reasoning carrying 3 marks (objective items are 1 mark),,script,LT-authored(AI pack)
LP2-042,bank,life-processes,lazytopper/src/data/questionBanks/class10/science/lifeProcesses.pack2.ts:1160,format-marks-mismatch,MCQ carrying 2 marks (objective items are 1 mark),,script,LT-authored(AI pack)
LP2-043,bank,life-processes,lazytopper/src/data/questionBanks/class10/science/lifeProcesses.pack2.ts:1189,format-marks-mismatch,MCQ carrying 3 marks (objective items are 1 mark),,script,LT-authored(AI pack)
LP2-049,bank,life-processes,lazytopper/src/data/questionBanks/class10/science/lifeProcesses.pack2.ts:1358,format-marks-mismatch,MCQ carrying 2 marks (objective items are 1 mark),,script,LT-authored(AI pack)
LPX-A-063,bank,life-processes,lazytopper/src/data/questionBanks/class10/science/lifeProcesses.extract.ts:1260,other-chapter,"Plasmolysis/exosmosis in hypertonic solution is Class 9 (Fundamental Unit of Life), not Class 10 Life Processes.",Class 9 cell chapter - not a Class 10 board chapter,agent:life-processes (medium),transcribed-third-party(extract)
PYQ-S-2024-LIFEP-002,bank,life-processes,lazytopper/src/data/questionBanks/class10/science/lifeProcesses.pyq2024.ts:20,other-chapter,"Antacid Mg(OH)2 neutralising stomach acid is Acids, Bases and Salts content.",acids-bases-and-salts,agent:life-processes (uncertain),official(pyq2024)
PYQ-S-2024-LIFEP-004,bank,life-processes,lazytopper/src/data/questionBanks/class10/science/lifeProcesses.pyq2024.ts:36,other-chapter,Olfactory receptors (nose) belong to Control and Coordination.,control-and-coordination,agent:life-processes (high),official(pyq2024)
PYQ-S-LIFE-007,bank,life-processes,lazytopper/src/data/questionBanks/class10/science/life-processes.pyq.ts:59,other-chapter,Gustatory receptors (tongue) belong to Control and Coordination.,control-and-coordination,agent:life-processes (high),official(pyq)
LIFE-EXMPLR-5-MCQ-002,bank,life-processes,lazytopper/src/data/questionBanks/class10/science/lifeProcesses.exemplar.ts:18,tagging,Subtopic label mismatched to content: Photosynthesis (saprophytic nutrition item).,subtopic Nutrition,agent:life-processes (high),official(exemplar)
LIFE-EXMPLR-5-MCQ-003,bank,life-processes,lazytopper/src/data/questionBanks/class10/science/lifeProcesses.exemplar.ts:24,tagging,Subtopic label mismatched to content: Photosynthesis (alimentary canal item).,subtopic Nutrition,agent:life-processes (high),official(exemplar)
LIFE-EXMPLR-5-MCQ-005,bank,life-processes,lazytopper/src/data/questionBanks/class10/science/lifeProcesses.exemplar.ts:36,tagging,Subtopic label mismatched to content: Stomata (liver item).,subtopic Nutrition,agent:life-processes (high),official(exemplar)
LIFE-EXMPLR-5-MCQ-007,bank,life-processes,lazytopper/src/data/questionBanks/class10/science/lifeProcesses.exemplar.ts:48,tagging,Subtopic label mismatched to content: Enzymes (absorption site item).,subtopic Nutrition,agent:life-processes (high),official(exemplar)
LIFE-EXMPLR-5-MCQ-008,bank,life-processes,lazytopper/src/data/questionBanks/class10/science/lifeProcesses.exemplar.ts:54,tagging,Subtopic label mismatched to content: Bile (mucus item).,subtopic Nutrition,agent:life-processes (high),official(exemplar)
LIFE-EXMPLR-5-MCQ-009,bank,life-processes,lazytopper/src/data/questionBanks/class10/science/lifeProcesses.exemplar.ts:60,tagging,Subtopic label mismatched to content: Anaerobic Respiration (fish heart item).,subtopic Transportation,agent:life-processes (high),official(exemplar)
LIFE-EXMPLR-5-MCQ-010,bank,life-processes,lazytopper/src/data/questionBanks/class10/science/lifeProcesses.exemplar.ts:66,tagging,Subtopic label mismatched to content: Heart (air passage item).,subtopic Respiration,agent:life-processes (high),official(exemplar)
LIFE-EXMPLR-5-MCQ-011,bank,life-processes,lazytopper/src/data/questionBanks/class10/science/lifeProcesses.exemplar.ts:72,tagging,Subtopic label mismatched to content: Excretion (alveolar gas exchange item).,subtopic Respiration,agent:life-processes (high),official(exemplar)
LIFE-EXMPLR-5-MCQ-012,bank,life-processes,lazytopper/src/data/questionBanks/class10/science/lifeProcesses.exemplar.ts:78,tagging,Subtopic label mismatched to content: Plant Transport (Amoeba nutrition item).,subtopic Nutrition,agent:life-processes (high),official(exemplar)
LIFE-EXMPLR-5-MCQ-013,bank,life-processes,lazytopper/src/data/questionBanks/class10/science/lifeProcesses.exemplar.ts:84,tagging,Subtopic label mismatched to content: Photosynthesis (stomata item).,subtopic Stomata,agent:life-processes (high),official(exemplar)
LIFE-EXMPLR-5-MCQ-014,bank,life-processes,lazytopper/src/data/questionBanks/class10/science/lifeProcesses.exemplar.ts:90,tagging,Subtopic label mismatched to content: Plant Nutrition (urine path item).,subtopic Excretion,agent:life-processes (high),official(exemplar)
LIFE-EXMPLR-5-MCQ-015,bank,life-processes,lazytopper/src/data/questionBanks/class10/science/lifeProcesses.exemplar.ts:96,tagging,Subtopic label mismatched to content: Photosynthesis Process (instant energy item).,subtopic Respiration,agent:life-processes (high),official(exemplar)
LIFE-EXMPLR-5-MCQ-016,bank,life-processes,lazytopper/src/data/questionBanks/class10/science/lifeProcesses.exemplar.ts:102,tagging,Subtopic label mismatched to content: Heart (starch reserve item).,subtopic Photosynthesis,agent:life-processes (high),official(exemplar)
LIFE-EXMPLR-5-MCQ-018,bank,life-processes,lazytopper/src/data/questionBanks/class10/science/lifeProcesses.exemplar.ts:114,tagging,Subtopic label mismatched to content: Excretion Plants (photosynthesis events item).,subtopic Photosynthesis,agent:life-processes (high),official(exemplar)
LIFE-EXMPLR-5-MCQ-022,bank,life-processes,lazytopper/src/data/questionBanks/class10/science/lifeProcesses.exemplar.ts:138,tagging,Subtopic label mismatched to content: Phloem (arteries item).,subtopic Transportation,agent:life-processes (high),official(exemplar)
LIFE-EXMPLR-5-MCQ-025,bank,life-processes,lazytopper/src/data/questionBanks/class10/science/lifeProcesses.exemplar.ts:156,tagging,Subtopic label mismatched to content: Respiration (blood components item).,subtopic Transportation,agent:life-processes (high),official(exemplar)
LIFE-EXMPLR-5-MCQ-026,bank,life-processes,lazytopper/src/data/questionBanks/class10/science/lifeProcesses.exemplar.ts:162,tagging,Subtopic label mismatched to content: Heart (nephron item).,subtopic Excretion,agent:life-processes (high),official(exemplar)
LIFE-EXMPLR-5-MCQ-029,bank,life-processes,lazytopper/src/data/questionBanks/class10/science/lifeProcesses.exemplar.ts:180,tagging,Subtopic label mismatched to content: Plant Hormones (haemoglobin item).,subtopic Transportation,agent:life-processes (high),official(exemplar)
LIFE-EXMPLR-5-MCQ-030,bank,life-processes,lazytopper/src/data/questionBanks/class10/science/lifeProcesses.exemplar.ts:186,tagging,Subtopic label mismatched to content: Plant Transport (food path item).,subtopic Nutrition,agent:life-processes (high),official(exemplar)
LIFE-EXMPLR-5-MCQ-031,bank,life-processes,lazytopper/src/data/questionBanks/class10/science/lifeProcesses.exemplar.ts:192,tagging,Subtopic label mismatched to content: Plant Nutrition (bile salts item).,subtopic Nutrition,agent:life-processes (high),official(exemplar)
LIFE-EXMPLR-5-MCQ-032,bank,life-processes,lazytopper/src/data/questionBanks/class10/science/lifeProcesses.exemplar.ts:198,tagging,Subtopic label mismatched to content: Excretion (large intestine item).,subtopic Nutrition,agent:life-processes (high),official(exemplar)
LIFE-EXMPLR-5-MCQ-034,bank,life-processes,lazytopper/src/data/questionBanks/class10/science/lifeProcesses.exemplar.ts:210,tagging,"Duplicate of LIFE-EXMPLR-5-MCQ-014 (urine path; same options, reordered).",Deduplicate,agent:life-processes (medium),official(exemplar)
LP2-004,bank,life-processes,lazytopper/src/data/questionBanks/class10/science/lifeProcesses.pack2.ts:95,tagging,MCQ tagged 2 marks / section B; objective items are 1-mark Section A.,"marks 1, section A",agent:life-processes (high),LT-authored(AI pack)
LP2-006,bank,life-processes,lazytopper/src/data/questionBanks/class10/science/lifeProcesses.pack2.ts:151,tagging,MCQ tagged 2 marks / section B; objective items are 1-mark Section A.,"marks 1, section A",agent:life-processes (high),LT-authored(AI pack)
LP2-011,bank,life-processes,lazytopper/src/data/questionBanks/class10/science/lifeProcesses.pack2.ts:302,tagging,Assertion-Reasoning tagged 2 marks / section B; objective items are 1-mark Section A.,"marks 1, section A",agent:life-processes (high),LT-authored(AI pack)
LP2-013,bank,life-processes,lazytopper/src/data/questionBanks/class10/science/lifeProcesses.pack2.ts:357,tagging,MCQ tagged 2 marks / section B; objective items are 1-mark Section A.,"marks 1, section A",agent:life-processes (high),LT-authored(AI pack)
LP2-018,bank,life-processes,lazytopper/src/data/questionBanks/class10/science/lifeProcesses.pack2.ts:504,tagging,MCQ tagged 2 marks / section B; objective items are 1-mark Section A.,"marks 1, section A",agent:life-processes (high),LT-authored(AI pack)
LP2-019,bank,life-processes,lazytopper/src/data/questionBanks/class10/science/lifeProcesses.pack2.ts:535,tagging,Assertion-Reasoning tagged 2 marks / section B; objective items are 1-mark Section A.,"marks 1, section A",agent:life-processes (high),LT-authored(AI pack)
LP2-020,bank,life-processes,lazytopper/src/data/questionBanks/class10/science/lifeProcesses.pack2.ts:566,tagging,MCQ tagged 3 marks / section C; objective items are 1-mark Section A.,"marks 1, section A",agent:life-processes (high),LT-authored(AI pack)
LP2-024,bank,life-processes,lazytopper/src/data/questionBanks/class10/science/lifeProcesses.pack2.ts:685,tagging,Assertion-Reasoning tagged 2 marks / section B; objective items are 1-mark Section A.,"marks 1, section A",agent:life-processes (high),LT-authored(AI pack)
LP2-029,bank,life-processes,lazytopper/src/data/questionBanks/class10/science/lifeProcesses.pack2.ts:854,tagging,MCQ tagged 2 marks / section B; objective items are 1-mark Section A.,"marks 1, section A",agent:life-processes (high),LT-authored(AI pack)
LP2-030,bank,life-processes,lazytopper/src/data/questionBanks/class10/science/lifeProcesses.pack2.ts:883,tagging,MCQ tagged 2 marks / section B; objective items are 1-mark Section A.,"marks 1, section A",agent:life-processes (high),LT-authored(AI pack)
LP2-032,bank,life-processes,lazytopper/src/data/questionBanks/class10/science/lifeProcesses.pack2.ts:937,tagging,MCQ tagged 3 marks / section C; objective items are 1-mark Section A.,"marks 1, section A",agent:life-processes (high),LT-authored(AI pack)
LP2-036,bank,life-processes,lazytopper/src/data/questionBanks/class10/science/lifeProcesses.pack2.ts:1020,tagging,MCQ tagged 2 marks / section B; objective items are 1-mark Section A.,"marks 1, section A",agent:life-processes (high),LT-authored(AI pack)
LP2-038,bank,life-processes,lazytopper/src/data/questionBanks/class10/science/lifeProcesses.pack2.ts:1075,tagging,Assertion-Reasoning tagged 3 marks / section C; objective items are 1-mark Section A.,"marks 1, section A",agent:life-processes (high),LT-authored(AI pack)
LP2-042,bank,life-processes,lazytopper/src/data/questionBanks/class10/science/lifeProcesses.pack2.ts:1160,tagging,MCQ tagged 2 marks / section B; objective items are 1-mark Section A.,"marks 1, section A",agent:life-processes (high),LT-authored(AI pack)
LP2-043,bank,life-processes,lazytopper/src/data/questionBanks/class10/science/lifeProcesses.pack2.ts:1189,tagging,MCQ tagged 3 marks / section C; objective items are 1-mark Section A.,"marks 1, section A",agent:life-processes (high),LT-authored(AI pack)
LP2-049,bank,life-processes,lazytopper/src/data/questionBanks/class10/science/lifeProcesses.pack2.ts:1358,tagging,MCQ tagged 2 marks / section B; objective items are 1-mark Section A.,"marks 1, section A",agent:life-processes (high),LT-authored(AI pack)
LP2-054,bank,life-processes,lazytopper/src/data/questionBanks/class10/science/lifeProcesses.pack2.ts:772,tagging,Exact duplicate stem/options of LP2-001 (autotroph MCQ).,Deduplicate,agent:life-processes (medium),LT-authored(AI pack)
LPX-A-008,bank,life-processes,lazytopper/src/data/questionBanks/class10/science/lifeProcesses.extract.ts:101,tagging,Subtopic label mismatched to content: Transportation (urea formation in liver item).,subtopic Excretion,agent:life-processes (medium),transcribed-third-party(extract)
LT2-004,bank,light-reflection-and-refraction,lazytopper/src/data/questionBanks/class10/science/light.pack2.ts:93,format-marks-mismatch,MCQ carrying 2 marks (objective items are 1 mark),,script,LT-authored(AI pack)
LT2-005,bank,light-reflection-and-refraction,lazytopper/src/data/questionBanks/class10/science/light.pack2.ts:122,format-marks-mismatch,MCQ carrying 2 marks (objective items are 1 mark),,script,LT-authored(AI pack)
LT2-008,bank,light-reflection-and-refraction,lazytopper/src/data/questionBanks/class10/science/light.pack2.ts:203,format-marks-mismatch,MCQ carrying 2 marks (objective items are 1 mark),,script,LT-authored(AI pack)
LT2-009,bank,light-reflection-and-refraction,lazytopper/src/data/questionBanks/class10/science/light.pack2.ts:232,format-marks-mismatch,Assertion-Reasoning carrying 3 marks (objective items are 1 mark),,script,LT-authored(AI pack)
LT2-010,bank,light-reflection-and-refraction,lazytopper/src/data/questionBanks/class10/science/light.pack2.ts:263,format-marks-mismatch,MCQ carrying 3 marks (objective items are 1 mark),,script,LT-authored(AI pack)
LT2-011,bank,light-reflection-and-refraction,lazytopper/src/data/questionBanks/class10/science/light.pack2.ts:292,format-marks-mismatch,MCQ carrying 3 marks (objective items are 1 mark),,script,LT-authored(AI pack)
LT2-022,bank,light-reflection-and-refraction,lazytopper/src/data/questionBanks/class10/science/light.pack2.ts:621,format-marks-mismatch,MCQ carrying 3 marks (objective items are 1 mark),,script,LT-authored(AI pack)
LT2-023,bank,light-reflection-and-refraction,lazytopper/src/data/questionBanks/class10/science/light.pack2.ts:651,format-marks-mismatch,MCQ carrying 2 marks (objective items are 1 mark),,script,LT-authored(AI pack)
LT2-028,bank,light-reflection-and-refraction,lazytopper/src/data/questionBanks/class10/science/light.pack2.ts:797,format-marks-mismatch,MCQ carrying 2 marks (objective items are 1 mark),,script,LT-authored(AI pack)
LT2-029,bank,light-reflection-and-refraction,lazytopper/src/data/questionBanks/class10/science/light.pack2.ts:826,format-marks-mismatch,MCQ carrying 2 marks (objective items are 1 mark),,script,LT-authored(AI pack)
LT2-030,bank,light-reflection-and-refraction,lazytopper/src/data/questionBanks/class10/science/light.pack2.ts:857,format-marks-mismatch,MCQ carrying 2 marks (objective items are 1 mark),,script,LT-authored(AI pack)
LT2-032,bank,light-reflection-and-refraction,lazytopper/src/data/questionBanks/class10/science/light.pack2.ts:916,format-marks-mismatch,MCQ carrying 3 marks (objective items are 1 mark),,script,LT-authored(AI pack)
LT2-033,bank,light-reflection-and-refraction,lazytopper/src/data/questionBanks/class10/science/light.pack2.ts:947,format-marks-mismatch,MCQ carrying 2 marks (objective items are 1 mark),,script,LT-authored(AI pack)
LT2-034,bank,light-reflection-and-refraction,lazytopper/src/data/questionBanks/class10/science/light.pack2.ts:978,format-marks-mismatch,MCQ carrying 2 marks (objective items are 1 mark),,script,LT-authored(AI pack)
LT2-035,bank,light-reflection-and-refraction,lazytopper/src/data/questionBanks/class10/science/light.pack2.ts:1008,format-marks-mismatch,Assertion-Reasoning carrying 3 marks (objective items are 1 mark),,script,LT-authored(AI pack)
LT2-036,bank,light-reflection-and-refraction,lazytopper/src/data/questionBanks/class10/science/light.pack2.ts:1039,format-marks-mismatch,MCQ carrying 2 marks (objective items are 1 mark),,script,LT-authored(AI pack)
LT2-037,bank,light-reflection-and-refraction,lazytopper/src/data/questionBanks/class10/science/light.pack2.ts:1069,format-marks-mismatch,MCQ carrying 2 marks (objective items are 1 mark),,script,LT-authored(AI pack)
LT2-040,bank,light-reflection-and-refraction,lazytopper/src/data/questionBanks/class10/science/light.pack2.ts:1159,format-marks-mismatch,Assertion-Reasoning carrying 3 marks (objective items are 1 mark),,script,LT-authored(AI pack)
LT2-041,bank,light-reflection-and-refraction,lazytopper/src/data/questionBanks/class10/science/light.pack2.ts:1191,format-marks-mismatch,MCQ carrying 3 marks (objective items are 1 mark),,script,LT-authored(AI pack)
LT2-048,bank,light-reflection-and-refraction,lazytopper/src/data/questionBanks/class10/science/light.pack2.ts:1398,format-marks-mismatch,MCQ carrying 3 marks (objective items are 1 mark),,script,LT-authored(AI pack)
CASE-SCI-LIGHT-001,bank,light-reflection-and-refraction,lazytopper/src/data/questionBanks/class10/science/science.caseBased.ts:189,other-chapter,Case built on myopia/hypermetropia prescriptions (defects of vision) - Human Eye chapter; only power arithmetic is Light,human-eye-and-colourful-world (or rewrite without eye defects),agent:light-1 (medium),LT-authored(caseBased)
FND-L-QB-102,bank,light-reflection-and-refraction,lazytopper/src/data/questionBanks/class10/science/light-reflection-and-refraction.fnd.ts:1984,other-chapter,"Refraction through a triangular glass prism is NCERT Class 10 Ch ""Human Eye and the Colourful World"" (sec 10.4), not Light ch; note this chapter's trends list includes ""Glass Slab / Prism""",human-eye-and-colourful-world,agent:light-2 (uncertain),transcribed-third-party(fnd)
FND-L-QB-125,bank,light-reflection-and-refraction,lazytopper/src/data/questionBanks/class10/science/light-reflection-and-refraction.fnd.ts:1998,other-chapter,"Refraction through a triangular glass prism is NCERT Class 10 Ch ""Human Eye and the Colourful World"" (sec 10.4), not Light ch; note this chapter's trends list includes ""Glass Slab / Prism""",human-eye-and-colourful-world,agent:light-2 (uncertain),transcribed-third-party(fnd)
FND-L-QB-150,bank,light-reflection-and-refraction,lazytopper/src/data/questionBanks/class10/science/light-reflection-and-refraction.fnd.ts:2010,other-chapter,"Refraction through a triangular glass prism is NCERT Class 10 Ch ""Human Eye and the Colourful World"" (sec 10.4), not Light ch; note this chapter's trends list includes ""Glass Slab / Prism""",human-eye-and-colourful-world,agent:light-2 (uncertain),transcribed-third-party(fnd)
FND-L-QB-154,bank,light-reflection-and-refraction,lazytopper/src/data/questionBanks/class10/science/light-reflection-and-refraction.fnd.ts:2018,other-chapter,"Refraction through a triangular glass prism is NCERT Class 10 Ch ""Human Eye and the Colourful World"" (sec 10.4), not Light ch; note this chapter's trends list includes ""Glass Slab / Prism""",human-eye-and-colourful-world,agent:light-2 (uncertain),transcribed-third-party(fnd)
FND-L-QB-160,bank,light-reflection-and-refraction,lazytopper/src/data/questionBanks/class10/science/light-reflection-and-refraction.fnd.ts:2024,other-chapter,"Refraction through a triangular glass prism is NCERT Class 10 Ch ""Human Eye and the Colourful World"" (sec 10.4), not Light ch; note this chapter's trends list includes ""Glass Slab / Prism""",human-eye-and-colourful-world,agent:light-2 (uncertain),transcribed-third-party(fnd)
FND-L-QB-171,bank,light-reflection-and-refraction,lazytopper/src/data/questionBanks/class10/science/light-reflection-and-refraction.fnd.ts:2032,other-chapter,"Refraction through a triangular glass prism is NCERT Class 10 Ch ""Human Eye and the Colourful World"" (sec 10.4), not Light ch; note this chapter's trends list includes ""Glass Slab / Prism""",human-eye-and-colourful-world,agent:light-2 (uncertain),transcribed-third-party(fnd)
LT2-059,bank,light-reflection-and-refraction,lazytopper/src/data/questionBanks/class10/science/light.pack2.ts:1640,other-chapter,"Myopia correction is Human Eye and the Colourful World content, not Light",human-eye-and-colourful-world,agent:light-1 (high),LT-authored(AI pack)
PYQ-S-2025-LIGHT-005,bank,light-reflection-and-refraction,lazytopper/src/data/questionBanks/class10/science/lightReflection.pyq2025.ts:43,other-chapter,Angle of deviation by a glass prism is NCERT Human Eye ch. (refraction through prism) content; also needs the figure,human-eye-and-colourful-world,agent:light-1 (medium),official(pyq2025)
LT2-044,bank,light-reflection-and-refraction,lazytopper/src/data/questionBanks/class10/science/light.pack2.ts:1282,syllabus,Part (d) 'design an optical system' / autofocus / variable aperture & depth of field is beyond Class X syllabus and unmarkable by CBSE scheme,Drop part (d),agent:light-1 (uncertain),LT-authored(AI pack)
SCO-S-LIGHT-020,bank,light-reflection-and-refraction,lazytopper/src/data/questionBanks/class10/science/light-reflection-and-refraction.chapterwise.ts:164,syllabus,"Cutting an equiconvex lens to get f = 40 cm relies on the lens-maker formula, which is beyond Class X (packet OUT list)",Remove / out of 2026-27 scope,agent:light-1 (medium),transcribed-third-party(chapterwise)
LT2-004,bank,light-reflection-and-refraction,lazytopper/src/data/questionBanks/class10/science/light.pack2.ts:93,tagging,MCQ tagged 2 marks / Section B; MCQs are 1-mark Section A items,"marks 1, sec A",agent:light-1 (high),LT-authored(AI pack)
LT2-005,bank,light-reflection-and-refraction,lazytopper/src/data/questionBanks/class10/science/light.pack2.ts:122,tagging,MCQ tagged 2 marks / Section B; MCQs are 1-mark Section A items,"marks 1, sec A",agent:light-1 (high),LT-authored(AI pack)
LT2-008,bank,light-reflection-and-refraction,lazytopper/src/data/questionBanks/class10/science/light.pack2.ts:203,tagging,MCQ tagged 2 marks / Section B; MCQs are 1-mark Section A items,"marks 1, sec A",agent:light-1 (high),LT-authored(AI pack)
LT2-009,bank,light-reflection-and-refraction,lazytopper/src/data/questionBanks/class10/science/light.pack2.ts:232,tagging,Assertion-Reason tagged 3 marks / Section C; A-R items are 1 mark Section A,"marks 1, sec A",agent:light-1 (high),LT-authored(AI pack)
LT2-010,bank,light-reflection-and-refraction,lazytopper/src/data/questionBanks/class10/science/light.pack2.ts:263,tagging,MCQ tagged 3 marks / Section C; MCQs are 1-mark Section A items,"marks 1, sec A",agent:light-1 (high),LT-authored(AI pack)
LT2-011,bank,light-reflection-and-refraction,lazytopper/src/data/questionBanks/class10/science/light.pack2.ts:292,tagging,MCQ tagged 3 marks / Section C; MCQs are 1-mark Section A items,"marks 1, sec A",agent:light-1 (high),LT-authored(AI pack)
LT2-016,bank,light-reflection-and-refraction,lazytopper/src/data/questionBanks/class10/science/light.pack2.ts:440,tagging,Single straightforward lens-formula substitution tagged 5 marks Long,3 marks Short (Section C),agent:light-1 (medium),LT-authored(AI pack)
LT2-022,bank,light-reflection-and-refraction,lazytopper/src/data/questionBanks/class10/science/light.pack2.ts:621,tagging,MCQ tagged 3 marks / Section C; MCQs are 1-mark Section A items,"marks 1, sec A",agent:light-1 (high),LT-authored(AI pack)
LT2-023,bank,light-reflection-and-refraction,lazytopper/src/data/questionBanks/class10/science/light.pack2.ts:651,tagging,MCQ tagged 2 marks / Section B; MCQs are 1-mark Section A items,"marks 1, sec A",agent:light-1 (high),LT-authored(AI pack)
LT2-028,bank,light-reflection-and-refraction,lazytopper/src/data/questionBanks/class10/science/light.pack2.ts:797,tagging,MCQ tagged 2 marks / Section B; MCQs are 1-mark Section A items,"marks 1, sec A",agent:light-1 (high),LT-authored(AI pack)
LT2-029,bank,light-reflection-and-refraction,lazytopper/src/data/questionBanks/class10/science/light.pack2.ts:826,tagging,MCQ tagged 2 marks / Section B; MCQs are 1-mark Section A items,"marks 1, sec A",agent:light-1 (high),LT-authored(AI pack)
LT2-030,bank,light-reflection-and-refraction,lazytopper/src/data/questionBanks/class10/science/light.pack2.ts:857,tagging,MCQ tagged 2 marks / Section B; MCQs are 1-mark Section A items,"marks 1, sec A",agent:light-1 (high),LT-authored(AI pack)
LT2-032,bank,light-reflection-and-refraction,lazytopper/src/data/questionBanks/class10/science/light.pack2.ts:916,tagging,MCQ tagged 3 marks / Section C; MCQs are 1-mark Section A items,"marks 1, sec A",agent:light-1 (high),LT-authored(AI pack)
LT2-033,bank,light-reflection-and-refraction,lazytopper/src/data/questionBanks/class10/science/light.pack2.ts:947,tagging,MCQ tagged 2 marks / Section B; MCQs are 1-mark Section A items,"marks 1, sec A",agent:light-1 (high),LT-authored(AI pack)
LT2-034,bank,light-reflection-and-refraction,lazytopper/src/data/questionBanks/class10/science/light.pack2.ts:978,tagging,MCQ tagged 2 marks / Section B; MCQs are 1-mark Section A items,"marks 1, sec A",agent:light-1 (high),LT-authored(AI pack)
LT2-035,bank,light-reflection-and-refraction,lazytopper/src/data/questionBanks/class10/science/light.pack2.ts:1008,tagging,Assertion-Reason tagged 3 marks / Section C; A-R items are 1 mark Section A,"marks 1, sec A",agent:light-1 (high),LT-authored(AI pack)
LT2-036,bank,light-reflection-and-refraction,lazytopper/src/data/questionBanks/class10/science/light.pack2.ts:1039,tagging,MCQ tagged 2 marks / Section B; MCQs are 1-mark Section A items,"marks 1, sec A",agent:light-1 (high),LT-authored(AI pack)
LT2-037,bank,light-reflection-and-refraction,lazytopper/src/data/questionBanks/class10/science/light.pack2.ts:1069,tagging,MCQ tagged 2 marks / Section B; MCQs are 1-mark Section A items,"marks 1, sec A",agent:light-1 (high),LT-authored(AI pack)
LT2-040,bank,light-reflection-and-refraction,lazytopper/src/data/questionBanks/class10/science/light.pack2.ts:1159,tagging,Assertion-Reason tagged 3 marks / Section C; A-R items are 1 mark Section A,"marks 1, sec A",agent:light-1 (high),LT-authored(AI pack)
LT2-041,bank,light-reflection-and-refraction,lazytopper/src/data/questionBanks/class10/science/light.pack2.ts:1191,tagging,MCQ tagged 3 marks / Section C; MCQs are 1-mark Section A items,"marks 1, sec A",agent:light-1 (high),LT-authored(AI pack)
LT2-048,bank,light-reflection-and-refraction,lazytopper/src/data/questionBanks/class10/science/light.pack2.ts:1398,tagging,MCQ tagged 3 marks / Section C; MCQs are 1-mark Section A items,"marks 1, sec A",agent:light-1 (high),LT-authored(AI pack)
ME2-023,bank,magnetic-effects-of-electric-current,lazytopper/src/data/questionBanks/class10/science/magneticEffects.pack2.ts:647,format-marks-mismatch,Assertion-Reasoning carrying 2 marks (objective items are 1 mark),,script,LT-authored(AI pack)
ME2-046,bank,magnetic-effects-of-electric-current,lazytopper/src/data/questionBanks/class10/science/magneticEffects.pack2.ts:1289,format-marks-mismatch,MCQ carrying 2 marks (objective items are 1 mark),,script,LT-authored(AI pack)
ME2-048,bank,magnetic-effects-of-electric-current,lazytopper/src/data/questionBanks/class10/science/magneticEffects.pack2.ts:1346,format-marks-mismatch,Assertion-Reasoning carrying 2 marks (objective items are 1 mark),,script,LT-authored(AI pack)
CBE-S-MAGN-B-005,bank,magnetic-effects-of-electric-current,lazytopper/src/data/questionBanks/class10/science/magnetic-effects-of-electric-current.cbe.ts:186,syllabus,motor/EMI/generator (FORMATIVE) :: …Fig. 1 represents the current input to an electric motor (a current-time trace). State and explain the type of curre…,"WITHHOLD — electric motor is FORMATIVE-only (owner ruling R7, Sci p6); official row (high)",script+manual review,official(cbe)
CBE-S-MAGN-D-001,bank,magnetic-effects-of-electric-current,lazytopper/src/data/questionBanks/class10/science/magnetic-effects-of-electric-current.cbe.ts:228,syllabus,motor/EMI/generator (FORMATIVE) :: … to determine the direction in which the coil of wire of an electric motor spins. You may draw a labelled diagram.…,WITHHOLD — electric-motor coil direction is FORMATIVE-only (R7); official row (high),script+manual review,official(cbe)
SCO-S-MAG-001,bank,magnetic-effects-of-electric-current,lazytopper/src/data/questionBanks/class10/science/magnetic-effects-of-electric-current.chapterwise.ts:12,syllabus,Magnetic shielding is not in NCERT Class 10 2026-27 content (old ICSE/state-board magnetism),Remove from Class 10 CBSE bank,agent:magnetic-effects-of-electric-current (medium),transcribed-third-party(chapterwise)
SCO-S-MAG-002,bank,magnetic-effects-of-electric-current,lazytopper/src/data/questionBanks/class10/science/magnetic-effects-of-electric-current.chapterwise.ts:20,syllabus,Induced magnetism by an inducing magnet is not in NCERT Class 10 2026-27,Remove from Class 10 CBSE bank,agent:magnetic-effects-of-electric-current (medium),transcribed-third-party(chapterwise)
SCO-S-MAG-004,bank,magnetic-effects-of-electric-current,lazytopper/src/data/questionBanks/class10/science/magnetic-effects-of-electric-current.chapterwise.ts:36,syllabus,"Magnetic induction 'precedes attraction', magnetising iron ring, demagnetisation by heating are not NCERT Class 10 content",Remove from Class 10 CBSE bank,agent:magnetic-effects-of-electric-current (medium),transcribed-third-party(chapterwise)
SCO-S-MAG-009,bank,magnetic-effects-of-electric-current,lazytopper/src/data/questionBanks/class10/science/magnetic-effects-of-electric-current.chapterwise.ts:76,syllabus,Force between two parallel current-carrying conductors is not in NCERT Class 10 2026-27,Remove,agent:magnetic-effects-of-electric-current (medium),transcribed-third-party(chapterwise)
SCO-S-MAG-012,bank,magnetic-effects-of-electric-current,lazytopper/src/data/questionBanks/class10/science/magnetic-effects-of-electric-current.chapterwise.ts:100,syllabus,Magnetic declination / ship navigation is not in NCERT Class 10 2026-27,Remove,agent:magnetic-effects-of-electric-current (high),transcribed-third-party(chapterwise)
SCO-S-MAG-013,bank,magnetic-effects-of-electric-current,lazytopper/src/data/questionBanks/class10/science/magnetic-effects-of-electric-current.chapterwise.ts:108,syllabus,Effective/magnetic length of a magnet is not NCERT Class 10 content,Remove,agent:magnetic-effects-of-electric-current (medium),transcribed-third-party(chapterwise)
SCO-S-MAG-019,bank,magnetic-effects-of-electric-current,lazytopper/src/data/questionBanks/class10/science/magnetic-effects-of-electric-current.chapterwise.ts:156,syllabus,Diamagnetism (bismuth bars setting perpendicular to field) is not NCERT Class 10 content,Remove,agent:magnetic-effects-of-electric-current (medium),transcribed-third-party(chapterwise)
sci-mec-hpq-1,hpq,magnetic-effects-of-electric-current,lazytopper/src/data/highlyProbableQuestions.ts:2311,syllabus,"Distractor (D) ""Induced current"" refers to EMI, which is out of the 2026-27 syllabus; key itself is correct",Replace distractor,agent:misc (uncertain),LT-authored(hpq)
ME2-023,bank,magnetic-effects-of-electric-current,lazytopper/src/data/questionBanks/class10/science/magneticEffects.pack2.ts:647,tagging,Assertion-Reason item tagged 2 marks / Section B,"1 mark, Section A",agent:magnetic-effects-of-electric-current (high),LT-authored(AI pack)
ME2-046,bank,magnetic-effects-of-electric-current,lazytopper/src/data/questionBanks/class10/science/magneticEffects.pack2.ts:1289,tagging,1-line MCQ tagged 2 marks / Section B,"1 mark, Section A",agent:magnetic-effects-of-electric-current (high),LT-authored(AI pack)
ME2-048,bank,magnetic-effects-of-electric-current,lazytopper/src/data/questionBanks/class10/science/magneticEffects.pack2.ts:1346,tagging,Assertion-Reason item tagged 2 marks / Section B,"1 mark, Section A",agent:magnetic-effects-of-electric-current (high),LT-authored(AI pack)
CFPQ-S-MNM-009,bank,metals-and-non-metals,lazytopper/src/data/questionBanks/class10/science/metals-and-non-metals.cfpq.ts:265,format-marks-mismatch,Short carrying 4 marks,,script,official(cfpq)
MNM2-004,bank,metals-and-non-metals,lazytopper/src/data/questionBanks/class10/science/metalsNonMetals.pack2.ts:96,format-marks-mismatch,MCQ carrying 2 marks (objective items are 1 mark),,script,LT-authored(AI pack)
MNM2-005,bank,metals-and-non-metals,lazytopper/src/data/questionBanks/class10/science/metalsNonMetals.pack2.ts:126,format-marks-mismatch,MCQ carrying 2 marks (objective items are 1 mark),,script,LT-authored(AI pack)
MNM2-006,bank,metals-and-non-metals,lazytopper/src/data/questionBanks/class10/science/metalsNonMetals.pack2.ts:156,format-marks-mismatch,MCQ carrying 2 marks (objective items are 1 mark),,script,LT-authored(AI pack)
MNM2-007,bank,metals-and-non-metals,lazytopper/src/data/questionBanks/class10/science/metalsNonMetals.pack2.ts:186,format-marks-mismatch,MCQ carrying 2 marks (objective items are 1 mark),,script,LT-authored(AI pack)
MNM2-008,bank,metals-and-non-metals,lazytopper/src/data/questionBanks/class10/science/metalsNonMetals.pack2.ts:217,format-marks-mismatch,MCQ carrying 2 marks (objective items are 1 mark),,script,LT-authored(AI pack)
MNM2-009,bank,metals-and-non-metals,lazytopper/src/data/questionBanks/class10/science/metalsNonMetals.pack2.ts:247,format-marks-mismatch,MCQ carrying 3 marks (objective items are 1 mark),,script,LT-authored(AI pack)
MNM2-010,bank,metals-and-non-metals,lazytopper/src/data/questionBanks/class10/science/metalsNonMetals.pack2.ts:277,format-marks-mismatch,MCQ carrying 3 marks (objective items are 1 mark),,script,LT-authored(AI pack)
MNM2-011,bank,metals-and-non-metals,lazytopper/src/data/questionBanks/class10/science/metalsNonMetals.pack2.ts:307,format-marks-mismatch,MCQ carrying 3 marks (objective items are 1 mark),,script,LT-authored(AI pack)
MNM2-019,bank,metals-and-non-metals,lazytopper/src/data/questionBanks/class10/science/metalsNonMetals.pack2.ts:529,format-marks-mismatch,Assertion-Reasoning carrying 2 marks (objective items are 1 mark),,script,LT-authored(AI pack)
MNM2-020,bank,metals-and-non-metals,lazytopper/src/data/questionBanks/class10/science/metalsNonMetals.pack2.ts:560,format-marks-mismatch,Assertion-Reasoning carrying 2 marks (objective items are 1 mark),,script,LT-authored(AI pack)
MNM2-024,bank,metals-and-non-metals,lazytopper/src/data/questionBanks/class10/science/metalsNonMetals.pack2.ts:674,format-marks-mismatch,Long carrying 3 marks,,script,LT-authored(AI pack)
MNM2-029,bank,metals-and-non-metals,lazytopper/src/data/questionBanks/class10/science/metalsNonMetals.pack2.ts:806,format-marks-mismatch,MCQ carrying 2 marks (objective items are 1 mark),,script,LT-authored(AI pack)
MNM2-030,bank,metals-and-non-metals,lazytopper/src/data/questionBanks/class10/science/metalsNonMetals.pack2.ts:836,format-marks-mismatch,MCQ carrying 2 marks (objective items are 1 mark),,script,LT-authored(AI pack)
MNM2-032,bank,metals-and-non-metals,lazytopper/src/data/questionBanks/class10/science/metalsNonMetals.pack2.ts:890,format-marks-mismatch,MCQ carrying 3 marks (objective items are 1 mark),,script,LT-authored(AI pack)
MNM2-033,bank,metals-and-non-metals,lazytopper/src/data/questionBanks/class10/science/metalsNonMetals.pack2.ts:920,format-marks-mismatch,MCQ carrying 3 marks (objective items are 1 mark),,script,LT-authored(AI pack)
MNM2-043,bank,metals-and-non-metals,lazytopper/src/data/questionBanks/class10/science/metalsNonMetals.pack2.ts:1202,format-marks-mismatch,Assertion-Reasoning carrying 2 marks (objective items are 1 mark),,script,LT-authored(AI pack)
MNM2-044,bank,metals-and-non-metals,lazytopper/src/data/questionBanks/class10/science/metalsNonMetals.pack2.ts:1232,format-marks-mismatch,Assertion-Reasoning carrying 3 marks (objective items are 1 mark),,script,LT-authored(AI pack)
MNM2-046,bank,metals-and-non-metals,lazytopper/src/data/questionBanks/class10/science/metalsNonMetals.pack2.ts:1287,format-marks-mismatch,Long carrying 2 marks,,script,LT-authored(AI pack)
S-MNM-1,promptD,metals-and-non-metals,lazytopper/src/data/promptDPracticePacks.ts:263,non-board-chapter,pack topicKey 'metals_nonmetals' -> 'metals-nonmetals',,script,LT-authored(promptD)
S-MNM-10,promptD,metals-and-non-metals,lazytopper/src/data/promptDPracticePacks.ts:326,non-board-chapter,pack topicKey 'metals_nonmetals' -> 'metals-nonmetals',,script,LT-authored(promptD)
S-MNM-2,promptD,metals-and-non-metals,lazytopper/src/data/promptDPracticePacks.ts:270,non-board-chapter,pack topicKey 'metals_nonmetals' -> 'metals-nonmetals',,script,LT-authored(promptD)
S-MNM-3,promptD,metals-and-non-metals,lazytopper/src/data/promptDPracticePacks.ts:277,non-board-chapter,pack topicKey 'metals_nonmetals' -> 'metals-nonmetals',,script,LT-authored(promptD)
S-MNM-4,promptD,metals-and-non-metals,lazytopper/src/data/promptDPracticePacks.ts:284,non-board-chapter,pack topicKey 'metals_nonmetals' -> 'metals-nonmetals',,script,LT-authored(promptD)
S-MNM-5,promptD,metals-and-non-metals,lazytopper/src/data/promptDPracticePacks.ts:291,non-board-chapter,pack topicKey 'metals_nonmetals' -> 'metals-nonmetals',,script,LT-authored(promptD)
S-MNM-6,promptD,metals-and-non-metals,lazytopper/src/data/promptDPracticePacks.ts:298,non-board-chapter,pack topicKey 'metals_nonmetals' -> 'metals-nonmetals',,script,LT-authored(promptD)
S-MNM-7,promptD,metals-and-non-metals,lazytopper/src/data/promptDPracticePacks.ts:305,non-board-chapter,pack topicKey 'metals_nonmetals' -> 'metals-nonmetals',,script,LT-authored(promptD)
S-MNM-8,promptD,metals-and-non-metals,lazytopper/src/data/promptDPracticePacks.ts:312,non-board-chapter,pack topicKey 'metals_nonmetals' -> 'metals-nonmetals',,script,LT-authored(promptD)
S-MNM-9,promptD,metals-and-non-metals,lazytopper/src/data/promptDPracticePacks.ts:319,non-board-chapter,pack topicKey 'metals_nonmetals' -> 'metals-nonmetals',,script,LT-authored(promptD)
PYQ-S-2025-METAL-003,bank,metals-and-non-metals,lazytopper/src/data/questionBanks/class10/science/metalsNonMetals.pyq2025.ts:27,other-chapter,"Resistivity of alloy wires vs constituent metals is Electricity chapter content (resistivity), not Metals and Non-metals",electricity,agent:metals-and-non-metals (high),official(pyq2025)
mnm-hpq-104,hpq,metals-and-non-metals,lazytopper/src/data/highlyProbableQuestions.ts:836,syllabus,Cryolite / electrolysis of alumina detail is beyond NCERT Class 10 text (Ch 3 mentions only electrolytic reduction of molten chlorides/oxide generally); answer quotes 2072 C to 900 C,"Keep to ""Al obtained by electrolytic reduction of its oxide""; drop cryolite part",agent:misc (medium),LT-authored(hpq)
2026-MNM-04,hpq,metals-and-non-metals,lazytopper/src/data/class10SciencePredictiveEngine.ts:207,tagging,format Short (3-mark type) but marks 2 / section B; other 2-mark rows use VeryShort,format VeryShort,agent:misc (medium),LT-authored(hpq)
MNM2-004,bank,metals-and-non-metals,lazytopper/src/data/questionBanks/class10/science/metalsNonMetals.pack2.ts:96,tagging,Single-answer 1-mark recall MCQ tagged 2 marks / Section B,"marks 1, Section A",agent:metals-and-non-metals (high),LT-authored(AI pack)
MNM2-005,bank,metals-and-non-metals,lazytopper/src/data/questionBanks/class10/science/metalsNonMetals.pack2.ts:126,tagging,Single-answer 1-mark recall MCQ tagged 2 marks / Section B,"marks 1, Section A",agent:metals-and-non-metals (high),LT-authored(AI pack)
MNM2-006,bank,metals-and-non-metals,lazytopper/src/data/questionBanks/class10/science/metalsNonMetals.pack2.ts:156,tagging,Single-answer 1-mark recall MCQ tagged 2 marks / Section B,"marks 1, Section A",agent:metals-and-non-metals (high),LT-authored(AI pack)
MNM2-007,bank,metals-and-non-metals,lazytopper/src/data/questionBanks/class10/science/metalsNonMetals.pack2.ts:186,tagging,Single-answer 1-mark recall MCQ tagged 2 marks / Section B,"marks 1, Section A",agent:metals-and-non-metals (high),LT-authored(AI pack)
MNM2-008,bank,metals-and-non-metals,lazytopper/src/data/questionBanks/class10/science/metalsNonMetals.pack2.ts:217,tagging,Single-answer 1-mark recall MCQ tagged 2 marks / Section B,"marks 1, Section A",agent:metals-and-non-metals (high),LT-authored(AI pack)
MNM2-009,bank,metals-and-non-metals,lazytopper/src/data/questionBanks/class10/science/metalsNonMetals.pack2.ts:247,tagging,Single-answer recall MCQ tagged 3 marks / Section C,"marks 1, Section A",agent:metals-and-non-metals (high),LT-authored(AI pack)
MNM2-010,bank,metals-and-non-metals,lazytopper/src/data/questionBanks/class10/science/metalsNonMetals.pack2.ts:277,tagging,Single-answer recall MCQ tagged 3 marks / Section C,"marks 1, Section A",agent:metals-and-non-metals (high),LT-authored(AI pack)
MNM2-011,bank,metals-and-non-metals,lazytopper/src/data/questionBanks/class10/science/metalsNonMetals.pack2.ts:307,tagging,Single-answer recall MCQ tagged 3 marks / Section C,"marks 1, Section A",agent:metals-and-non-metals (high),LT-authored(AI pack)
MNM2-019,bank,metals-and-non-metals,lazytopper/src/data/questionBanks/class10/science/metalsNonMetals.pack2.ts:529,tagging,Assertion-Reason item tagged 2 marks; A-R is 1 mark Section A,"marks 1, Section A",agent:metals-and-non-metals (high),LT-authored(AI pack)
MNM2-020,bank,metals-and-non-metals,lazytopper/src/data/questionBanks/class10/science/metalsNonMetals.pack2.ts:560,tagging,Assertion-Reason item tagged 2 marks; A-R is 1 mark Section A,"marks 1, Section A",agent:metals-and-non-metals (high),LT-authored(AI pack)
MNM2-029,bank,metals-and-non-metals,lazytopper/src/data/questionBanks/class10/science/metalsNonMetals.pack2.ts:806,tagging,Single-answer 1-mark recall MCQ tagged 2 marks / Section B,"marks 1, Section A",agent:metals-and-non-metals (high),LT-authored(AI pack)
MNM2-030,bank,metals-and-non-metals,lazytopper/src/data/questionBanks/class10/science/metalsNonMetals.pack2.ts:836,tagging,Single-answer 1-mark recall MCQ tagged 2 marks / Section B,"marks 1, Section A",agent:metals-and-non-metals (high),LT-authored(AI pack)
MNM2-032,bank,metals-and-non-metals,lazytopper/src/data/questionBanks/class10/science/metalsNonMetals.pack2.ts:890,tagging,Single-answer recall MCQ tagged 3 marks / Section C,"marks 1, Section A",agent:metals-and-non-metals (high),LT-authored(AI pack)
MNM2-033,bank,metals-and-non-metals,lazytopper/src/data/questionBanks/class10/science/metalsNonMetals.pack2.ts:920,tagging,Single-answer recall MCQ tagged 3 marks / Section C,"marks 1, Section A",agent:metals-and-non-metals (high),LT-authored(AI pack)
MNM2-043,bank,metals-and-non-metals,lazytopper/src/data/questionBanks/class10/science/metalsNonMetals.pack2.ts:1202,tagging,Assertion-Reason item tagged 2 marks; A-R is 1 mark Section A,"marks 1, Section A",agent:metals-and-non-metals (high),LT-authored(AI pack)
MNM2-044,bank,metals-and-non-metals,lazytopper/src/data/questionBanks/class10/science/metalsNonMetals.pack2.ts:1232,tagging,Assertion-Reason item tagged 3 marks; A-R is 1 mark Section A,"marks 1, Section A",agent:metals-and-non-metals (high),LT-authored(AI pack)
SCO-S-ENV-008,bank,our-environment,lazytopper/src/data/questionBanks/class10/science/our-environment.chapterwise.ts:68,other-chapter,Corrosion of metals is not Our Environment content.,"chemical-reactions-and-equations (corrosion); key ""All of the above"" itself fine",agent:our-environment (high),transcribed-third-party(chapterwise)
SCO-S-ENV-002,bank,our-environment,lazytopper/src/data/questionBanks/class10/science/our-environment.chapterwise.ts:20,syllabus,"Ecosystem services is Class 12 content, not in NCERT Class 10 Our Environment.",Remove from this chapter,agent:our-environment (uncertain),transcribed-third-party(chapterwise)
SCO-S-ENV-003,bank,our-environment,lazytopper/src/data/questionBanks/class10/science/our-environment.chapterwise.ts:28,syllabus,Global warming vs natural climate fluctuation is not in NCERT Class 10 Our Environment 2026-27.,Remove from this chapter,agent:our-environment (medium),transcribed-third-party(chapterwise)
SCO-S-ENV-006,bank,our-environment,lazytopper/src/data/questionBanks/class10/science/our-environment.chapterwise.ts:52,syllabus,Greenhouse effect (CO2 absorbing heat) is not in Class 10 Our Environment 2026-27.,Remove from this chapter,agent:our-environment (uncertain),transcribed-third-party(chapterwise)
SCO-S-ENV-007,bank,our-environment,lazytopper/src/data/questionBanks/class10/science/our-environment.chapterwise.ts:60,syllabus,"Carbon cycle / carbon reservoir is Class 9 Natural Resources (biogeochemical cycles), not in Class 10 Our Environment 2026-27.",Remove from this chapter,agent:our-environment (medium),transcribed-third-party(chapterwise)
SCO-S-ENV-013,bank,our-environment,lazytopper/src/data/questionBanks/class10/science/our-environment.chapterwise.ts:108,syllabus,"Hydrosphere/lithosphere definitions are Class 9 Natural Resources, not Class 10 Our Environment.",Remove from this chapter,agent:our-environment (medium),transcribed-third-party(chapterwise)
SCO-S-ENV-016,bank,our-environment,lazytopper/src/data/questionBanks/class10/science/our-environment.chapterwise.ts:132,syllabus,"Population/community definitions are Class 12 Ecology, not in NCERT Class 10 Our Environment.",Remove from this chapter,agent:our-environment (medium),transcribed-third-party(chapterwise)
SCO-S-ENV-019,bank,our-environment,lazytopper/src/data/questionBanks/class10/science/our-environment.chapterwise.ts:156,syllabus,Nitrogen cycle human-impact question is outside Class 10 Our Environment 2026-27 syllabus.,Remove from this chapter,agent:our-environment (medium),transcribed-third-party(chapterwise)
SCQ-S-ENV-025,bank,our-environment,lazytopper/src/data/questionBanks/class10/science/our-environment.chapterwise.ts:196,tagging,One-line recall (assign trophic level) tagged 2 marks.,1 mark (or require chain + level for 2),agent:our-environment (uncertain),transcribed-third-party(chapterwise)
2026-PLE-AR-05,predicted,pair-of-linear-equations,lazytopper/src/data/predictedQuestions.ts:772,format-marks-mismatch,Assertion-Reasoning carrying 2 marks (objective items are 1 mark),,script,LT-authored(predicted)
2026-PLE-AR-05X,predicted,pair-of-linear-equations,lazytopper/src/data/predictedQuestions.ts:1243,format-marks-mismatch,Assertion-Reasoning carrying 2 marks (objective items are 1 mark),,script,LT-authored(predicted)
PLE-M10,bank,pair-of-linear-equations,lazytopper/src/data/questionBanks/class10/maths/pairOfLinearEquations.pack1.ts:153,other-chapter,"Shefali marks: product condition (x+2)(y-3)=210 is quadratic, not a pair of linear equations; part (iv) 'is the pair consistent' is meaningless (NCERT Ch4 Ex 4.3 style)",quadratic-equations,agent:pair-of-linear-equations (high),LT-authored(AI pack)
SQP-M-PLE-002,bank,pair-of-linear-equations,lazytopper/src/data/questionBanks/class10/maths/pair-of-linear-equations.sqp.ts:36,syllabus,OR part 2/√x ∓ 3/√y ... is 'equations reducible to linear form' - OUT for 2026-27,Remove OR alternative,agent:pair-of-linear-equations (high),official(sqp)
2026-PLE-AR-05,predicted,pair-of-linear-equations,lazytopper/src/data/predictedQuestions.ts:772,tagging,Assertion-Reason row tagged marks 2 / section B; CBSE A-R items are 1-mark Section A,"marks 1, section A",agent:misc (high),LT-authored(predicted)
2026-PLE-AR-05X,predicted,pair-of-linear-equations,lazytopper/src/data/predictedQuestions.ts:1243,tagging,Assertion-Reason row tagged marks 2 / section B; CBSE A-R items are 1-mark Section A,"marks 1, section A",agent:misc (high),LT-authored(predicted)
BX-PLE-D-024,bank,pair-of-linear-equations,lazytopper/src/data/questionBanks/class10/maths/pairOfLinearEquations.expand.longD.ts:474,tagging,"Two supplementary angles, larger = 2×smaller − 6: a 2-mark item tagged 5-mark Section D",Retag 2 marks Section B,agent:pair-of-linear-equations (medium),LT-authored(expand.longD)
BX-PLE-D-025,bank,pair-of-linear-equations,lazytopper/src/data/questionBanks/class10/maths/pairOfLinearEquations.expand.longD.ts:496,tagging,Complementary angles in ratio 4:5 is a 1-2 mark item tagged Long 5-mark Section D,Retag 2 marks Section B,agent:pair-of-linear-equations (medium),LT-authored(expand.longD)
CBE-M-PLE-A-004,bank,pair-of-linear-equations,lazytopper/src/data/questionBanks/class10/maths/pair-of-linear-equations.cbe.ts:173,tagging,Forming AND solving a pair (fixed charge & per-km rate) tagged 1-mark VSA; real work is 2 marks,Retag 2 marks (or keep only if it is a sub-part of case),agent:pair-of-linear-equations (uncertain),official(cbe)
2026-POLY-AR-03,predicted,polynomials,lazytopper/src/data/predictedQuestions.ts:747,format-marks-mismatch,Assertion-Reasoning carrying 2 marks (objective items are 1 mark),,script,LT-authored(predicted)
2026-POLY-AR-03X,predicted,polynomials,lazytopper/src/data/predictedQuestions.ts:1218,format-marks-mismatch,Assertion-Reasoning carrying 2 marks (objective items are 1 mark),,script,LT-authored(predicted)
PL2-016,bank,polynomials,lazytopper/src/data/questionBanks/class10/maths/polynomials.pack2.ts:330,format-marks-mismatch,MCQ carrying 3 marks (objective items are 1 mark),,script,LT-authored(AI pack)
PL2-038,bank,polynomials,lazytopper/src/data/questionBanks/class10/maths/polynomials.pack2.ts:750,format-marks-mismatch,Long carrying 3 marks,,script,LT-authored(AI pack)
PL2-044,bank,polynomials,lazytopper/src/data/questionBanks/class10/maths/polynomials.pack2.ts:856,format-marks-mismatch,MCQ carrying 3 marks (objective items are 1 mark),,script,LT-authored(AI pack)
2026-POLY-CASE-08,predicted,polynomials,lazytopper/src/data/predictedQuestions.ts:2224,syllabus,Complete factorisation of cubic x^3-6x^2+11x-6 requires factor theorem/division -- OUT for 2026-27,Remove or use quadratic,agent:polynomials (medium),LT-authored(predicted)
CFPQ-M-POLY-001,bank,polynomials,lazytopper/src/data/questionBanks/class10/maths/polynomials.cfpq.ts:192,syllabus,Uses remainder on division by (x-3) (remainder theorem) -- division OUT for 2026-27,Review,agent:polynomials (uncertain),official(cfpq)
CFPQ-M-POLY-013,bank,polynomials,lazytopper/src/data/questionBanks/class10/maths/polynomials.cfpq.ts:432,syllabus,Requires dividing/factorising a cubic after factor theorem -- division algorithm OUT for 2026-27 (though CBSE CFPQ),Review,agent:polynomials (uncertain),official(cfpq)
CFPQ-M-POLY-014,bank,polynomials,lazytopper/src/data/questionBanks/class10/maths/polynomials.cfpq.ts:458,syllabus,Requires dividing cubic by (x-2) to get quotient -- division algorithm OUT for 2026-27 (though CBSE CFPQ),Review,agent:polynomials (uncertain),official(cfpq)
PL2-R10,bank,polynomials,lazytopper/src/data/questionBanks/class10/maths/polynomials.pack2.ts:1057,syllabus,Asks sum and product of all zeroes of a cubic -- cubic zero-coefficient relation is OUT for 2026-27,Remove or restrict to quadratic,agent:polynomials (high),LT-authored(AI pack)
POLY-H05,bank,polynomials,lazytopper/src/data/questionBanks/class10/maths/polynomials.pack1.ts:550,syllabus,Uses remainder/factor theorem on a cubic (division) -- division algorithm out of 2026-27 Class 10 syllabus; Class 9 content,Remove from Class 10 bank,agent:polynomials (medium),LT-authored(AI pack)
2026-POLY-AR-03,predicted,polynomials,lazytopper/src/data/predictedQuestions.ts:747,tagging,Assertion-Reason row tagged marks 2 / section B; CBSE A-R items are 1-mark Section A,"marks 1, section A",agent:misc (high),LT-authored(predicted)
2026-POLY-AR-03X,predicted,polynomials,lazytopper/src/data/predictedQuestions.ts:1218,tagging,Assertion-Reason row tagged marks 2 / section B; CBSE A-R items are 1-mark Section A,"marks 1, section A",agent:misc (high),LT-authored(predicted)
BX-POLY-D-011,bank,polynomials,lazytopper/src/data/questionBanks/class10/maths/polynomials.expand.longD.ts:143,tagging,Short standard derivation (alpha^2+beta^2) tagged 5-mark Long,2-3 marks,agent:polynomials (medium),LT-authored(expand.longD)
BX-POLY-D-013,bank,polynomials,lazytopper/src/data/questionBanks/class10/maths/polynomials.expand.longD.ts:169,tagging,Two-line derivation 1/alpha+1/beta=-b/c tagged 5-mark Long,2 marks,agent:polynomials (medium),LT-authored(expand.longD)
BX-POLY-D-015,bank,polynomials,lazytopper/src/data/questionBanks/class10/maths/polynomials.expand.longD.ts:195,tagging,Short derivation tagged 5-mark Long,3 marks,agent:polynomials (medium),LT-authored(expand.longD)
PL2-016,bank,polynomials,lazytopper/src/data/questionBanks/class10/maths/polynomials.pack2.ts:330,tagging,1-mark recall MCQ tagged 3 marks / Section C,"marks 1, sec A",agent:polynomials (high),LT-authored(AI pack)
PL2-044,bank,polynomials,lazytopper/src/data/questionBanks/class10/maths/polynomials.pack2.ts:856,tagging,1-mark MCQ tagged 3 marks / Section C,"marks 1, sec A",agent:polynomials (high),LT-authored(AI pack)
POLY-H07-R,bank,polynomials,lazytopper/src/data/questionBanks/class10/maths/polynomials.pack1.ts:693,tagging,Short derivation alpha/beta+beta/alpha tagged 5-mark Long,3 marks,agent:polynomials (medium),LT-authored(AI pack)
POLY-N-NCERT-2-LA-002,bank,polynomials,lazytopper/src/data/questionBanks/class10/maths/polynomials.ncert.ts:138,tagging,Find zeroes of 3x^2-x-4 and verify relationship -- standard 2/3-mark item tagged 5-mark Long,"3 marks, Section C",agent:polynomials (medium),official(ncert)
poly-hpq-2,hpq,polynomials,lazytopper/src/data/highlyProbableQuestions.ts:1285,tagging,Sum and product of zeroes of 2x^2-5x+3 (direct formula) tagged 3 marks,1-2 marks,agent:polynomials (uncertain),LT-authored(hpq)
PR2-004,bank,probability,lazytopper/src/data/questionBanks/class10/maths/probability.pack2.ts:95,format-marks-mismatch,MCQ carrying 2 marks (objective items are 1 mark),,script,LT-authored(AI pack)
PR2-008,bank,probability,lazytopper/src/data/questionBanks/class10/maths/probability.pack2.ts:206,format-marks-mismatch,MCQ carrying 2 marks (objective items are 1 mark),,script,LT-authored(AI pack)
PR2-009,bank,probability,lazytopper/src/data/questionBanks/class10/maths/probability.pack2.ts:237,format-marks-mismatch,MCQ carrying 2 marks (objective items are 1 mark),,script,LT-authored(AI pack)
PR2-013,bank,probability,lazytopper/src/data/questionBanks/class10/maths/probability.pack2.ts:343,format-marks-mismatch,MCQ carrying 3 marks (objective items are 1 mark),,script,LT-authored(AI pack)
PR2-015,bank,probability,lazytopper/src/data/questionBanks/class10/maths/probability.pack2.ts:399,format-marks-mismatch,Assertion-Reasoning carrying 3 marks (objective items are 1 mark),,script,LT-authored(AI pack)
PR2-016,bank,probability,lazytopper/src/data/questionBanks/class10/maths/probability.pack2.ts:430,format-marks-mismatch,Assertion-Reasoning carrying 3 marks (objective items are 1 mark),,script,LT-authored(AI pack)
PR2-017,bank,probability,lazytopper/src/data/questionBanks/class10/maths/probability.pack2.ts:461,format-marks-mismatch,Assertion-Reasoning carrying 3 marks (objective items are 1 mark),,script,LT-authored(AI pack)
PR2-023,bank,probability,lazytopper/src/data/questionBanks/class10/maths/probability.pack2.ts:629,format-marks-mismatch,MCQ carrying 2 marks (objective items are 1 mark),,script,LT-authored(AI pack)
PR2-029,bank,probability,lazytopper/src/data/questionBanks/class10/maths/probability.pack2.ts:812,format-marks-mismatch,Assertion-Reasoning carrying 2 marks (objective items are 1 mark),,script,LT-authored(AI pack)
PR2-030,bank,probability,lazytopper/src/data/questionBanks/class10/maths/probability.pack2.ts:845,format-marks-mismatch,MCQ carrying 2 marks (objective items are 1 mark),,script,LT-authored(AI pack)
PR2-034,bank,probability,lazytopper/src/data/questionBanks/class10/maths/probability.pack2.ts:926,format-marks-mismatch,MCQ carrying 2 marks (objective items are 1 mark),,script,LT-authored(AI pack)
PR2-035,bank,probability,lazytopper/src/data/questionBanks/class10/maths/probability.pack2.ts:957,format-marks-mismatch,MCQ carrying 2 marks (objective items are 1 mark),,script,LT-authored(AI pack)
PR2-036,bank,probability,lazytopper/src/data/questionBanks/class10/maths/probability.pack2.ts:988,format-marks-mismatch,Assertion-Reasoning carrying 3 marks (objective items are 1 mark),,script,LT-authored(AI pack)
PR2-038,bank,probability,lazytopper/src/data/questionBanks/class10/maths/probability.pack2.ts:1046,format-marks-mismatch,MCQ carrying 3 marks (objective items are 1 mark),,script,LT-authored(AI pack)
PR2-041,bank,probability,lazytopper/src/data/questionBanks/class10/maths/probability.pack2.ts:1103,format-marks-mismatch,Assertion-Reasoning carrying 3 marks (objective items are 1 mark),,script,LT-authored(AI pack)
PR2-019,bank,probability,lazytopper/src/data/questionBanks/class10/maths/probability.pack2.ts:516,limit,"Two tickets without replacement = compound/dependent probability, beyond 'simple problems' on a single event",Retire or rewrite as single-draw problem,agent:probability (medium),LT-authored(AI pack)
PR2-020,bank,probability,lazytopper/src/data/questionBanks/class10/maths/probability.pack2.ts:544,limit,"(iii) both boys on two successive draws without replacement = compound probability (multiplication rule), beyond 'simple problems'",Retire part (iii) or rewrite,agent:probability (medium),LT-authored(AI pack)
PROB-N-EXEM-14-CB-001,bank,probability,lazytopper/src/data/questionBanks/class10/maths/probability.exemplar.ts:165,limit,"Explicit conditional probability ('Given that the first bulb is defective...', 'conditional on the first event') is Class 12 content, beyond 'simple problems'; also unlikely to be genuine Exemplar text",Retire or rewrite as single-draw problem,agent:probability (medium),official(exemplar)
PYQ-M-2025-PROB-007,bank,probability,lazytopper/src/data/questionBanks/class10/maths/probability.pyq2025.ts:58,other-chapter,"Solving x+2y=240, 3x-y=20 for counts of balls; no probability involved","pair-of-linear-equations (x=40, y=100)",agent:probability (high),official(pyq2025)
PR2-004,bank,probability,lazytopper/src/data/questionBanks/class10/maths/probability.pack2.ts:95,tagging,MCQ item tagged 2 marks / Section B; objective MCQ/A-R items are 1-mark Section A,"marks=1, sec=A",agent:probability (high),LT-authored(AI pack)
PR2-008,bank,probability,lazytopper/src/data/questionBanks/class10/maths/probability.pack2.ts:206,tagging,MCQ item tagged 2 marks / Section B; objective MCQ/A-R items are 1-mark Section A,"marks=1, sec=A",agent:probability (high),LT-authored(AI pack)
PR2-009,bank,probability,lazytopper/src/data/questionBanks/class10/maths/probability.pack2.ts:237,tagging,MCQ item tagged 2 marks / Section B; objective MCQ/A-R items are 1-mark Section A,"marks=1, sec=A",agent:probability (high),LT-authored(AI pack)
PR2-013,bank,probability,lazytopper/src/data/questionBanks/class10/maths/probability.pack2.ts:343,tagging,MCQ item tagged 3 marks / Section C; objective MCQ/A-R items are 1-mark Section A,"marks=1, sec=A",agent:probability (high),LT-authored(AI pack)
PR2-015,bank,probability,lazytopper/src/data/questionBanks/class10/maths/probability.pack2.ts:399,tagging,Assertion-Reasoning item tagged 3 marks / Section C; objective MCQ/A-R items are 1-mark Section A,"marks=1, sec=A",agent:probability (high),LT-authored(AI pack)
PR2-016,bank,probability,lazytopper/src/data/questionBanks/class10/maths/probability.pack2.ts:430,tagging,Assertion-Reasoning item tagged 3 marks / Section C; objective MCQ/A-R items are 1-mark Section A,"marks=1, sec=A",agent:probability (high),LT-authored(AI pack)
PR2-017,bank,probability,lazytopper/src/data/questionBanks/class10/maths/probability.pack2.ts:461,tagging,Assertion-Reasoning item tagged 3 marks / Section C; objective MCQ/A-R items are 1-mark Section A,"marks=1, sec=A",agent:probability (high),LT-authored(AI pack)
PR2-023,bank,probability,lazytopper/src/data/questionBanks/class10/maths/probability.pack2.ts:629,tagging,MCQ item tagged 2 marks / Section B; objective MCQ/A-R items are 1-mark Section A,"marks=1, sec=A",agent:probability (high),LT-authored(AI pack)
PR2-029,bank,probability,lazytopper/src/data/questionBanks/class10/maths/probability.pack2.ts:812,tagging,Assertion-Reasoning item tagged 2 marks / Section B; objective MCQ/A-R items are 1-mark Section A,"marks=1, sec=A",agent:probability (high),LT-authored(AI pack)
PR2-030,bank,probability,lazytopper/src/data/questionBanks/class10/maths/probability.pack2.ts:845,tagging,MCQ item tagged 2 marks / Section B; objective MCQ/A-R items are 1-mark Section A,"marks=1, sec=A",agent:probability (high),LT-authored(AI pack)
PR2-034,bank,probability,lazytopper/src/data/questionBanks/class10/maths/probability.pack2.ts:926,tagging,MCQ item tagged 2 marks / Section B; objective MCQ/A-R items are 1-mark Section A,"marks=1, sec=A",agent:probability (high),LT-authored(AI pack)
PR2-035,bank,probability,lazytopper/src/data/questionBanks/class10/maths/probability.pack2.ts:957,tagging,MCQ item tagged 2 marks / Section B; objective MCQ/A-R items are 1-mark Section A,"marks=1, sec=A",agent:probability (high),LT-authored(AI pack)
PR2-036,bank,probability,lazytopper/src/data/questionBanks/class10/maths/probability.pack2.ts:988,tagging,Assertion-Reasoning item tagged 3 marks / Section C; objective MCQ/A-R items are 1-mark Section A,"marks=1, sec=A",agent:probability (high),LT-authored(AI pack)
PR2-038,bank,probability,lazytopper/src/data/questionBanks/class10/maths/probability.pack2.ts:1046,tagging,MCQ item tagged 3 marks / Section C; objective MCQ/A-R items are 1-mark Section A,"marks=1, sec=A",agent:probability (high),LT-authored(AI pack)
PR2-039,bank,probability,lazytopper/src/data/questionBanks/class10/maths/probability.pack2.ts:1078,tagging,One-line recall (vowels 5/26) tagged 3 marks Section C,1-2 marks,agent:probability (uncertain),LT-authored(AI pack)
PR2-041,bank,probability,lazytopper/src/data/questionBanks/class10/maths/probability.pack2.ts:1103,tagging,Assertion-Reasoning item tagged 3 marks / Section C; objective MCQ/A-R items are 1-mark Section A,"marks=1, sec=A",agent:probability (high),LT-authored(AI pack)
prob-hpq-104,hpq,probability,lazytopper/src/data/highlyProbableQuestions.ts:713,tagging,Single sum-of-8 count (1-line answer 5/36) tagged 3 marks Section C,2 marks Section B (or 1 mark),agent:probability (uncertain),LT-authored(hpq)
2026-QE-AR-05,predicted,quadratic-equations,lazytopper/src/data/predictedQuestions.ts:821,format-marks-mismatch,Assertion-Reasoning carrying 2 marks (objective items are 1 mark),,script,LT-authored(predicted)
QE2-007,bank,quadratic-equations,lazytopper/src/data/questionBanks/class10/maths/quadraticEquations.pack2.ts:184,format-marks-mismatch,MCQ carrying 2 marks (objective items are 1 mark),,script,LT-authored(AI pack)
QE2-008,bank,quadratic-equations,lazytopper/src/data/questionBanks/class10/maths/quadraticEquations.pack2.ts:215,format-marks-mismatch,MCQ carrying 2 marks (objective items are 1 mark),,script,LT-authored(AI pack)
QE2-010,bank,quadratic-equations,lazytopper/src/data/questionBanks/class10/maths/quadraticEquations.pack2.ts:275,format-marks-mismatch,MCQ carrying 2 marks (objective items are 1 mark),,script,LT-authored(AI pack)
QE2-011,bank,quadratic-equations,lazytopper/src/data/questionBanks/class10/maths/quadraticEquations.pack2.ts:305,format-marks-mismatch,MCQ carrying 2 marks (objective items are 1 mark),,script,LT-authored(AI pack)
QE2-012,bank,quadratic-equations,lazytopper/src/data/questionBanks/class10/maths/quadraticEquations.pack2.ts:336,format-marks-mismatch,MCQ carrying 3 marks (objective items are 1 mark),,script,LT-authored(AI pack)
QE2-025,bank,quadratic-equations,lazytopper/src/data/questionBanks/class10/maths/quadraticEquations.pack2.ts:690,format-marks-mismatch,Assertion-Reasoning carrying 2 marks (objective items are 1 mark),,script,LT-authored(AI pack)
QE2-026,bank,quadratic-equations,lazytopper/src/data/questionBanks/class10/maths/quadraticEquations.pack2.ts:720,format-marks-mismatch,Assertion-Reasoning carrying 2 marks (objective items are 1 mark),,script,LT-authored(AI pack)
QE2-027,bank,quadratic-equations,lazytopper/src/data/questionBanks/class10/maths/quadraticEquations.pack2.ts:750,format-marks-mismatch,Assertion-Reasoning carrying 3 marks (objective items are 1 mark),,script,LT-authored(AI pack)
QE2-028,bank,quadratic-equations,lazytopper/src/data/questionBanks/class10/maths/quadraticEquations.pack2.ts:781,format-marks-mismatch,Assertion-Reasoning carrying 3 marks (objective items are 1 mark),,script,LT-authored(AI pack)
QE2-037,bank,quadratic-equations,lazytopper/src/data/questionBanks/class10/maths/quadraticEquations.pack2.ts:1046,format-marks-mismatch,MCQ carrying 2 marks (objective items are 1 mark),,script,LT-authored(AI pack)
QE2-045,bank,quadratic-equations,lazytopper/src/data/questionBanks/class10/maths/quadraticEquations.pack2.ts:1281,format-marks-mismatch,MCQ carrying 2 marks (objective items are 1 mark),,script,LT-authored(AI pack)
2026-QE-MCQ-08,predicted,quadratic-equations,lazytopper/src/data/predictedQuestions.ts:1669,other-chapter,Product of roots = c/a is Polynomials content.,polynomials,agent:quadratic-equations (uncertain),LT-authored(predicted)
2026-QE-SA-05,predicted,quadratic-equations,lazytopper/src/data/predictedQuestions.ts:1292,other-chapter,"alpha+beta, alpha*beta, alpha^2+beta^2 is Polynomials zeroes-coefficient content.",polynomials,agent:quadratic-equations (uncertain),LT-authored(predicted)
QE-E15,bank,quadratic-equations,lazytopper/src/data/questionBanks/class10/maths/quadraticEquations.pack1.ts:68,other-chapter,"Relation sum of roots = -b/a (zeroes-coefficient relation) is taught in Polynomials in 2026-27, not in the QE chapter.",polynomials,agent:quadratic-equations (uncertain),LT-authored(AI pack)
QE-E19,bank,quadratic-equations,lazytopper/src/data/questionBanks/class10/maths/quadraticEquations.pack1.ts:94,other-chapter,Product of roots = c/a is the Polynomials zeroes-coefficient relation.,polynomials,agent:quadratic-equations (uncertain),LT-authored(AI pack)
QE2-012,bank,quadratic-equations,lazytopper/src/data/questionBanks/class10/maths/quadraticEquations.pack2.ts:336,other-chapter,Sum of roots via Vieta is Polynomials content.,polynomials,agent:quadratic-equations (uncertain),LT-authored(AI pack)
QE2-022,bank,quadratic-equations,lazytopper/src/data/questionBanks/class10/maths/quadraticEquations.pack2.ts:606,other-chapter,alpha^2+beta^2 via sum/product of roots is Polynomials (zeroes-coefficient relation) content.,polynomials,agent:quadratic-equations (uncertain),LT-authored(AI pack)
QE2-027,bank,quadratic-equations,lazytopper/src/data/questionBanks/class10/maths/quadraticEquations.pack2.ts:750,other-chapter,Sum of roots = -b/a is Polynomials content (key c itself is correct).,polynomials,agent:quadratic-equations (uncertain),LT-authored(AI pack)
2026-QE-AR-05,predicted,quadratic-equations,lazytopper/src/data/predictedQuestions.ts:821,syllabus,"non-real roots (OUT) :: …no real roots. Reason (R): If D=b²−4ac<0, the quadratic has complex (non-real) roots.…","FIX (LT-authored) — Reason says ""complex (non-real) roots""; rephrase to ""no real roots"" (low)",script+manual review,LT-authored(predicted)
QE2-026,bank,quadratic-equations,lazytopper/src/data/questionBanks/class10/maths/quadraticEquations.pack2.ts:720,syllabus,"Assertion is phrased in terms of 'imaginary' roots; 2026-27 limits QE to real roots, complex/non-real roots are OUT.",Rephrase as 'no real roots'.,agent:quadratic-equations (medium),LT-authored(AI pack)
QE2-026,bank,quadratic-equations,lazytopper/src/data/questionBanks/class10/maths/quadraticEquations.pack2.ts:720,syllabus,"non-real roots (OUT) :: …Assertion (A): If discriminant < 0, roots are imaginary. Reason (R): For x² + x + 1 = 0, Δ = -3.…","FIX (LT-authored) — says roots are ""imaginary""; 2026-27 is real roots only: rephrase to ""no real roots"" (medium)",script+manual review,LT-authored(AI pack)
QE2-036,bank,quadratic-equations,lazytopper/src/data/questionBanks/class10/maths/quadraticEquations.pack2.ts:1015,syllabus,Part (iv) asks 'when are roots imaginary'; non-real/complex roots are OUT for 2026-27 (real roots only).,Rephrase (iv) as 'no real roots: k < -1/2'.,agent:quadratic-equations (medium),LT-authored(AI pack)
QE2-036,bank,quadratic-equations,lazytopper/src/data/questionBanks/class10/maths/quadraticEquations.pack2.ts:1015,syllabus,non-real roots (OUT) :: …are roots real and distinct? (iv) Comment on when roots are imaginary…,"FIX (LT-authored) — part (iv) asks when roots are ""imaginary""; rephrase to ""no real roots"" (medium)",script+manual review,LT-authored(AI pack)
Z3-QE-001,bank,quadratic-equations,lazytopper/src/data/questionBanks/class10/maths/competency.z3.ts:179,syllabus,Treats quadratic as a profit function and asks profit at points; stem says capacity up to 300 cars but (iv) uses 400 and break-even 330>300 (internal inconsistency). Function-modelling framing is beyond Class 10 QE.,Restrict to solving P(x)=0 within capacity; fix capacity/part (iv).,agent:quadratic-equations (uncertain),transcribed-third-party(z3)
Z3-QE-002,bank,quadratic-equations,lazytopper/src/data/questionBanks/class10/maths/competency.z3.ts:185,syllabus,Part (iv) maximum height (vertex of parabola) and (iii) parabolic symmetry are beyond Class 10 QE scope.,Drop (iii)/(iv) or rephrase as equal-roots condition.,agent:quadratic-equations (medium),transcribed-third-party(z3)
Z3-QE-003,bank,quadratic-equations,lazytopper/src/data/questionBanks/class10/maths/competency.z3.ts:196,syllabus,"Maximising a quadratic function (vertex, intercepts of graph) is beyond Class 10 QE (2026-27: real roots by factorisation/formula, discriminant, situational problems).",Remove or restrict to solving P(x)=k.,agent:quadratic-equations (medium),transcribed-third-party(z3)
Z3-QE-005,bank,quadratic-equations,lazytopper/src/data/questionBanks/class10/maths/competency.z3.ts:208,syllabus,Maximum enclosed area (optimisation of a quadratic) is not in Class 10 2026-27 QE syllabus.,Remove or convert to 'find dimensions for a given area'.,agent:quadratic-equations (medium),transcribed-third-party(z3)
Z3-QE-006,bank,quadratic-equations,lazytopper/src/data/questionBanks/class10/maths/competency.z3.ts:214,syllabus,Maximum area with partitions (optimisation) is not in Class 10 2026-27 QE syllabus.,Remove or convert to fixed-area problem.,agent:quadratic-equations (medium),transcribed-third-party(z3)
qe-comp-01,hpq,quadratic-equations,lazytopper/src/data/hpqCompetencyAdditions.ts:792,syllabus,"Parts (a)/(b) need maximum of a quadratic (vertex / completing the square), not a Class 10 method; only (c),(d) are within Quadratic Equations",Drop (a)/(b) or reframe via symmetry of roots,agent:misc (uncertain),LT-authored(hpq)
qe-comp-01,hpq,quadratic-equations,lazytopper/src/data/hpqCompetencyAdditions.ts:792,syllabus,"Parts (a),(b) ask time of maximum height and maximum height (vertex); beyond Class 10 scope unless via equal-roots trick in (d).","Keep (c),(d); drop or reframe (a),(b).",agent:quadratic-equations (uncertain),LT-authored(hpq)
2026-QE-AR-05,predicted,quadratic-equations,lazytopper/src/data/predictedQuestions.ts:821,tagging,Assertion-Reason row tagged marks 2 / section B; CBSE A-R items are 1-mark Section A,"marks 1, section A",agent:misc (high),LT-authored(predicted)
2026-QE-LA-02,predicted,quadratic-equations,lazytopper/src/data/predictedQuestions.ts:245,tagging,x(x+1)=156 tagged 5 marks / Section D; CBSE weight 2 marks.,"2 marks, Section B",agent:quadratic-equations (medium),LT-authored(predicted)
BX-QUAD-D-001,bank,quadratic-equations,lazytopper/src/data/questionBanks/class10/maths/quadraticEquations.expand.longD.ts:9,tagging,Consecutive odd integers product 483 tagged 5 marks / Section D; CBSE weight 2-3 marks.,2-3 marks,agent:quadratic-equations (medium),LT-authored(expand.longD)
BX-QUAD-D-008,bank,quadratic-equations,lazytopper/src/data/questionBanks/class10/maths/quadraticEquations.expand.longD.ts:51,tagging,x^2+x=42 age problem tagged 5 marks / Section D; CBSE weight 2-3 marks.,2-3 marks,agent:quadratic-equations (medium),LT-authored(expand.longD)
BX-QUAD-D-010,bank,quadratic-equations,lazytopper/src/data/questionBanks/class10/maths/quadraticEquations.expand.longD.ts:65,tagging,Simple rectangle area problem (x(x+5)=84) tagged 5 marks / Section D; CBSE weight 2-3 marks.,"2-3 marks, Section B/C",agent:quadratic-equations (medium),LT-authored(expand.longD)
BX-QUAD-D-020,bank,quadratic-equations,lazytopper/src/data/questionBanks/class10/maths/quadraticEquations.expand.longD.ts:121,tagging,Single-step 'n^2 = n + 30' problem tagged 5 marks / Section D; CBSE weight ~2 marks.,"2 marks, Section B",agent:quadratic-equations (medium),LT-authored(expand.longD)
QE2-007,bank,quadratic-equations,lazytopper/src/data/questionBanks/class10/maths/quadraticEquations.pack2.ts:184,tagging,MCQ tagged 2 marks / Section B.,"1 mark, Section A",agent:quadratic-equations (high),LT-authored(AI pack)
QE2-008,bank,quadratic-equations,lazytopper/src/data/questionBanks/class10/maths/quadraticEquations.pack2.ts:215,tagging,MCQ tagged 2 marks / Section B.,"1 mark, Section A",agent:quadratic-equations (high),LT-authored(AI pack)
QE2-010,bank,quadratic-equations,lazytopper/src/data/questionBanks/class10/maths/quadraticEquations.pack2.ts:275,tagging,MCQ (1-line recall) tagged 2 marks / Section B.,"1 mark, Section A",agent:quadratic-equations (high),LT-authored(AI pack)
QE2-011,bank,quadratic-equations,lazytopper/src/data/questionBanks/class10/maths/quadraticEquations.pack2.ts:305,tagging,MCQ tagged 2 marks / Section B.,"1 mark, Section A",agent:quadratic-equations (high),LT-authored(AI pack)
QE2-012,bank,quadratic-equations,lazytopper/src/data/questionBanks/class10/maths/quadraticEquations.pack2.ts:336,tagging,MCQ tagged 3 marks / Section C.,"1 mark, Section A",agent:quadratic-equations (high),LT-authored(AI pack)
QE2-025,bank,quadratic-equations,lazytopper/src/data/questionBanks/class10/maths/quadraticEquations.pack2.ts:690,tagging,Assertion-Reason tagged 2 marks / Section B.,"1 mark, Section A",agent:quadratic-equations (high),LT-authored(AI pack)
QE2-026,bank,quadratic-equations,lazytopper/src/data/questionBanks/class10/maths/quadraticEquations.pack2.ts:720,tagging,Assertion-Reason tagged 2 marks / Section B.,"1 mark, Section A",agent:quadratic-equations (high),LT-authored(AI pack)
QE2-027,bank,quadratic-equations,lazytopper/src/data/questionBanks/class10/maths/quadraticEquations.pack2.ts:750,tagging,Assertion-Reason tagged 3 marks / Section C.,"1 mark, Section A",agent:quadratic-equations (high),LT-authored(AI pack)
QE2-028,bank,quadratic-equations,lazytopper/src/data/questionBanks/class10/maths/quadraticEquations.pack2.ts:781,tagging,Assertion-Reason tagged 3 marks / Section C.,"1 mark, Section A",agent:quadratic-equations (high),LT-authored(AI pack)
QE2-030,bank,quadratic-equations,lazytopper/src/data/questionBanks/class10/maths/quadraticEquations.pack2.ts:840,tagging,Number + reciprocal = 13/6 tagged 5 marks / Section D; CBSE weight 2-3 marks.,2-3 marks,agent:quadratic-equations (medium),LT-authored(AI pack)
QE2-037,bank,quadratic-equations,lazytopper/src/data/questionBanks/class10/maths/quadraticEquations.pack2.ts:1046,tagging,MCQ tagged 2 marks / Section B.,"1 mark, Section A",agent:quadratic-equations (high),LT-authored(AI pack)
QE2-045,bank,quadratic-equations,lazytopper/src/data/questionBanks/class10/maths/quadraticEquations.pack2.ts:1281,tagging,MCQ tagged 2 marks / Section B.,"1 mark, Section A",agent:quadratic-equations (high),LT-authored(AI pack)
APQ-M-RN-002,bank,real-numbers,lazytopper/src/data/questionBanks/class10/maths/real-numbers.additionalPQ.ts:25,syllabus,Requires proving √6 irrational (square root of a composite) - composite-surd irrationality proofs are OUT for 2026-27 per syllabus block,Retire or restrict to a counter-example without proof; note official additional-practice origin,agent:real-numbers (medium),official(additionalPQ)
RN-M12,bank,real-numbers,lazytopper/src/data/questionBanks/class10/maths/realNumbers.pack1.ts:310,syllabus,A-R asserts irrationality of √3+√5 (sum of two surds) - composite/sum-of-surds irrationality is OUT for 2026-27 per syllabus block,Replace with an in-scope surd expression e.g. 5+2√3 or 3√2,agent:real-numbers (medium),LT-authored(AI pack)
RN-M15,bank,real-numbers,lazytopper/src/data/questionBanks/class10/maths/realNumbers.pack1.ts:337,syllabus,A-R asserts irrationality of √2+√3 (√p+√q form) - OUT for 2026-27 per syllabus block,Replace with in-scope expression e.g. 3+2√5,agent:real-numbers (medium),LT-authored(AI pack)
RN2-041,bank,real-numbers,lazytopper/src/data/questionBanks/class10/maths/realNumbers.pack2.ts:838,syllabus,A-R asserts irrationality of √5+√2 (√p+√q form) - OUT for 2026-27 per syllabus block,Replace with in-scope expression e.g. 6−√7,agent:real-numbers (medium),LT-authored(AI pack)
RN2-042,bank,real-numbers,lazytopper/src/data/questionBanks/class10/maths/realNumbers.pack2.ts:869,tagging,Single-formula HCF×LCM item (other number from HCF/LCM) tagged 5-mark Long Answer Section D; CBSE weight is 2-3 marks,Retag 3 marks Section C (or 2 marks B),agent:real-numbers (uncertain),LT-authored(AI pack)
2026-STAT-AR-03,predicted,statistics,lazytopper/src/data/predictedQuestions.ts:1018,format-marks-mismatch,Assertion-Reasoning carrying 2 marks (objective items are 1 mark),,script,LT-authored(predicted)
ST2-028,bank,statistics,lazytopper/src/data/questionBanks/class10/maths/statistics.pack2.ts:607,format-marks-mismatch,MCQ carrying 2 marks (objective items are 1 mark),,script,LT-authored(AI pack)
ST2-031,bank,statistics,lazytopper/src/data/questionBanks/class10/maths/statistics.pack2.ts:699,format-marks-mismatch,MCQ carrying 2 marks (objective items are 1 mark),,script,LT-authored(AI pack)
STAT-H10,bank,statistics,lazytopper/src/data/questionBanks/class10/maths/statistics.pack1.ts:216,syllabus,Asks to 'comment on the skewness' (negatively skewed) — skewness is not part of CBSE Class 10 2026-27 Statistics,Drop the skewness part; keep median = 16 via empirical relation,agent:statistics (medium),LT-authored(AI pack)
2026-STAT-AR-03,predicted,statistics,lazytopper/src/data/predictedQuestions.ts:1018,tagging,Assertion-Reason row tagged marks 2 / section B; CBSE A-R items are 1-mark Section A,"marks 1, section A",agent:misc (high),LT-authored(predicted)
2026-STAT-AR-11,predicted,statistics,lazytopper/src/data/predictedQuestions.ts:2037,tagging,"subtopic ""Mean (Step Deviation)"" but question is about mode/modal class",Mode (Grouped Data),agent:misc (high),LT-authored(predicted)
2026-STAT-CASE-01,predicted,statistics,lazytopper/src/data/predictedQuestions.ts:643,tagging,"Mean/median/mode of 5 ungrouped numbers tagged Case-Based 4 marks Section E — no case, trivial recall",2-mark Short (Section B) or re-author as case,agent:statistics (medium),LT-authored(predicted)
ST2-028,bank,statistics,lazytopper/src/data/questionBanks/class10/maths/statistics.pack2.ts:607,tagging,One-line MCQ (meaning of cf) tagged 2 marks / Section B,"1 mark, Section A",agent:statistics (high),LT-authored(AI pack)
ST2-031,bank,statistics,lazytopper/src/data/questionBanks/class10/maths/statistics.pack2.ts:699,tagging,One-line MCQ (meaning of f1−f0) tagged 2 marks / Section B,"1 mark, Section A",agent:statistics (high),LT-authored(AI pack)
STAT-N-NCERT-13-VSA-001,bank,statistics,lazytopper/src/data/questionBanks/class10/maths/statistics.ncert.ts:69,tagging,One-line class-mark recall tagged 2 marks / Section B,1 mark,agent:statistics (medium),official(ncert)
SAV2-028,bank,surface-areas-and-volumes,lazytopper/src/data/questionBanks/class10/maths/surfaceAreasVolumes.pack2.ts:354,format-marks-mismatch,MCQ carrying 2 marks (objective items are 1 mark),,script,LT-authored(AI pack)
SAV2-029,bank,surface-areas-and-volumes,lazytopper/src/data/questionBanks/class10/maths/surfaceAreasVolumes.pack2.ts:386,format-marks-mismatch,Assertion-Reasoning carrying 2 marks (objective items are 1 mark),,script,LT-authored(AI pack)
SAV2-044,bank,surface-areas-and-volumes,lazytopper/src/data/questionBanks/class10/maths/surfaceAreasVolumes.pack2.ts:480,format-marks-mismatch,MCQ carrying 2 marks (objective items are 1 mark),,script,LT-authored(AI pack)
PYQ-M-2025-SAV-006,bank,surface-areas-and-volumes,lazytopper/src/data/questionBanks/class10/maths/surface-areas-and-volumes.pyq2025.ts:47,limit,"Rolling pin = three cylinders joined (limit: at most two solids). Official PYQ, so likely acceptable.",Note only,agent:surface-areas-and-volumes (uncertain),official(pyq2025)
SAV-M10,bank,surface-areas-and-volumes,lazytopper/src/data/questionBanks/class10/maths/surfaceAreasVolumes.pack1.ts:126,limit,"combination of >2 solids? mentions cone,cylinder,hemisphere :: A solid consisting of a right circular cone of height 120 cm and radius 60 cm standing on a hemisphere of radius 60 cm is placed upright in a right circular cylinder full of water such that it touches",LIMIT review — cone + hemisphere placed in a water-filled cylinder (three solids incl. container) (uncertain),script+manual review,LT-authored(AI pack)
APQ-M-SAV-004,bank,surface-areas-and-volumes,lazytopper/src/data/questionBanks/class10/maths/surface-areas-and-volumes.additionalPQ.ts:37,other-chapter,"OR alternative (two right triangles, sin 45°/cos 60°) is trigonometry, not this chapter.",introduction-to-trigonometry,agent:surface-areas-and-volumes (medium),official(additionalPQ)
SAV-E12,bank,surface-areas-and-volumes,lazytopper/src/data/questionBanks/class10/maths/surfaceAreasVolumes.pack1.ts:45,syllabus,Making small spheres from a larger sphere is melting/recasting (conversion of solids) — OUT for 2026-27.,Retire or rewrite as a non-conversion item,agent:surface-areas-and-volumes (medium),LT-authored(AI pack)
SAV-N-EXEM2-12-LA-010,bank,surface-areas-and-volumes,lazytopper/src/data/questionBanks/class10/maths/surfaceAreasAndVolumes.exemplar2.ts:142,syllabus,Same bowl-to-bottles conversion problem as SAV2P1-R02.,Review against 2026-27 scope,agent:surface-areas-and-volumes (uncertain),official(exemplar2)
SAV2-R06,bank,surface-areas-and-volumes,lazytopper/src/data/questionBanks/class10/maths/surfaceAreasVolumes.pack2.ts:635,syllabus,"Cistern/bricks absorption problem is from the deleted optional exercise (old 13.5); conversion-type, cuboid only.",Review against 2026-27 scope,agent:surface-areas-and-volumes (uncertain),LT-authored(AI pack)
SAV2P1-R02,bank,surface-areas-and-volumes,lazytopper/src/data/questionBanks/class10/maths/surfaceAreasVolumes.pack1.ts:243,syllabus,Transferring liquid from hemispherical bowl to cylindrical bottles is a conversion-of-volume problem (old NCERT 12.3-type).,Review against 2026-27 scope,agent:surface-areas-and-volumes (uncertain),LT-authored(AI pack)
Z3-SAV-004,bank,surface-areas-and-volumes,lazytopper/src/data/questionBanks/class10/maths/competency.z3.ts:686,syllabus,"conversion of solids (OUT) :: … of 4 cm rests on top of the cone. (i) If all the ice cream melts into the cone, will the cone overflow? Explain by comparin…",OUT review — melting ice-cream into cone is a conversion-of-solids idea (uncertain),script+manual review,transcribed-third-party(z3)
SAV2-028,bank,surface-areas-and-volumes,lazytopper/src/data/questionBanks/class10/maths/surfaceAreasVolumes.pack2.ts:354,tagging,MCQ tagged 2 marks / Section B.,"1 mark, Section A",agent:surface-areas-and-volumes (high),LT-authored(AI pack)
SAV2-029,bank,surface-areas-and-volumes,lazytopper/src/data/questionBanks/class10/maths/surfaceAreasVolumes.pack2.ts:386,tagging,Assertion-Reason tagged 2 marks / Section B.,"1 mark, Section A",agent:surface-areas-and-volumes (high),LT-authored(AI pack)
2026-TRI-AR-03,predicted,triangles,lazytopper/src/data/predictedQuestions.ts:1366,format-marks-mismatch,Assertion-Reasoning carrying 2 marks (objective items are 1 mark),,script,LT-authored(predicted)
TR3-059,bank,triangles,lazytopper/src/data/questionBanks/class10/maths/triangles.pack3.ts:1450,limit,Part (c) asks for an angle ≈ 41° (tan θ = √3/2) - heights & distances limited to 30/45/60° angles; non-standard angle needs tables/calculator.,Remove part (c) or change data to give a standard angle,agent:triangles (high),LT-authored(AI pack)
AR-TRI-009,bank,triangles,lazytopper/src/data/questionBanks/class10/maths/triangles.assertionReasoning.ts:283,other-chapter,"A-R is about RHS congruence of right triangles (Class 9 congruence), not Class 10 Triangles (similarity/BPT).",No Class 10 board chapter (Class 9 congruence) - retire or move,agent:triangles (medium),LT-authored(assertionReasoning)
CBE-M-TRI-B-004,bank,triangles,lazytopper/src/data/questionBanks/class10/maths/triangles.cbe.ts:182,other-chapter,"Tangent-length to find radius (OP² = OA² + PA², tangent ⊥ radius) - Circles chapter; tagged 'Tangent Perpendicular to Radius'.",circles (answer 12 cm correct),agent:triangles (high),official(cbe)
PB-M-2-TRI-A-002,bank,triangles,lazytopper/src/data/questionBanks/class10/maths/triangles.preboard.ts:82,other-chapter,"Triangle-inequality / construction feasibility is Class 7/9 content, not Class 10 Triangles (similarity/BPT).",No Class 10 board chapter - retire,agent:triangles (medium),transcribed-third-party(preboard)
PYQ-M-2024-TRI-003b,bank,triangles,lazytopper/src/data/questionBanks/class10/maths/triangles.pyq2024.ts:28,other-chapter,Median length from coordinates (midpoint + distance formula) - Coordinate Geometry.,coordinate-geometry,agent:triangles (high),official(pyq2024)
PYQ-M-2024-TRI-004a,bank,triangles,lazytopper/src/data/questionBanks/class10/maths/triangles.pyq2024.ts:35,other-chapter,Incircle radius of right triangle via tangent lengths - Circles chapter.,circles (r = 3 cm correct),agent:triangles (high),official(pyq2024)
PYQ-M-2026-TRI-002,bank,triangles,lazytopper/src/data/questionBanks/class10/maths/triangles.pyq2026.ts:20,other-chapter,Incircle radius of a right triangle using tangent lengths - Circles chapter.,circles (r = 3 cm),agent:triangles (high),official(pyq2026)
PYQ-M-2026-TRI-004,bank,triangles,lazytopper/src/data/questionBanks/class10/maths/triangles.pyq2026.ts:34,other-chapter,Section formula + distance formula - Coordinate Geometry.,coordinate-geometry,agent:triangles (high),official(pyq2026)
PYQ-M-TRI-006,bank,triangles,lazytopper/src/data/questionBanks/class10/maths/triangles.pyq.ts:56,other-chapter,"Case study asks coordinates of square vertices, area/diagonal from coordinates and section-formula ratio k - Coordinate Geometry.",coordinate-geometry,agent:triangles (high),official(pyq)
TR3-015,bank,triangles,lazytopper/src/data/questionBanks/class10/maths/triangles.pack3.ts:391,other-chapter,"Ladder making 60° with ground solved via sin 60° - this is trigonometry (heights and distances), not Triangles.",some-applications-of-trigonometry (answer 13√3/2 m is correct),agent:triangles (high),LT-authored(AI pack)
TR3-059,bank,triangles,lazytopper/src/data/questionBanks/class10/maths/triangles.pack3.ts:1450,other-chapter,"Height via 'device shows 60°' (50 tan 60°) and new angle via arctan - trigonometry/heights-and-distances, not Triangles.",some-applications-of-trigonometry,agent:triangles (high),LT-authored(AI pack)
TRI-N-NCERT-6-CB-002,bank,triangles,lazytopper/src/data/questionBanks/class10/maths/triangles.ncert.ts:213,syllabus,Pythagoras theorem (OUT as content) :: …e should the stake be driven so that the wire is taut? (Use Pythagoras.) (iv) If a second guy wire 30 m long is used from the same…,"WITHHOLD — built on NCERT Ex 6.5 (Pythagoras section, OUT as Triangles content) (medium)",script+manual review,official(ncert)
2026-TRI-AR-03,predicted,triangles,lazytopper/src/data/predictedQuestions.ts:1366,tagging,Assertion-Reason row tagged marks 2 / section B; CBSE A-R items are 1-mark Section A,"marks 1, section A",agent:misc (high),LT-authored(predicted)
APQ-M-TRI-008,bank,triangles,lazytopper/src/data/questionBanks/class10/maths/triangles.additionalPQ.ts:76,tagging,"5-mark Section D tagged, but subtopic 'Similarity — Right Triangle Area' and answer is only an area computation needing figure; marks cannot be checked without figure.",Verify marks against source,agent:triangles (uncertain),official(additionalPQ)
TR3-026,bank,triangles,lazytopper/src/data/questionBanks/class10/maths/triangles.pack3.ts:693,tagging,"Section E case-based tagged 4 marks has only two sub-parts ((i) EC, (ii) criterion) - not a CBSE case-study structure (3 parts, 1+1+2).",Add a third part or retag as 3-mark Section C,agent:triangles (medium),LT-authored(AI pack)
2026-TRIG-AR-06,predicted,trigonometry,lazytopper/src/data/predictedQuestions.ts:1393,format-marks-mismatch,Assertion-Reasoning carrying 2 marks (objective items are 1 mark),,script,LT-authored(predicted)
TG3-013,bank,trigonometry,lazytopper/src/data/questionBanks/class10/maths/trigonometry.pack3.ts:349,format-marks-mismatch,Assertion-Reasoning carrying 2 marks (objective items are 1 mark),,script,LT-authored(AI pack)
TG3-014,bank,trigonometry,lazytopper/src/data/questionBanks/class10/maths/trigonometry.pack3.ts:380,format-marks-mismatch,Assertion-Reasoning carrying 2 marks (objective items are 1 mark),,script,LT-authored(AI pack)
TG3-015,bank,trigonometry,lazytopper/src/data/questionBanks/class10/maths/trigonometry.pack3.ts:410,format-marks-mismatch,Assertion-Reasoning carrying 2 marks (objective items are 1 mark),,script,LT-authored(AI pack)
TG3-016,bank,trigonometry,lazytopper/src/data/questionBanks/class10/maths/trigonometry.pack3.ts:441,format-marks-mismatch,MCQ carrying 3 marks (objective items are 1 mark),,script,LT-authored(AI pack)
TG3-038,bank,trigonometry,lazytopper/src/data/questionBanks/class10/maths/trigonometry.pack3.ts:983,format-marks-mismatch,MCQ carrying 2 marks (objective items are 1 mark),,script,LT-authored(AI pack)
TG3-040,bank,trigonometry,lazytopper/src/data/questionBanks/class10/maths/trigonometry.pack3.ts:1038,format-marks-mismatch,MCQ carrying 2 marks (objective items are 1 mark),,script,LT-authored(AI pack)
TG3-042,bank,trigonometry,lazytopper/src/data/questionBanks/class10/maths/trigonometry.pack3.ts:1091,format-marks-mismatch,MCQ carrying 2 marks (objective items are 1 mark),,script,LT-authored(AI pack)
TG3-043,bank,trigonometry,lazytopper/src/data/questionBanks/class10/maths/trigonometry.pack3.ts:1123,format-marks-mismatch,MCQ carrying 2 marks (objective items are 1 mark),,script,LT-authored(AI pack)
TG3-044,bank,trigonometry,lazytopper/src/data/questionBanks/class10/maths/trigonometry.pack3.ts:1152,format-marks-mismatch,MCQ carrying 2 marks (objective items are 1 mark),,script,LT-authored(AI pack)
TG3-046,bank,trigonometry,lazytopper/src/data/questionBanks/class10/maths/trigonometry.pack3.ts:1208,format-marks-mismatch,Assertion-Reasoning carrying 3 marks (objective items are 1 mark),,script,LT-authored(AI pack)
TG3-050,bank,trigonometry,lazytopper/src/data/questionBanks/class10/maths/trigonometry.pack3.ts:1320,format-marks-mismatch,Assertion-Reasoning carrying 3 marks (objective items are 1 mark),,script,LT-authored(AI pack)
APQ-M-TRIG-010,bank,trigonometry,lazytopper/src/data/questionBanks/class10/maths/trigonometry.additionalPQ.ts:96,limit,heights & distances: 3+ angles stated — likely >2 right triangles (review) :: A drone with high resolution camera can fly up to 100 m height above ground level. David rode an open jeep into a forest. (i) David stopped the drone at horizontal distance 5√3 m from the top of a tal,"LIMIT review — drone case with multiple angles (uncertain, official APQ)",script+manual review,official(additionalPQ)
APQ-M-TRIG-017,bank,trigonometry,lazytopper/src/data/questionBanks/class10/maths/trigonometry.additionalPQ.ts:161,limit,"heights & distances: 3+ angles stated — likely >2 right triangles (review) :: Surya Kiran demonstration. Anuja is at Hawa Mahal, Sarthak at City Palace, 1365 m apart. Planes A, B, C in formation. (i) Angle of elevation of plane B from Anuja = 30°, altitude 675 m. Find horizonta",LIMIT review — three planes/three triangles across parts; each part uses ≤2 triangles (uncertain),script+manual review,official(additionalPQ)
PB-M-1-TRIG-C-001,bank,trigonometry,lazytopper/src/data/questionBanks/class10/maths/trigonometry.preboard.ts:35,limit,Heights & distances with three sight-lines/right triangles (depression + two elevations) - exceeds 2026-27 limit of at most two right triangles,Drop one sub-part so at most two right triangles are used,agent:trigonometry (medium),transcribed-third-party(preboard)
PB-M-1-TRIG-C-001,bank,trigonometry,lazytopper/src/data/questionBanks/class10/maths/trigonometry.preboard.ts:35,limit,"heights & distances: 3+ angles stated — likely >2 right triangles (review) :: A local Outdoors Club has just hiked to the south rim of a large canyon, when they spot a climber attempting to scale the taller northern face. The distance between the sheer walls of the northern and",LIMIT review — 3+ angles stated; verify ≤2 right triangles per part (uncertain),script+manual review,transcribed-third-party(preboard)
PB-M-2-TRIG-C-001,bank,trigonometry,lazytopper/src/data/questionBanks/class10/maths/trigonometry.preboard.ts:81,limit,Heights & distances with three sight-lines/right triangles (depression + two elevations) - exceeds 2026-27 limit of at most two right triangles,Drop one sub-part so at most two right triangles are used,agent:trigonometry (medium),transcribed-third-party(preboard)
PB-M-2-TRIG-C-001,bank,trigonometry,lazytopper/src/data/questionBanks/class10/maths/trigonometry.preboard.ts:81,limit,"heights & distances: 3+ angles stated — likely >2 right triangles (review) :: From her elevated observation post 300 m (horizontally) away, a naturalist spots a troop of baboons high up in a tree. The angle of depression to the bottom of the tree is 30°, the angle of elevation ","LIMIT — three angles from one post (30°, 60°, 45°) = THREE right triangles; exceeds ""at most two"" (medium); transcribed preboard → withhold",script+manual review,transcribed-third-party(preboard)
SQP-M-TRIG-006,bank,trigonometry,lazytopper/src/data/questionBanks/class10/maths/trigonometry.sqp.ts:127,limit,"heights & distances: 3+ angles stated — likely >2 right triangles (review) :: One evening, Kaushik was in a park. Children were playing cricket. Birds were singing on a nearby tree of height 80 m. He observed a bird on the tree at an angle of elevation of 45°. When a sixer was ","LIMIT review — case with 3+ angles across parts; each part likely ≤2 triangles (uncertain, official SQP)",script+manual review,official(sqp)
PYQ-M-2024-TRIG-015,bank,trigonometry,lazytopper/src/data/questionBanks/class10/maths/trigonometry.pyq2024.ts:121,other-chapter,"Part (b) (tangents AB,BC,CD,DA to circle, show ∠AOB+∠COD=180°) belongs to Circles",circles,agent:trigonometry (high),official(pyq2024)
2026-TRIG-APP-CASE-08,predicted,trigonometry,lazytopper/src/data/predictedQuestions.ts:1091,tagging,Tagged Case-Based 4 marks Section E but is a single 2-triangle question with no sub-parts,Section C (3 marks) short answer or add case sub-parts,agent:trigonometry (medium),LT-authored(predicted)
2026-TRIG-AR-06,predicted,trigonometry,lazytopper/src/data/predictedQuestions.ts:1393,tagging,Assertion-Reason row tagged marks 2 / section B; CBSE A-R items are 1-mark Section A,"marks 1, section A",agent:misc (high),LT-authored(predicted)
2026-TRIG-P1-A-005,bank,trigonometry,lazytopper/src/data/questionBanks/class10/maths/trigonometry.pack1.ts:243,tagging,"fmt MCQ but row has no options (open-response VSA ""write/find"" item)",Tag as VSA/short answer or add 4 options,agent:trigonometry (medium),LT-authored(AI pack)
2026-TRIG-P1-A-006,bank,trigonometry,lazytopper/src/data/questionBanks/class10/maths/trigonometry.pack1.ts:250,tagging,"fmt MCQ but row has no options (open-response VSA ""write/find"" item)",Tag as VSA/short answer or add 4 options,agent:trigonometry (medium),LT-authored(AI pack)
2026-TRIG-P1-A-009,bank,trigonometry,lazytopper/src/data/questionBanks/class10/maths/trigonometry.pack1.ts:268,tagging,fmt MCQ but row has no options (open-response),Tag as VSA or add options,agent:trigonometry (medium),LT-authored(AI pack)
2026-TRIG-P1-A-011,bank,trigonometry,lazytopper/src/data/questionBanks/class10/maths/trigonometry.pack1.ts:292,tagging,"fmt MCQ but row has no options (open-response VSA ""write/find"" item)",Tag as VSA/short answer or add 4 options,agent:trigonometry (medium),LT-authored(AI pack)
2026-TRIG-P1-A-012,bank,trigonometry,lazytopper/src/data/questionBanks/class10/maths/trigonometry.pack1.ts:293,tagging,"fmt MCQ but row has no options (open-response VSA ""write/find"" item)",Tag as VSA/short answer or add 4 options,agent:trigonometry (medium),LT-authored(AI pack)
2026-TRIG-P1-A-013,bank,trigonometry,lazytopper/src/data/questionBanks/class10/maths/trigonometry.pack1.ts:294,tagging,"fmt MCQ but row has no options (open-response VSA ""write/find"" item)",Tag as VSA/short answer or add 4 options,agent:trigonometry (medium),LT-authored(AI pack)
2026-TRIG-P1-A-014,bank,trigonometry,lazytopper/src/data/questionBanks/class10/maths/trigonometry.pack1.ts:295,tagging,"fmt MCQ but row has no options (open-response VSA ""write/find"" item)",Tag as VSA/short answer or add 4 options,agent:trigonometry (medium),LT-authored(AI pack)
2026-TRIG-P1-A-015,bank,trigonometry,lazytopper/src/data/questionBanks/class10/maths/trigonometry.pack1.ts:296,tagging,"fmt MCQ but row has no options (open-response VSA ""write/find"" item)",Tag as VSA/short answer or add 4 options,agent:trigonometry (medium),LT-authored(AI pack)
2026-TRIG-P1-A-016,bank,trigonometry,lazytopper/src/data/questionBanks/class10/maths/trigonometry.pack1.ts:297,tagging,"fmt MCQ but row has no options (open-response VSA ""write/find"" item)",Tag as VSA/short answer or add 4 options,agent:trigonometry (medium),LT-authored(AI pack)
2026-TRIG-P1-A-017,bank,trigonometry,lazytopper/src/data/questionBanks/class10/maths/trigonometry.pack1.ts:298,tagging,"fmt MCQ but row has no options (open-response VSA ""write/find"" item)",Tag as VSA/short answer or add 4 options,agent:trigonometry (medium),LT-authored(AI pack)
2026-TRIG-P1-A-018,bank,trigonometry,lazytopper/src/data/questionBanks/class10/maths/trigonometry.pack1.ts:299,tagging,"fmt MCQ but row has no options (open-response VSA ""write/find"" item)",Tag as VSA/short answer or add 4 options,agent:trigonometry (medium),LT-authored(AI pack)
2026-TRIG-P1-A-019,bank,trigonometry,lazytopper/src/data/questionBanks/class10/maths/trigonometry.pack1.ts:300,tagging,"fmt MCQ but row has no options (open-response VSA ""write/find"" item)",Tag as VSA/short answer or add 4 options,agent:trigonometry (medium),LT-authored(AI pack)
2026-TRIG-P1-A-020,bank,trigonometry,lazytopper/src/data/questionBanks/class10/maths/trigonometry.pack1.ts:301,tagging,"fmt MCQ but row has no options (open-response VSA ""write/find"" item)",Tag as VSA/short answer or add 4 options,agent:trigonometry (medium),LT-authored(AI pack)
2026-TRIG-P1-A-021,bank,trigonometry,lazytopper/src/data/questionBanks/class10/maths/trigonometry.pack1.ts:313,tagging,"fmt MCQ but row has no options (open-response VSA ""write/find"" item)",Tag as VSA/short answer or add 4 options,agent:trigonometry (medium),LT-authored(AI pack)
2026-TRIG-P1-A-022,bank,trigonometry,lazytopper/src/data/questionBanks/class10/maths/trigonometry.pack1.ts:314,tagging,"fmt MCQ but row has no options (open-response VSA ""write/find"" item)",Tag as VSA/short answer or add 4 options,agent:trigonometry (medium),LT-authored(AI pack)
2026-TRIG-P1-A-023,bank,trigonometry,lazytopper/src/data/questionBanks/class10/maths/trigonometry.pack1.ts:315,tagging,"fmt MCQ but row has no options (open-response VSA ""write/find"" item)",Tag as VSA/short answer or add 4 options,agent:trigonometry (medium),LT-authored(AI pack)
2026-TRIG-P1-A-024,bank,trigonometry,lazytopper/src/data/questionBanks/class10/maths/trigonometry.pack1.ts:316,tagging,"fmt MCQ but row has no options (open-response VSA ""write/find"" item)",Tag as VSA/short answer or add 4 options,agent:trigonometry (medium),LT-authored(AI pack)
2026-TRIG-P1-A-025,bank,trigonometry,lazytopper/src/data/questionBanks/class10/maths/trigonometry.pack1.ts:317,tagging,"fmt MCQ but row has no options (open-response VSA ""write/find"" item)",Tag as VSA/short answer or add 4 options,agent:trigonometry (medium),LT-authored(AI pack)
2026-TRIG-P1-A-026,bank,trigonometry,lazytopper/src/data/questionBanks/class10/maths/trigonometry.pack1.ts:318,tagging,"fmt MCQ but row has no options (open-response VSA ""write/find"" item)",Tag as VSA/short answer or add 4 options,agent:trigonometry (medium),LT-authored(AI pack)
2026-TRIG-P1-A-027,bank,trigonometry,lazytopper/src/data/questionBanks/class10/maths/trigonometry.pack1.ts:319,tagging,"fmt MCQ but row has no options (open-response VSA ""write/find"" item)",Tag as VSA/short answer or add 4 options,agent:trigonometry (medium),LT-authored(AI pack)
2026-TRIG-P1-A-028,bank,trigonometry,lazytopper/src/data/questionBanks/class10/maths/trigonometry.pack1.ts:320,tagging,"fmt MCQ but row has no options (open-response VSA ""write/find"" item)",Tag as VSA/short answer or add 4 options,agent:trigonometry (medium),LT-authored(AI pack)
2026-TRIG-P1-A-029,bank,trigonometry,lazytopper/src/data/questionBanks/class10/maths/trigonometry.pack1.ts:332,tagging,"fmt MCQ but row has no options (open-response VSA ""write/find"" item)",Tag as VSA/short answer or add 4 options,agent:trigonometry (medium),LT-authored(AI pack)
2026-TRIG-P1-A-030,bank,trigonometry,lazytopper/src/data/questionBanks/class10/maths/trigonometry.pack1.ts:333,tagging,"fmt MCQ but row has no options (open-response VSA ""write/find"" item)",Tag as VSA/short answer or add 4 options,agent:trigonometry (medium),LT-authored(AI pack)
2026-TRIG-P1-A-031,bank,trigonometry,lazytopper/src/data/questionBanks/class10/maths/trigonometry.pack1.ts:334,tagging,"fmt MCQ but row has no options (open-response VSA ""write/find"" item)",Tag as VSA/short answer or add 4 options,agent:trigonometry (medium),LT-authored(AI pack)
2026-TRIG-P1-A-032,bank,trigonometry,lazytopper/src/data/questionBanks/class10/maths/trigonometry.pack1.ts:335,tagging,"fmt MCQ but row has no options (open-response VSA ""write/find"" item)",Tag as VSA/short answer or add 4 options,agent:trigonometry (medium),LT-authored(AI pack)
2026-TRIG-P1-A-033,bank,trigonometry,lazytopper/src/data/questionBanks/class10/maths/trigonometry.pack1.ts:336,tagging,"fmt MCQ but row has no options (open-response VSA ""write/find"" item)",Tag as VSA/short answer or add 4 options,agent:trigonometry (medium),LT-authored(AI pack)
2026-TRIG-P1-A-034,bank,trigonometry,lazytopper/src/data/questionBanks/class10/maths/trigonometry.pack1.ts:337,tagging,"fmt MCQ but row has no options (open-response VSA ""write/find"" item)",Tag as VSA/short answer or add 4 options,agent:trigonometry (medium),LT-authored(AI pack)
2026-TRIG-P1-A-035,bank,trigonometry,lazytopper/src/data/questionBanks/class10/maths/trigonometry.pack1.ts:338,tagging,"fmt MCQ but row has no options (open-response VSA ""write/find"" item)",Tag as VSA/short answer or add 4 options,agent:trigonometry (medium),LT-authored(AI pack)
2026-TRIG-P1-A-036,bank,trigonometry,lazytopper/src/data/questionBanks/class10/maths/trigonometry.pack1.ts:350,tagging,"fmt MCQ but row has no options (open-response VSA ""write/find"" item)",Tag as VSA/short answer or add 4 options,agent:trigonometry (medium),LT-authored(AI pack)
2026-TRIG-P1-A-037,bank,trigonometry,lazytopper/src/data/questionBanks/class10/maths/trigonometry.pack1.ts:351,tagging,"fmt MCQ but row has no options (open-response VSA ""write/find"" item)",Tag as VSA/short answer or add 4 options,agent:trigonometry (medium),LT-authored(AI pack)
2026-TRIG-P1-A-038,bank,trigonometry,lazytopper/src/data/questionBanks/class10/maths/trigonometry.pack1.ts:352,tagging,"fmt MCQ but row has no options (open-response VSA ""write/find"" item)",Tag as VSA/short answer or add 4 options,agent:trigonometry (medium),LT-authored(AI pack)
2026-TRIG-P1-A-039,bank,trigonometry,lazytopper/src/data/questionBanks/class10/maths/trigonometry.pack1.ts:353,tagging,"fmt MCQ but row has no options (open-response VSA ""write/find"" item)",Tag as VSA/short answer or add 4 options,agent:trigonometry (medium),LT-authored(AI pack)
2026-TRIG-P1-A-040,bank,trigonometry,lazytopper/src/data/questionBanks/class10/maths/trigonometry.pack1.ts:354,tagging,"fmt MCQ but row has no options (open-response VSA ""write/find"" item)",Tag as VSA/short answer or add 4 options,agent:trigonometry (medium),LT-authored(AI pack)
2026-TRIG-P1-A-042,bank,trigonometry,lazytopper/src/data/questionBanks/class10/maths/trigonometry.pack1.ts:367,tagging,"fmt MCQ but row has no options (open-response VSA ""write/find"" item)",Tag as VSA/short answer or add 4 options,agent:trigonometry (medium),LT-authored(AI pack)
2026-TRIG-P1-A-045,bank,trigonometry,lazytopper/src/data/questionBanks/class10/maths/trigonometry.pack1.ts:381,tagging,"fmt MCQ but row has no options (open-response VSA ""write/find"" item)",Tag as VSA/short answer or add 4 options,agent:trigonometry (medium),LT-authored(AI pack)
2026-TRIG-P1-C-009,bank,trigonometry,lazytopper/src/data/questionBanks/class10/maths/trigonometry.pack1.ts:500,tagging,One-line standard-value / single tan step tagged 3 marks Section C,Tag as 1-2 marks,agent:trigonometry (medium),LT-authored(AI pack)
2026-TRIG-P1-C-010,bank,trigonometry,lazytopper/src/data/questionBanks/class10/maths/trigonometry.pack1.ts:501,tagging,One-line standard-value / single tan step tagged 3 marks Section C,Tag as 1-2 marks,agent:trigonometry (medium),LT-authored(AI pack)
2026-TRIG-P1-C-020,bank,trigonometry,lazytopper/src/data/questionBanks/class10/maths/trigonometry.pack1.ts:521,tagging,One-line standard-value / single tan step tagged 3 marks Section C,Tag as 1-2 marks,agent:trigonometry (medium),LT-authored(AI pack)
2026-TRIG-P1-C-025,bank,trigonometry,lazytopper/src/data/questionBanks/class10/maths/trigonometry.pack1.ts:536,tagging,One-line standard-value / single tan step tagged 3 marks Section C,Tag as 1-2 marks,agent:trigonometry (medium),LT-authored(AI pack)
2026-TRIG-P1-D-001,bank,trigonometry,lazytopper/src/data/questionBanks/class10/maths/trigonometry.pack1.ts:549,tagging,One-line identity (1-sin²A=cos²A) tagged 5 marks Section D,Tag as 1-2 marks,agent:trigonometry (high),LT-authored(AI pack)
2026-TRIG-P1-D-009,bank,trigonometry,lazytopper/src/data/questionBanks/class10/maths/trigonometry.pack1.ts:567,tagging,Single right-triangle computation tagged 5 marks Section D,Tag as 2-3 marks,agent:trigonometry (medium),LT-authored(AI pack)
2026-TRIG-P1-D-010,bank,trigonometry,lazytopper/src/data/questionBanks/class10/maths/trigonometry.pack1.ts:568,tagging,Single right-triangle computation tagged 5 marks Section D,Tag as 2-3 marks,agent:trigonometry (medium),LT-authored(AI pack)
TG3-013,bank,trigonometry,lazytopper/src/data/questionBanks/class10/maths/trigonometry.pack3.ts:349,tagging,Assertion-Reason item tagged 2 marks / Section B,"Tag as 1 mark, Section A",agent:trigonometry (high),LT-authored(AI pack)
TG3-014,bank,trigonometry,lazytopper/src/data/questionBanks/class10/maths/trigonometry.pack3.ts:380,tagging,Assertion-Reason item tagged 2 marks / Section B,"Tag as 1 mark, Section A",agent:trigonometry (high),LT-authored(AI pack)
TG3-015,bank,trigonometry,lazytopper/src/data/questionBanks/class10/maths/trigonometry.pack3.ts:410,tagging,Assertion-Reason item tagged 2 marks / Section B,"Tag as 1 mark, Section A",agent:trigonometry (high),LT-authored(AI pack)
TG3-016,bank,trigonometry,lazytopper/src/data/questionBanks/class10/maths/trigonometry.pack3.ts:441,tagging,MCQ tagged 3 marks / Section C,"Tag as 1 mark, Section A",agent:trigonometry (high),LT-authored(AI pack)
TG3-038,bank,trigonometry,lazytopper/src/data/questionBanks/class10/maths/trigonometry.pack3.ts:983,tagging,MCQ tagged 2 marks / Section B,"Tag as 1 mark, Section A",agent:trigonometry (high),LT-authored(AI pack)
TG3-040,bank,trigonometry,lazytopper/src/data/questionBanks/class10/maths/trigonometry.pack3.ts:1038,tagging,MCQ tagged 2 marks / Section B,"Tag as 1 mark, Section A",agent:trigonometry (high),LT-authored(AI pack)
TG3-042,bank,trigonometry,lazytopper/src/data/questionBanks/class10/maths/trigonometry.pack3.ts:1091,tagging,MCQ tagged 2 marks / Section B,"Tag as 1 mark, Section A",agent:trigonometry (high),LT-authored(AI pack)
TG3-043,bank,trigonometry,lazytopper/src/data/questionBanks/class10/maths/trigonometry.pack3.ts:1123,tagging,MCQ tagged 2 marks / Section B,"Tag as 1 mark, Section A",agent:trigonometry (high),LT-authored(AI pack)
TG3-044,bank,trigonometry,lazytopper/src/data/questionBanks/class10/maths/trigonometry.pack3.ts:1152,tagging,MCQ tagged 2 marks / Section B,"Tag as 1 mark, Section A",agent:trigonometry (high),LT-authored(AI pack)
TG3-046,bank,trigonometry,lazytopper/src/data/questionBanks/class10/maths/trigonometry.pack3.ts:1208,tagging,Assertion-Reason item tagged 3 marks / Section C,"Tag as 1 mark, Section A",agent:trigonometry (high),LT-authored(AI pack)
TG3-050,bank,trigonometry,lazytopper/src/data/questionBanks/class10/maths/trigonometry.pack3.ts:1320,tagging,Assertion-Reason item tagged 3 marks / Section C,"Tag as 1 mark, Section A",agent:trigonometry (high),LT-authored(AI pack)
(label),,acids-bases-and-salts,,concept-label-mapping,"label ""Chapter Practice — Acids, Bases and Salts"" used by 38 served rows","UNMAPPABLE: generic catch-all label, not a concept — re-tag per row",agent mapping,
(label),,acids-bases-and-salts,,concept-label-mapping,"label ""pH Scale"" used by 30 served rows","pH, Indicators & Strength",agent mapping,
(label),,acids-bases-and-salts,,concept-label-mapping,"label ""Indicators"" used by 24 served rows","pH, Indicators & Strength",agent mapping,
(label),,acids-bases-and-salts,,concept-label-mapping,"label ""Properties & Identification"" used by 23 served rows","pH, Indicators & Strength",agent mapping,
(label),,acids-bases-and-salts,,concept-label-mapping,"label ""Neutralisation"" used by 20 served rows","UNMAPPABLE: chemical reactions of acids/bases (metals, carbonates, oxides, neutralisation) — propose concept ""Chemical Properties of Acids & Bases""",agent mapping,
(label),,acids-bases-and-salts,,concept-label-mapping,"label ""Reactions"" used by 18 served rows","UNMAPPABLE: chemical reactions of acids/bases (metals, carbonates, oxides, neutralisation) — propose concept ""Chemical Properties of Acids & Bases""",agent mapping,
(label),,acids-bases-and-salts,,concept-label-mapping,"label ""pH in Everyday Life"" used by 18 served rows","pH, Indicators & Strength",agent mapping,
(label),,acids-bases-and-salts,,concept-label-mapping,"label ""Properties of Acids and Bases"" used by 15 served rows","pH, Indicators & Strength",agent mapping,
(label),,acids-bases-and-salts,,concept-label-mapping,"label ""General"" used by 15 served rows","UNMAPPABLE: generic catch-all label, not a concept — re-tag per row",agent mapping,
(label),,acids-bases-and-salts,,concept-label-mapping,"label ""Important Salts/Compounds"" used by 11 served rows","Important Salts (Na₂CO₃, NaHCO₃, Plaster of Paris)",agent mapping,
(label),,acids-bases-and-salts,,concept-label-mapping,"label ""Salts and their Properties"" used by 11 served rows","Important Salts (Na₂CO₃, NaHCO₃, Plaster of Paris)",agent mapping,
(label),,acids-bases-and-salts,,concept-label-mapping,"label ""Acids with Carbonates"" used by 11 served rows","UNMAPPABLE: chemical reactions of acids/bases (metals, carbonates, oxides, neutralisation) — propose concept ""Chemical Properties of Acids & Bases""",agent mapping,
(label),,acids-bases-and-salts,,concept-label-mapping,"label ""pH of Salts"" used by 11 served rows","pH, Indicators & Strength",agent mapping,
(label),,acids-bases-and-salts,,concept-label-mapping,"label ""(none)"" used by 10 served rows","UNMAPPABLE: generic catch-all label, not a concept — re-tag per row",agent mapping,
(label),,acids-bases-and-salts,,concept-label-mapping,"label ""Acids with Metals"" used by 9 served rows","UNMAPPABLE: chemical reactions of acids/bases (metals, carbonates, oxides, neutralisation) — propose concept ""Chemical Properties of Acids & Bases""",agent mapping,
(label),,acids-bases-and-salts,,concept-label-mapping,"label ""Water of Crystallisation"" used by 9 served rows","Important Salts (Na₂CO₃, NaHCO₃, Plaster of Paris)",agent mapping,
(label),,acids-bases-and-salts,,concept-label-mapping,"label ""Plaster of Paris"" used by 8 served rows","Important Salts (Na₂CO₃, NaHCO₃, Plaster of Paris)",agent mapping,
(label),,acids-bases-and-salts,,concept-label-mapping,"label ""Ionisation of Acids"" used by 7 served rows","UNMAPPABLE: ions in water, conductivity, dilution — propose concept ""Acids & Bases in Water (H⁺/H₃O⁺, OH⁻, conductivity, dilution)""",agent mapping,
(label),,acids-bases-and-salts,,concept-label-mapping,"label ""pH"" used by 7 served rows","pH, Indicators & Strength",agent mapping,
(label),,acids-bases-and-salts,,concept-label-mapping,"label ""Washing Soda"" used by 6 served rows","Important Salts (Na₂CO₃, NaHCO₃, Plaster of Paris)",agent mapping,
(label),,acids-bases-and-salts,,concept-label-mapping,"label ""Reactions of Acids and Bases"" used by 6 served rows","UNMAPPABLE: chemical reactions of acids/bases (metals, carbonates, oxides, neutralisation) — propose concept ""Chemical Properties of Acids & Bases""",agent mapping,
(label),,acids-bases-and-salts,,concept-label-mapping,"label ""Identifying Compounds"" used by 6 served rows","Important Salts (Na₂CO₃, NaHCO₃, Plaster of Paris)",agent mapping,
(label),,acids-bases-and-salts,,concept-label-mapping,"label ""Reactions of Bases"" used by 6 served rows","UNMAPPABLE: chemical reactions of acids/bases (metals, carbonates, oxides, neutralisation) — propose concept ""Chemical Properties of Acids & Bases""",agent mapping,
(label),,acids-bases-and-salts,,concept-label-mapping,"label ""Baking Soda"" used by 6 served rows","Important Salts (Na₂CO₃, NaHCO₃, Plaster of Paris)",agent mapping,
(label),,acids-bases-and-salts,,concept-label-mapping,"label ""Nature of Oxides"" used by 5 served rows","UNMAPPABLE: chemical reactions of acids/bases (metals, carbonates, oxides, neutralisation) — propose concept ""Chemical Properties of Acids & Bases""",agent mapping,
(label),,acids-bases-and-salts,,concept-label-mapping,"label ""Diluting Acids"" used by 4 served rows","UNMAPPABLE: ions in water, conductivity, dilution — propose concept ""Acids & Bases in Water (H⁺/H₃O⁺, OH⁻, conductivity, dilution)""",agent mapping,
(label),,acids-bases-and-salts,,concept-label-mapping,"label ""Bleaching Powder"" used by 4 served rows","Important Salts (Na₂CO₃, NaHCO₃, Plaster of Paris)",agent mapping,
(label),,acids-bases-and-salts,,concept-label-mapping,"label ""Properties of Acids"" used by 4 served rows","pH, Indicators & Strength",agent mapping,
(label),,acids-bases-and-salts,,concept-label-mapping,"label ""Chlor-alkali Process"" used by 4 served rows","Important Salts (Na₂CO₃, NaHCO₃, Plaster of Paris)",agent mapping,
(label),,acids-bases-and-salts,,concept-label-mapping,"label ""Acids in Daily Life"" used by 4 served rows","UNMAPPABLE: sources/types/everyday examples of acids & bases — propose concept ""Acids & Bases: Sources, Types & Everyday Examples""",agent mapping,
(label),,acids-bases-and-salts,,concept-label-mapping,"label ""Strong and Weak Acids"" used by 4 served rows","pH, Indicators & Strength",agent mapping,
(label),,acids-bases-and-salts,,concept-label-mapping,"label ""Conductivity of Acids"" used by 3 served rows","UNMAPPABLE: ions in water, conductivity, dilution — propose concept ""Acids & Bases in Water (H⁺/H₃O⁺, OH⁻, conductivity, dilution)""",agent mapping,
(label),,acids-bases-and-salts,,concept-label-mapping,"label ""Important Chemical Salts"" used by 3 served rows","Important Salts (Na₂CO₃, NaHCO₃, Plaster of Paris)",agent mapping,
(label),,acids-bases-and-salts,,concept-label-mapping,"label ""Strong vs Weak Acids"" used by 3 served rows","pH, Indicators & Strength",agent mapping,
(label),,acids-bases-and-salts,,concept-label-mapping,"label ""Amphoteric Oxides"" used by 3 served rows",OTHER-CHAPTER: metals-and-non-metals,agent mapping,
(label),,acids-bases-and-salts,,concept-label-mapping,"label ""Acid Rain"" used by 3 served rows","pH, Indicators & Strength",agent mapping,
(label),,acids-bases-and-salts,,concept-label-mapping,"label ""pH in Body"" used by 2 served rows","pH, Indicators & Strength",agent mapping,
(label),,acids-bases-and-salts,,concept-label-mapping,"label ""Baking Powder"" used by 2 served rows","Important Salts (Na₂CO₃, NaHCO₃, Plaster of Paris)",agent mapping,
(label),,acids-bases-and-salts,,concept-label-mapping,"label ""Identifying Salts"" used by 2 served rows","Important Salts (Na₂CO₃, NaHCO₃, Plaster of Paris)",agent mapping,
(label),,acids-bases-and-salts,,concept-label-mapping,"label ""Preparation of Hydrogen"" used by 2 served rows","UNMAPPABLE: chemical reactions of acids/bases (metals, carbonates, oxides, neutralisation) — propose concept ""Chemical Properties of Acids & Bases""",agent mapping,
(label),,acids-bases-and-salts,,concept-label-mapping,"label ""Acids in Nature"" used by 2 served rows","UNMAPPABLE: sources/types/everyday examples of acids & bases — propose concept ""Acids & Bases: Sources, Types & Everyday Examples""",agent mapping,
(label),,acids-bases-and-salts,,concept-label-mapping,"label ""Acids and Bases"" used by 2 served rows","UNMAPPABLE: generic catch-all label, not a concept — re-tag per row",agent mapping,
(label),,acids-bases-and-salts,,concept-label-mapping,"label ""Common Compounds"" used by 2 served rows","Important Salts (Na₂CO₃, NaHCO₃, Plaster of Paris)",agent mapping,
(label),,acids-bases-and-salts,,concept-label-mapping,"label ""Reactions of Oxides"" used by 2 served rows","UNMAPPABLE: chemical reactions of acids/bases (metals, carbonates, oxides, neutralisation) — propose concept ""Chemical Properties of Acids & Bases""",agent mapping,
(label),,acids-bases-and-salts,,concept-label-mapping,"label ""Antacids"" used by 2 served rows","pH, Indicators & Strength",agent mapping,
(label),,acids-bases-and-salts,,concept-label-mapping,"label ""Reactions of Acids"" used by 2 served rows","UNMAPPABLE: chemical reactions of acids/bases (metals, carbonates, oxides, neutralisation) — propose concept ""Chemical Properties of Acids & Bases""",agent mapping,
(label),,acids-bases-and-salts,,concept-label-mapping,"label ""Strong and Weak Bases"" used by 2 served rows","pH, Indicators & Strength",agent mapping,
(label),,acids-bases-and-salts,,concept-label-mapping,"label ""pH of Salt Solutions"" used by 2 served rows","pH, Indicators & Strength",agent mapping,
(label),,acids-bases-and-salts,,concept-label-mapping,"label ""Bases in Water"" used by 1 served rows","UNMAPPABLE: ions in water, conductivity, dilution — propose concept ""Acids & Bases in Water (H⁺/H₃O⁺, OH⁻, conductivity, dilution)""",agent mapping,
(label),,acids-bases-and-salts,,concept-label-mapping,"label ""Sodium Bicarbonate"" used by 1 served rows","Important Salts (Na₂CO₃, NaHCO₃, Plaster of Paris)",agent mapping,
(label),,acids-bases-and-salts,,concept-label-mapping,"label ""Preparation of HCl Gas"" used by 1 served rows","UNMAPPABLE: ions in water, conductivity, dilution — propose concept ""Acids & Bases in Water (H⁺/H₃O⁺, OH⁻, conductivity, dilution)""",agent mapping,
(label),,acids-bases-and-salts,,concept-label-mapping,"label ""Safety"" used by 1 served rows","UNMAPPABLE: ions in water, conductivity, dilution — propose concept ""Acids & Bases in Water (H⁺/H₃O⁺, OH⁻, conductivity, dilution)""",agent mapping,
(label),,acids-bases-and-salts,,concept-label-mapping,"label ""Conductivity of Bases"" used by 1 served rows","UNMAPPABLE: ions in water, conductivity, dilution — propose concept ""Acids & Bases in Water (H⁺/H₃O⁺, OH⁻, conductivity, dilution)""",agent mapping,
(label),,acids-bases-and-salts,,concept-label-mapping,"label ""Aqua Regia"" used by 1 served rows","UNMAPPABLE: sources/types/everyday examples of acids & bases — propose concept ""Acids & Bases: Sources, Types & Everyday Examples""",agent mapping,
(label),,acids-bases-and-salts,,concept-label-mapping,"label ""Types of Acids"" used by 1 served rows","UNMAPPABLE: sources/types/everyday examples of acids & bases — propose concept ""Acids & Bases: Sources, Types & Everyday Examples""",agent mapping,
(label),,acids-bases-and-salts,,concept-label-mapping,"label ""Bases"" used by 1 served rows","pH, Indicators & Strength",agent mapping,
(label),,acids-bases-and-salts,,concept-label-mapping,"label ""Industrial Uses"" used by 1 served rows","Important Salts (Na₂CO₃, NaHCO₃, Plaster of Paris)",agent mapping,
(label),,acids-bases-and-salts,,concept-label-mapping,"label ""Sources of Acids"" used by 1 served rows","UNMAPPABLE: sources/types/everyday examples of acids & bases — propose concept ""Acids & Bases: Sources, Types & Everyday Examples""",agent mapping,
(label),,acids-bases-and-salts,,concept-label-mapping,"label ""Chemical Formulae"" used by 1 served rows","Important Salts (Na₂CO₃, NaHCO₃, Plaster of Paris)",agent mapping,
(label),,acids-bases-and-salts,,concept-label-mapping,"label ""Natural Acids"" used by 1 served rows","UNMAPPABLE: sources/types/everyday examples of acids & bases — propose concept ""Acids & Bases: Sources, Types & Everyday Examples""",agent mapping,
(label),,acids-bases-and-salts,,concept-label-mapping,"label ""Salt Reactions"" used by 1 served rows","UNMAPPABLE: chemical reactions of acids/bases (metals, carbonates, oxides, neutralisation) — propose concept ""Chemical Properties of Acids & Bases""",agent mapping,
(label),,acids-bases-and-salts,,concept-label-mapping,"label ""Industrial Manufacture"" used by 1 served rows","Important Salts (Na₂CO₃, NaHCO₃, Plaster of Paris)",agent mapping,
(label),,acids-bases-and-salts,,concept-label-mapping,"label ""Baking Powder vs Baking Soda"" used by 1 served rows","Important Salts (Na₂CO₃, NaHCO₃, Plaster of Paris)",agent mapping,
(label),,acids-bases-and-salts,,concept-label-mapping,"label ""Properties of Bases"" used by 1 served rows","pH, Indicators & Strength",agent mapping,
(label),,acids-bases-and-salts,,concept-label-mapping,"label ""Classification of Acids"" used by 1 served rows","UNMAPPABLE: sources/types/everyday examples of acids & bases — propose concept ""Acids & Bases: Sources, Types & Everyday Examples""",agent mapping,
(label),,acids-bases-and-salts,,concept-label-mapping,"label ""Mineral Acids"" used by 1 served rows","UNMAPPABLE: sources/types/everyday examples of acids & bases — propose concept ""Acids & Bases: Sources, Types & Everyday Examples""",agent mapping,
(label),,acids-bases-and-salts,,concept-label-mapping,"label ""Salt Formation"" used by 1 served rows","UNMAPPABLE: chemical reactions of acids/bases (metals, carbonates, oxides, neutralisation) — propose concept ""Chemical Properties of Acids & Bases""",agent mapping,
(label),,acids-bases-and-salts,,concept-label-mapping,"label ""Bases in Daily Life"" used by 1 served rows","UNMAPPABLE: sources/types/everyday examples of acids & bases — propose concept ""Acids & Bases: Sources, Types & Everyday Examples""",agent mapping,
(label),,acids-bases-and-salts,,concept-label-mapping,"label ""Uses of Bases"" used by 1 served rows","UNMAPPABLE: sources/types/everyday examples of acids & bases — propose concept ""Acids & Bases: Sources, Types & Everyday Examples""",agent mapping,
(label),,acids-bases-and-salts,,concept-label-mapping,"label ""Dilution of Acids"" used by 1 served rows","UNMAPPABLE: ions in water, conductivity, dilution — propose concept ""Acids & Bases in Water (H⁺/H₃O⁺, OH⁻, conductivity, dilution)""",agent mapping,
(label),,acids-bases-and-salts,,concept-label-mapping,"label ""Common Salt"" used by 1 served rows","Important Salts (Na₂CO₃, NaHCO₃, Plaster of Paris)",agent mapping,
(label),,acids-bases-and-salts,,concept-label-mapping,"label ""Salts"" used by 1 served rows","Important Salts (Na₂CO₃, NaHCO₃, Plaster of Paris)",agent mapping,
(label),,acids-bases-and-salts,,concept-label-mapping,"label ""Acids with Metal Oxides"" used by 1 served rows","UNMAPPABLE: chemical reactions of acids/bases (metals, carbonates, oxides, neutralisation) — propose concept ""Chemical Properties of Acids & Bases""",agent mapping,
(label),,acids-bases-and-salts,,concept-label-mapping,"label ""Identifying Salts and Compounds"" used by 1 served rows","Important Salts (Na₂CO₃, NaHCO₃, Plaster of Paris)",agent mapping,
(label),,acids-bases-and-salts,,concept-label-mapping,"label ""Neutralisation and Salts"" used by 1 served rows","UNMAPPABLE: chemical reactions of acids/bases (metals, carbonates, oxides, neutralisation) — propose concept ""Chemical Properties of Acids & Bases""",agent mapping,
(label),,acids-bases-and-salts,,concept-label-mapping,"label ""Common Salt as Raw Material"" used by 1 served rows","Important Salts (Na₂CO₃, NaHCO₃, Plaster of Paris)",agent mapping,
(label),,acids-bases-and-salts,,concept-label-mapping,"label ""Dilution of Acids and Bases"" used by 1 served rows","UNMAPPABLE: ions in water, conductivity, dilution — propose concept ""Acids & Bases in Water (H⁺/H₃O⁺, OH⁻, conductivity, dilution)""",agent mapping,
(label),,acids-bases-and-salts,,concept-label-mapping,"label ""Neutralisation in Daily Life"" used by 1 served rows","pH, Indicators & Strength",agent mapping,
(label),,acids-bases-and-salts,,concept-label-mapping,"label ""Gases from Acid-Base Reactions"" used by 1 served rows","UNMAPPABLE: chemical reactions of acids/bases (metals, carbonates, oxides, neutralisation) — propose concept ""Chemical Properties of Acids & Bases""",agent mapping,
(label),,acids-bases-and-salts,,concept-label-mapping,"label ""Reasoning on Acids, Bases and Salts"" used by 1 served rows","UNMAPPABLE: generic catch-all label, not a concept — re-tag per row",agent mapping,
(label),,acids-bases-and-salts,,concept-label-mapping,"label ""Universal Indicator and pH Scale"" used by 1 served rows","pH, Indicators & Strength",agent mapping,
(label),,acids-bases-and-salts,,concept-label-mapping,"label ""Reactions of One Acid"" used by 1 served rows","UNMAPPABLE: chemical reactions of acids/bases (metals, carbonates, oxides, neutralisation) — propose concept ""Chemical Properties of Acids & Bases""",agent mapping,
(label),,acids-bases-and-salts,,concept-label-mapping,"label ""Efflorescence and Deliquescence"" used by 1 served rows","Important Salts (Na₂CO₃, NaHCO₃, Plaster of Paris)",agent mapping,
(label),,acids-bases-and-salts,,concept-label-mapping,"label ""Salts and Their Families"" used by 1 served rows","pH, Indicators & Strength",agent mapping,
(label),,acids-bases-and-salts,,concept-label-mapping,"label ""Tooth Decay and pH"" used by 1 served rows","pH, Indicators & Strength",agent mapping,
(label),,acids-bases-and-salts,,concept-label-mapping,"label ""Distinguishing Substances by Tests"" used by 1 served rows","pH, Indicators & Strength",agent mapping,
(label),,acids-bases-and-salts,,concept-label-mapping,"label ""Behaviour of Acids and Bases in Water"" used by 1 served rows","UNMAPPABLE: ions in water, conductivity, dilution — propose concept ""Acids & Bases in Water (H⁺/H₃O⁺, OH⁻, conductivity, dilution)""",agent mapping,
(label),,acids-bases-and-salts,,concept-label-mapping,"label ""Base with Non-metal Oxide"" used by 1 served rows","UNMAPPABLE: chemical reactions of acids/bases (metals, carbonates, oxides, neutralisation) — propose concept ""Chemical Properties of Acids & Bases""",agent mapping,
(label),,acids-bases-and-salts,,concept-label-mapping,"label ""Identifying a Base from Clues"" used by 1 served rows","pH, Indicators & Strength",agent mapping,
(label),,acids-bases-and-salts,,concept-label-mapping,"label ""Salt Solutions and Litmus"" used by 1 served rows","pH, Indicators & Strength",agent mapping,
(label),,acids-bases-and-salts,,concept-label-mapping,"label ""Sodium Hydroxide"" used by 1 served rows","Important Salts (Na₂CO₃, NaHCO₃, Plaster of Paris)",agent mapping,
(label),,acids-bases-and-salts,,concept-label-mapping,"label ""Products from Common Salt"" used by 1 served rows","Important Salts (Na₂CO₃, NaHCO₃, Plaster of Paris)",agent mapping,
(label),,acids-bases-and-salts,,concept-label-mapping,"label ""Mild Basic Salt Identification"" used by 1 served rows","Important Salts (Na₂CO₃, NaHCO₃, Plaster of Paris)",agent mapping,
(label),,acids-bases-and-salts,,concept-label-mapping,"label ""Acid-Base Indicators (Litmus)"" used by 1 served rows","pH, Indicators & Strength",agent mapping,
(label),,acids-bases-and-salts,,concept-label-mapping,"label ""Acids and Hydrogen Ions"" used by 1 served rows","UNMAPPABLE: ions in water, conductivity, dilution — propose concept ""Acids & Bases in Water (H⁺/H₃O⁺, OH⁻, conductivity, dilution)""",agent mapping,
(label),,acids-bases-and-salts,,concept-label-mapping,"label ""Nature of Salts (Acidic Salt)"" used by 1 served rows","pH, Indicators & Strength",agent mapping,
(label),,acids-bases-and-salts,,concept-label-mapping,"label ""Hydrated Salts (Copper Sulfate)"" used by 1 served rows","Important Salts (Na₂CO₃, NaHCO₃, Plaster of Paris)",agent mapping,
(label),,acids-bases-and-salts,,concept-label-mapping,"label ""pH of Strong Bases"" used by 1 served rows","pH, Indicators & Strength",agent mapping,
(label),,acids-bases-and-salts,,concept-label-mapping,"label ""Effect of Dilution on pH"" used by 1 served rows","pH, Indicators & Strength",agent mapping,
(label),,acids-bases-and-salts,,concept-label-mapping,"label ""Effect of Dilution on OH- Concentration"" used by 1 served rows","UNMAPPABLE: ions in water, conductivity, dilution — propose concept ""Acids & Bases in Water (H⁺/H₃O⁺, OH⁻, conductivity, dilution)""",agent mapping,
(label),,acids-bases-and-salts,,concept-label-mapping,"label ""Definition of pH"" used by 1 served rows","pH, Indicators & Strength",agent mapping,
(label),,acids-bases-and-salts,,concept-label-mapping,"label ""Indicators for Measuring pH"" used by 1 served rows","pH, Indicators & Strength",agent mapping,
(label),,acids-bases-and-salts,,concept-label-mapping,"label ""pH of Metal Oxide Solutions"" used by 1 served rows","pH, Indicators & Strength",agent mapping,
(label),,acids-bases-and-salts,,concept-label-mapping,"label ""Action of Bases on Litmus"" used by 1 served rows","pH, Indicators & Strength",agent mapping,
(label),,acids-bases-and-salts,,concept-label-mapping,"label ""Preparation of Salts (Word Equation)"" used by 1 served rows","UNMAPPABLE: chemical reactions of acids/bases (metals, carbonates, oxides, neutralisation) — propose concept ""Chemical Properties of Acids & Bases""",agent mapping,
(label),,acids-bases-and-salts,,concept-label-mapping,"label ""pH Scale Values"" used by 1 served rows","pH, Indicators & Strength",agent mapping,
(label),,acids-bases-and-salts,,concept-label-mapping,"label ""Electrical conductivity of bases"" used by 1 served rows","UNMAPPABLE: ions in water, conductivity, dilution — propose concept ""Acids & Bases in Water (H⁺/H₃O⁺, OH⁻, conductivity, dilution)""",agent mapping,
(label),,acids-bases-and-salts,,concept-label-mapping,"label ""Reaction of CO2 with limewater"" used by 1 served rows","UNMAPPABLE: chemical reactions of acids/bases (metals, carbonates, oxides, neutralisation) — propose concept ""Chemical Properties of Acids & Bases""",agent mapping,
(label),,acids-bases-and-salts,,concept-label-mapping,"label ""Acids, bases and indicators"" used by 1 served rows","pH, Indicators & Strength",agent mapping,
(label),,acids-bases-and-salts,,concept-label-mapping,"label ""Limewater — test for carbon dioxide"" used by 1 served rows","UNMAPPABLE: chemical reactions of acids/bases (metals, carbonates, oxides, neutralisation) — propose concept ""Chemical Properties of Acids & Bases""",agent mapping,
(label),,acids-bases-and-salts,,concept-label-mapping,"label ""Neutralisation in Everyday Life"" used by 1 served rows","pH, Indicators & Strength",agent mapping,
(label),,acids-bases-and-salts,,concept-label-mapping,"label ""Identifying Acids and Bases"" used by 1 served rows","pH, Indicators & Strength",agent mapping,
(label),,acids-bases-and-salts,,concept-label-mapping,"label ""Common Salts — Washing Soda"" used by 1 served rows","Important Salts (Na₂CO₃, NaHCO₃, Plaster of Paris)",agent mapping,
(label),,acids-bases-and-salts,,concept-label-mapping,"label ""Neutralisation — Parent Acid and Base of Salts"" used by 1 served rows","pH, Indicators & Strength",agent mapping,
(label),,acids-bases-and-salts,,concept-label-mapping,"label ""Chlor-alkali Process and Bleaching Powder"" used by 1 served rows","Important Salts (Na₂CO₃, NaHCO₃, Plaster of Paris)",agent mapping,
(label),,acids-bases-and-salts,,concept-label-mapping,"label ""HCl Formation and Acidic Property of Wet HCl Gas"" used by 1 served rows","UNMAPPABLE: ions in water, conductivity, dilution — propose concept ""Acids & Bases in Water (H⁺/H₃O⁺, OH⁻, conductivity, dilution)""",agent mapping,
(label),,acids-bases-and-salts,,concept-label-mapping,"label ""Hydronium Ions"" used by 1 served rows","UNMAPPABLE: ions in water, conductivity, dilution — propose concept ""Acids & Bases in Water (H⁺/H₃O⁺, OH⁻, conductivity, dilution)""",agent mapping,
(label),,acids-bases-and-salts,,concept-label-mapping,"label ""Hardness of Water"" used by 1 served rows","Important Salts (Na₂CO₃, NaHCO₃, Plaster of Paris)",agent mapping,
(label),,acids-bases-and-salts,,concept-label-mapping,"label ""Reactions of Acids with Metal Carbonates"" used by 1 served rows","UNMAPPABLE: chemical reactions of acids/bases (metals, carbonates, oxides, neutralisation) — propose concept ""Chemical Properties of Acids & Bases""",agent mapping,
(label),,acids-bases-and-salts,,concept-label-mapping,"label ""pH Scale and Dilution"" used by 1 served rows","pH, Indicators & Strength",agent mapping,
(label),,acids-bases-and-salts,,concept-label-mapping,"label ""pH Scale and Properties of Acids and Bases"" used by 1 served rows","pH, Indicators & Strength",agent mapping,
(label),,acids-bases-and-salts,,concept-label-mapping,"label ""Reactions of Acids with Metals"" used by 1 served rows","UNMAPPABLE: chemical reactions of acids/bases (metals, carbonates, oxides, neutralisation) — propose concept ""Chemical Properties of Acids & Bases""",agent mapping,
(label),,acids-bases-and-salts,,concept-label-mapping,"label ""Reactions of Acids with Carbonates and Hydrogencarbonates"" used by 1 served rows","UNMAPPABLE: chemical reactions of acids/bases (metals, carbonates, oxides, neutralisation) — propose concept ""Chemical Properties of Acids & Bases""",agent mapping,
(label),,acids-bases-and-salts,,concept-label-mapping,"label ""Dilution and Acidity"" used by 1 served rows","UNMAPPABLE: ions in water, conductivity, dilution — propose concept ""Acids & Bases in Water (H⁺/H₃O⁺, OH⁻, conductivity, dilution)""",agent mapping,
(label),,acids-bases-and-salts,,concept-label-mapping,"label ""Sodium Hydrogencarbonate - Identification"" used by 1 served rows","Important Salts (Na₂CO₃, NaHCO₃, Plaster of Paris)",agent mapping,
(label),,acids-bases-and-salts,,concept-label-mapping,"label ""Uses of Sodium Hydrogencarbonate"" used by 1 served rows","Important Salts (Na₂CO₃, NaHCO₃, Plaster of Paris)",agent mapping,
(label),,acids-bases-and-salts,,concept-label-mapping,"label ""Sodium Carbonate and Washing Soda"" used by 1 served rows","Important Salts (Na₂CO₃, NaHCO₃, Plaster of Paris)",agent mapping,
(label),,acids-bases-and-salts,,concept-label-mapping,"label ""Neutralisation Reaction"" used by 1 served rows","UNMAPPABLE: chemical reactions of acids/bases (metals, carbonates, oxides, neutralisation) — propose concept ""Chemical Properties of Acids & Bases""",agent mapping,
(label),,acids-bases-and-salts,,concept-label-mapping,"label ""pH Scale and Hydrogen Ion Concentration"" used by 1 served rows","pH, Indicators & Strength",agent mapping,
(label),,acids-bases-and-salts,,concept-label-mapping,"label ""Measurement of pH"" used by 1 served rows","pH, Indicators & Strength",agent mapping,
(label),,acids-bases-and-salts,,concept-label-mapping,"label ""Identification of Acids and Bases"" used by 1 served rows","pH, Indicators & Strength",agent mapping,
(label),,acids-bases-and-salts,,concept-label-mapping,"label ""Acids, Bases and Salts"" used by 1 served rows","UNMAPPABLE: generic catch-all label, not a concept — re-tag per row",agent mapping,
(label),,acids-bases-and-salts,,concept-label-mapping,"label ""pH & Indicators"" used by 1 served rows","pH, Indicators & Strength",agent mapping,
(label),,acids-bases-and-salts,,concept-label-mapping,"label ""pH & Daily-life"" used by 1 served rows","pH, Indicators & Strength",agent mapping,
(label),,acids-bases-and-salts,,concept-label-mapping,"label ""Salts & Everyday Uses"" used by 1 served rows","Important Salts (Na₂CO₃, NaHCO₃, Plaster of Paris)",agent mapping,
(label),,acids-bases-and-salts,,concept-label-mapping,"label ""Important Salts (Plaster of Paris)"" used by 1 served rows","Important Salts (Na₂CO₃, NaHCO₃, Plaster of Paris)",agent mapping,
(label),,acids-bases-and-salts,,concept-label-mapping,"label ""pH Scale & Industrial Context"" used by 1 served rows","pH, Indicators & Strength",agent mapping,
(label),,acids-bases-and-salts,,concept-label-mapping,"label ""pH Scale & Indicators"" used by 1 served rows","pH, Indicators & Strength",agent mapping,
(label),,acids-bases-and-salts,,concept-label-mapping,"label ""Everyday Salts & Their Uses"" used by 1 served rows","Important Salts (Na₂CO₃, NaHCO₃, Plaster of Paris)",agent mapping,
(label),,acids-bases-and-salts,,concept-label-mapping,"label ""Preparation & Properties of Salts"" used by 1 served rows","Important Salts (Na₂CO₃, NaHCO₃, Plaster of Paris)",agent mapping,
(label),,acids-bases-and-salts,,concept-label-mapping,"label ""Indicators & pH"" used by 1 served rows","pH, Indicators & Strength",agent mapping,
(label),,acids-bases-and-salts,,concept-label-mapping,"label ""Reactions with Metals & Bases"" used by 1 served rows","UNMAPPABLE: chemical reactions of acids/bases (metals, carbonates, oxides, neutralisation) — propose concept ""Chemical Properties of Acids & Bases""",agent mapping,
(label),,acids-bases-and-salts,,concept-label-mapping,"label ""Salts & Their Uses"" used by 1 served rows","Important Salts (Na₂CO₃, NaHCO₃, Plaster of Paris)",agent mapping,
(label),,acids-bases-and-salts,,concept-label-mapping,"label ""pH, Indicators & Strength"" used by 1 served rows","pH, Indicators & Strength",agent mapping,
(label),,acids-bases-and-salts,,concept-label-mapping,"label ""pH and Indicators"" used by 1 served rows","pH, Indicators & Strength",agent mapping,
(label),,areas-related-to-circles,,concept-label-mapping,"label ""Sectors and Segments"" used by 28 served rows",Sectors and Segments,agent mapping,
(label),,areas-related-to-circles,,concept-label-mapping,"label ""Composite Figures"" used by 20 served rows",Composite Figures,agent mapping,
(label),,areas-related-to-circles,,concept-label-mapping,"label ""Sector Area"" used by 20 served rows",Sectors and Segments,agent mapping,
(label),,areas-related-to-circles,,concept-label-mapping,"label ""Arc Length"" used by 16 served rows",Sectors and Segments,agent mapping,
(label),,areas-related-to-circles,,concept-label-mapping,"label ""Area of Sector"" used by 14 served rows",Sectors and Segments,agent mapping,
(label),,areas-related-to-circles,,concept-label-mapping,"label ""(none)"" used by 10 served rows",UNMAPPABLE: no label set - assign per row,agent mapping,
(label),,areas-related-to-circles,,concept-label-mapping,"label ""Segment Area"" used by 7 served rows",Sectors and Segments,agent mapping,
(label),,areas-related-to-circles,,concept-label-mapping,"label ""Area of Segment"" used by 5 served rows",Sectors and Segments,agent mapping,
(label),,areas-related-to-circles,,concept-label-mapping,"label ""Combined Figures"" used by 4 served rows",Composite Figures,agent mapping,
(label),,areas-related-to-circles,,concept-label-mapping,"label ""Area of a Circle"" used by 3 served rows","UNMAPPABLE: circle area/circumference/wheel basics - propose ""Circumference and Area of a Circle""",agent mapping,
(label),,areas-related-to-circles,,concept-label-mapping,"label ""Grazing Area"" used by 2 served rows",Sectors and Segments,agent mapping,
(label),,areas-related-to-circles,,concept-label-mapping,"label ""Circumference of a Circle"" used by 2 served rows","UNMAPPABLE: circle area/circumference/wheel basics - propose ""Circumference and Area of a Circle""",agent mapping,
(label),,areas-related-to-circles,,concept-label-mapping,"label ""Sector and Segment"" used by 1 served rows",Sectors and Segments,agent mapping,
(label),,areas-related-to-circles,,concept-label-mapping,"label ""Area of Annulus"" used by 1 served rows",Composite Figures,agent mapping,
(label),,areas-related-to-circles,,concept-label-mapping,"label ""Perimeter and Area of Circle"" used by 1 served rows","UNMAPPABLE: circle area/circumference/wheel basics - propose ""Circumference and Area of a Circle""",agent mapping,
(label),,areas-related-to-circles,,concept-label-mapping,"label ""Sum of Radii"" used by 1 served rows","UNMAPPABLE: circle area/circumference/wheel basics - propose ""Circumference and Area of a Circle""",agent mapping,
(label),,areas-related-to-circles,,concept-label-mapping,"label ""Sum of Areas"" used by 1 served rows","UNMAPPABLE: circle area/circumference/wheel basics - propose ""Circumference and Area of a Circle""",agent mapping,
(label),,areas-related-to-circles,,concept-label-mapping,"label ""Length of Arc"" used by 1 served rows",Sectors and Segments,agent mapping,
(label),,areas-related-to-circles,,concept-label-mapping,"label ""Area of Quadrant"" used by 1 served rows",Sectors and Segments,agent mapping,
(label),,areas-related-to-circles,,concept-label-mapping,"label ""Sector Swept by Minute Hand"" used by 1 served rows",Sectors and Segments,agent mapping,
(label),,areas-related-to-circles,,concept-label-mapping,"label ""Sector and Arc Length"" used by 1 served rows",Sectors and Segments,agent mapping,
(label),,areas-related-to-circles,,concept-label-mapping,"label ""Area of Minor Segment"" used by 1 served rows",Sectors and Segments,agent mapping,
(label),,areas-related-to-circles,,concept-label-mapping,"label ""Real-World Sector"" used by 1 served rows",Sectors and Segments,agent mapping,
(label),,areas-related-to-circles,,concept-label-mapping,"label ""Wheels and Revolutions"" used by 1 served rows","UNMAPPABLE: circle area/circumference/wheel basics - propose ""Circumference and Area of a Circle""",agent mapping,
(label),,areas-related-to-circles,,concept-label-mapping,"label ""Sum of Areas of Circles"" used by 1 served rows","UNMAPPABLE: circle area/circumference/wheel basics - propose ""Circumference and Area of a Circle""",agent mapping,
(label),,areas-related-to-circles,,concept-label-mapping,"label ""Sum of Circumferences"" used by 1 served rows","UNMAPPABLE: circle area/circumference/wheel basics - propose ""Circumference and Area of a Circle""",agent mapping,
(label),,areas-related-to-circles,,concept-label-mapping,"label ""Inscribed Triangle"" used by 1 served rows",Composite Figures,agent mapping,
(label),,areas-related-to-circles,,concept-label-mapping,"label ""Inscribed Circle"" used by 1 served rows",Composite Figures,agent mapping,
(label),,areas-related-to-circles,,concept-label-mapping,"label ""Inscribed Square"" used by 1 served rows",Composite Figures,agent mapping,
(label),,areas-related-to-circles,,concept-label-mapping,"label ""Equal Circle from Areas"" used by 1 served rows","UNMAPPABLE: circle area/circumference/wheel basics - propose ""Circumference and Area of a Circle""",agent mapping,
(label),,areas-related-to-circles,,concept-label-mapping,"label ""Equal Areas vs Equal Circumferences"" used by 1 served rows","UNMAPPABLE: circle area/circumference/wheel basics - propose ""Circumference and Area of a Circle""",agent mapping,
(label),,areas-related-to-circles,,concept-label-mapping,"label ""Inscribed Circle in Square"" used by 1 served rows",Composite Figures,agent mapping,
(label),,areas-related-to-circles,,concept-label-mapping,"label ""Wheel Distance per Revolution"" used by 1 served rows","UNMAPPABLE: circle area/circumference/wheel basics - propose ""Circumference and Area of a Circle""",agent mapping,
(label),,areas-related-to-circles,,concept-label-mapping,"label ""Equal Arcs vs Equal Areas"" used by 1 served rows",Sectors and Segments,agent mapping,
(label),,areas-related-to-circles,,concept-label-mapping,"label ""Equal Circle from Circumferences"" used by 1 served rows","UNMAPPABLE: circle area/circumference/wheel basics - propose ""Circumference and Area of a Circle""",agent mapping,
(label),,areas-related-to-circles,,concept-label-mapping,"label ""Wheel Revolutions per Minute"" used by 1 served rows","UNMAPPABLE: circle area/circumference/wheel basics - propose ""Circumference and Area of a Circle""",agent mapping,
(label),,areas-related-to-circles,,concept-label-mapping,"label ""Minor Segment"" used by 1 served rows",Sectors and Segments,agent mapping,
(label),,areas-related-to-circles,,concept-label-mapping,"label ""Arc Length from Bent Wire"" used by 1 served rows",Sectors and Segments,agent mapping,
(label),,areas-related-to-circles,,concept-label-mapping,"label ""Area of Major Segment"" used by 1 served rows",Sectors and Segments,agent mapping,
(label),,areas-related-to-circles,,concept-label-mapping,"label ""Combinations of Plane Figures"" used by 1 served rows",Composite Figures,agent mapping,
(label),,areas-related-to-circles,,concept-label-mapping,"label ""Grazing Increase"" used by 1 served rows",Sectors and Segments,agent mapping,
(label),,areas-related-to-circles,,concept-label-mapping,"label ""Circle vs Square (Equal Perimeter)"" used by 1 served rows","UNMAPPABLE: circle area/circumference/wheel basics - propose ""Circumference and Area of a Circle""",agent mapping,
(label),,areas-related-to-circles,,concept-label-mapping,"label ""Ratio of Areas (Equal Perimeter)"" used by 1 served rows","UNMAPPABLE: circle area/circumference/wheel basics - propose ""Circumference and Area of a Circle""",agent mapping,
(label),,areas-related-to-circles,,concept-label-mapping,"label ""Combined Area of Circles"" used by 1 served rows","UNMAPPABLE: circle area/circumference/wheel basics - propose ""Circumference and Area of a Circle""",agent mapping,
(label),,areas-related-to-circles,,concept-label-mapping,"label ""Combined Circumference"" used by 1 served rows","UNMAPPABLE: circle area/circumference/wheel basics - propose ""Circumference and Area of a Circle""",agent mapping,
(label),,areas-related-to-circles,,concept-label-mapping,"label ""Square Circumscribing a Circle"" used by 1 served rows",Composite Figures,agent mapping,
(label),,areas-related-to-circles,,concept-label-mapping,"label ""Squares Inscribed/Circumscribing a Circle"" used by 1 served rows",Composite Figures,agent mapping,
(label),,areas-related-to-circles,,concept-label-mapping,"label ""Segment vs Sector"" used by 1 served rows",Sectors and Segments,agent mapping,
(label),,areas-related-to-circles,,concept-label-mapping,"label ""Distance in One Revolution"" used by 1 served rows","UNMAPPABLE: circle area/circumference/wheel basics - propose ""Circumference and Area of a Circle""",agent mapping,
(label),,areas-related-to-circles,,concept-label-mapping,"label ""Area vs Circumference (Numerical)"" used by 1 served rows","UNMAPPABLE: circle area/circumference/wheel basics - propose ""Circumference and Area of a Circle""",agent mapping,
(label),,areas-related-to-circles,,concept-label-mapping,"label ""Equal Areas ⇒ Equal Circumferences"" used by 1 served rows","UNMAPPABLE: circle area/circumference/wheel basics - propose ""Circumference and Area of a Circle""",agent mapping,
(label),,areas-related-to-circles,,concept-label-mapping,"label ""Area of a Circular Path (Ring)"" used by 1 served rows",Composite Figures,agent mapping,
(label),,areas-related-to-circles,,concept-label-mapping,"label ""Area and Cost of Fencing"" used by 1 served rows","UNMAPPABLE: circle area/circumference/wheel basics - propose ""Circumference and Area of a Circle""",agent mapping,
(label),,areas-related-to-circles,,concept-label-mapping,"label ""Revolutions of Wheels"" used by 1 served rows","UNMAPPABLE: circle area/circumference/wheel basics - propose ""Circumference and Area of a Circle""",agent mapping,
(label),,areas-related-to-circles,,concept-label-mapping,"label ""Area of a Segment"" used by 1 served rows",Sectors and Segments,agent mapping,
(label),,areas-related-to-circles,,concept-label-mapping,"label ""Area of a Circular Path + Cost"" used by 1 served rows",Composite Figures,agent mapping,
(label),,areas-related-to-circles,,concept-label-mapping,"label ""Area of a Sector from Arc Length"" used by 1 served rows",Sectors and Segments,agent mapping,
(label),,areas-related-to-circles,,concept-label-mapping,"label ""Rhombus Inscribed in a Circle"" used by 1 served rows",Composite Figures,agent mapping,
(label),,areas-related-to-circles,,concept-label-mapping,"label ""Area Swept by a Clock Hand"" used by 1 served rows",Sectors and Segments,agent mapping,
(label),,areas-related-to-circles,,concept-label-mapping,"label ""Sector: Area to Radius and Arc"" used by 1 served rows",Sectors and Segments,agent mapping,
(label),,areas-related-to-circles,,concept-label-mapping,"label ""Revolutions of a Wheel"" used by 1 served rows","UNMAPPABLE: circle area/circumference/wheel basics - propose ""Circumference and Area of a Circle""",agent mapping,
(label),,areas-related-to-circles,,concept-label-mapping,"label ""Sector and Major Sector"" used by 1 served rows",Sectors and Segments,agent mapping,
(label),,areas-related-to-circles,,concept-label-mapping,"label ""Sectors of Two Circles (Compare)"" used by 1 served rows",Sectors and Segments,agent mapping,
(label),,areas-related-to-circles,,concept-label-mapping,"label ""Areas of Sectors and Segments"" used by 1 served rows",Sectors and Segments,agent mapping,
(label),,areas-related-to-circles,,concept-label-mapping,"label ""Areas of Circles and Sectors (Applications)"" used by 1 served rows",Sectors and Segments,agent mapping,
(label),,areas-related-to-circles,,concept-label-mapping,"label ""Area and Circumference of a Circle (Applications)"" used by 1 served rows","UNMAPPABLE: circle area/circumference/wheel basics - propose ""Circumference and Area of a Circle""",agent mapping,
(label),,areas-related-to-circles,,concept-label-mapping,"label ""Area of a Border Region"" used by 1 served rows",OUT: rectangular border with no circle content (non-board mensuration),agent mapping,
(label),,areas-related-to-circles,,concept-label-mapping,"label ""Comparing Areas of Circles (Value for Money)"" used by 1 served rows","UNMAPPABLE: circle area/circumference/wheel basics - propose ""Circumference and Area of a Circle""",agent mapping,
(label),,areas-related-to-circles,,concept-label-mapping,"label ""Circumference = Area Numerically"" used by 1 served rows","UNMAPPABLE: circle area/circumference/wheel basics - propose ""Circumference and Area of a Circle""",agent mapping,
(label),,areas-related-to-circles,,concept-label-mapping,"label ""Combining Areas of Circles"" used by 1 served rows","UNMAPPABLE: circle area/circumference/wheel basics - propose ""Circumference and Area of a Circle""",agent mapping,
(label),,areas-related-to-circles,,concept-label-mapping,"label ""Perimeter of a Quadrant"" used by 1 served rows",Sectors and Segments,agent mapping,
(label),,areas-related-to-circles,,concept-label-mapping,"label ""Area of Inscribed Circle"" used by 1 served rows",Composite Figures,agent mapping,
(label),,areas-related-to-circles,,concept-label-mapping,"label ""Circumference, Sector Area and Revolutions"" used by 1 served rows",Sectors and Segments,agent mapping,
(label),,areas-related-to-circles,,concept-label-mapping,"label ""Length of an Arc of a Sector"" used by 1 served rows",Sectors and Segments,agent mapping,
(label),,areas-related-to-circles,,concept-label-mapping,"label ""Distance Covered by a Wheel"" used by 1 served rows","UNMAPPABLE: circle area/circumference/wheel basics - propose ""Circumference and Area of a Circle""",agent mapping,
(label),,areas-related-to-circles,,concept-label-mapping,"label ""Regular Polygon Inscribed in a Circle"" used by 1 served rows",Composite Figures,agent mapping,
(label),,areas-related-to-circles,,concept-label-mapping,"label ""Area Between Two Concentric Circles (Ring)"" used by 1 served rows",Composite Figures,agent mapping,
(label),,areas-related-to-circles,,concept-label-mapping,"label ""Arc Length from Area"" used by 1 served rows",Sectors and Segments,agent mapping,
(label),,areas-related-to-circles,,concept-label-mapping,"label ""Area of Circular Sectors — Inscribed Polygon"" used by 1 served rows",Composite Figures,agent mapping,
(label),,areas-related-to-circles,,concept-label-mapping,"label ""Sector and Triangle Areas — Rhombus"" used by 1 served rows",Composite Figures,agent mapping,
(label),,areas-related-to-circles,,concept-label-mapping,"label ""Sector and Triangle Areas — Trophy Shield"" used by 1 served rows",Composite Figures,agent mapping,
(label),,areas-related-to-circles,,concept-label-mapping,"label ""Sector — Length Calculation"" used by 1 served rows",Sectors and Segments,agent mapping,
(label),,areas-related-to-circles,,concept-label-mapping,"label ""Sector Area — Sufficient Conditions"" used by 1 served rows",Sectors and Segments,agent mapping,
(label),,areas-related-to-circles,,concept-label-mapping,"label ""Sector Area — Fibonacci Grid"" used by 1 served rows",Sectors and Segments,agent mapping,
(label),,areas-related-to-circles,,concept-label-mapping,"label ""Arc Length — Chord Subtending 60°"" used by 1 served rows",Sectors and Segments,agent mapping,
(label),,areas-related-to-circles,,concept-label-mapping,"label ""Segment Area — Semicircle in Semicircle"" used by 1 served rows",Sectors and Segments,agent mapping,
(label),,areas-related-to-circles,,concept-label-mapping,"label ""Areas Swept"" used by 1 served rows",Sectors and Segments,agent mapping,
(label),,areas-related-to-circles,,concept-label-mapping,"label ""Areas Swept by Clock Hands"" used by 1 served rows",Sectors and Segments,agent mapping,
(label),,areas-related-to-circles,,concept-label-mapping,"label ""Areas Related to Circles"" used by 1 served rows","UNMAPPABLE: chapter name, not a concept - assign per row",agent mapping,
(label),,areas-related-to-circles,,concept-label-mapping,"label ""Sector & Segment"" used by 1 served rows",Sectors and Segments,agent mapping,
(label),,areas-related-to-circles,,concept-label-mapping,"label ""Sector/segment logic"" used by 1 served rows",Sectors and Segments,agent mapping,
(label),,arithmetic-progression,,concept-label-mapping,"label ""Sum of n Terms"" used by 107 served rows",Sum of n Terms,agent mapping,
(label),,arithmetic-progression,,concept-label-mapping,"label ""nth Term of AP"" used by 59 served rows",nth Term,agent mapping,
(label),,arithmetic-progression,,concept-label-mapping,"label ""Application Problems"" used by 34 served rows",Application Problems,agent mapping,
(label),,arithmetic-progression,,concept-label-mapping,"label ""nth Term"" used by 30 served rows",nth Term,agent mapping,
(label),,arithmetic-progression,,concept-label-mapping,"label ""Word Problems on AP"" used by 26 served rows",Application Problems,agent mapping,
(label),,arithmetic-progression,,concept-label-mapping,"label ""(none)"" used by 10 served rows",UNMAPPABLE: rows carry no subtopic label — assign per row,agent mapping,
(label),,arithmetic-progression,,concept-label-mapping,"label ""Common Difference"" used by 8 served rows",nth Term,agent mapping,
(label),,arithmetic-progression,,concept-label-mapping,"label ""Consecutive Terms in AP"" used by 7 served rows",nth Term,agent mapping,
(label),,arithmetic-progression,,concept-label-mapping,"label ""AP: nth Term and Sum of n Terms (Applications)"" used by 7 served rows",Application Problems,agent mapping,
(label),,arithmetic-progression,,concept-label-mapping,"label ""nth Term of an AP"" used by 5 served rows",nth Term,agent mapping,
(label),,arithmetic-progression,,concept-label-mapping,"label ""Identification of AP"" used by 4 served rows","UNMAPPABLE: recognising/testing whether a list is an AP (definition, common difference) — propose concept ""Recognising an AP""",agent mapping,
(label),,arithmetic-progression,,concept-label-mapping,"label ""Number of Terms"" used by 4 served rows",nth Term,agent mapping,
(label),,arithmetic-progression,,concept-label-mapping,"label ""Sum of n Terms (Real-Life Application)"" used by 4 served rows",Application Problems,agent mapping,
(label),,arithmetic-progression,,concept-label-mapping,"label ""General"" used by 3 served rows",UNMAPPABLE: generic label on PYQ rows — assign per row (nth Term / Sum of n Terms),agent mapping,
(label),,arithmetic-progression,,concept-label-mapping,"label ""Four Terms in AP"" used by 2 served rows",nth Term,agent mapping,
(label),,arithmetic-progression,,concept-label-mapping,"label ""Middle and Last Terms"" used by 2 served rows",nth Term,agent mapping,
(label),,arithmetic-progression,,concept-label-mapping,"label ""Sum of an AP"" used by 2 served rows",Sum of n Terms,agent mapping,
(label),,arithmetic-progression,,concept-label-mapping,"label ""Sum of n Terms of an AP"" used by 2 served rows",Sum of n Terms,agent mapping,
(label),,arithmetic-progression,,concept-label-mapping,"label ""AP — Real-world Application"" used by 2 served rows",Application Problems,agent mapping,
(label),,arithmetic-progression,,concept-label-mapping,"label ""Sum of n terms"" used by 2 served rows",Sum of n Terms,agent mapping,
(label),,arithmetic-progression,,concept-label-mapping,"label ""Difference of Terms"" used by 1 served rows",nth Term,agent mapping,
(label),,arithmetic-progression,,concept-label-mapping,"label ""Compound Interest vs AP"" used by 1 served rows","UNMAPPABLE: recognising/testing whether a list is an AP (definition, common difference) — propose concept ""Recognising an AP""",agent mapping,
(label),,arithmetic-progression,,concept-label-mapping,"label ""Recognising an AP"" used by 1 served rows","UNMAPPABLE: recognising/testing whether a list is an AP (definition, common difference) — propose concept ""Recognising an AP""",agent mapping,
(label),,arithmetic-progression,,concept-label-mapping,"label ""AP from nth Term"" used by 1 served rows",nth Term,agent mapping,
(label),,arithmetic-progression,,concept-label-mapping,"label ""Middle Term of AP"" used by 1 served rows",nth Term,agent mapping,
(label),,arithmetic-progression,,concept-label-mapping,"label ""Three Terms in AP"" used by 1 served rows",nth Term,agent mapping,
(label),,arithmetic-progression,,concept-label-mapping,"label ""Angles in AP"" used by 1 served rows",Application Problems,agent mapping,
(label),,arithmetic-progression,,concept-label-mapping,"label ""Properties of AP"" used by 1 served rows","UNMAPPABLE: recognising/testing whether a list is an AP (definition, common difference) — propose concept ""Recognising an AP""",agent mapping,
(label),,arithmetic-progression,,concept-label-mapping,"label ""Common Terms of two APs"" used by 1 served rows",nth Term,agent mapping,
(label),,arithmetic-progression,,concept-label-mapping,"label ""First Few Terms of an AP"" used by 1 served rows",nth Term,agent mapping,
(label),,arithmetic-progression,,concept-label-mapping,"label ""Finding the Term Number"" used by 1 served rows",nth Term,agent mapping,
(label),,arithmetic-progression,,concept-label-mapping,"label ""nth Term from the End"" used by 1 served rows",nth Term,agent mapping,
(label),,arithmetic-progression,,concept-label-mapping,"label ""AP in History of Mathematics"" used by 1 served rows","UNMAPPABLE: history trivia (Gauss) — fold into proposed ""Recognising an AP"" (motivation for AP)",agent mapping,
(label),,arithmetic-progression,,concept-label-mapping,"label ""Number of Terms from Sum"" used by 1 served rows",Sum of n Terms,agent mapping,
(label),,arithmetic-progression,,concept-label-mapping,"label ""Test for an AP"" used by 1 served rows","UNMAPPABLE: recognising/testing whether a list is an AP (definition, common difference) — propose concept ""Recognising an AP""",agent mapping,
(label),,arithmetic-progression,,concept-label-mapping,"label ""Difference of Terms without Computing Them"" used by 1 served rows",nth Term,agent mapping,
(label),,arithmetic-progression,,concept-label-mapping,"label ""Difference of Corresponding Terms"" used by 1 served rows",nth Term,agent mapping,
(label),,arithmetic-progression,,concept-label-mapping,"label ""Unknowns in an AP"" used by 1 served rows",nth Term,agent mapping,
(label),,arithmetic-progression,,concept-label-mapping,"label ""Common Difference and Number of Terms"" used by 1 served rows",Sum of n Terms,agent mapping,
(label),,arithmetic-progression,,concept-label-mapping,"label ""Splitting a Number into AP"" used by 1 served rows",nth Term,agent mapping,
(label),,arithmetic-progression,,concept-label-mapping,"label ""Equal Terms of Two APs"" used by 1 served rows",nth Term,agent mapping,
(label),,arithmetic-progression,,concept-label-mapping,"label ""Term from the End"" used by 1 served rows",nth Term,agent mapping,
(label),,arithmetic-progression,,concept-label-mapping,"label ""Number of Terms and Common Difference"" used by 1 served rows",Sum of n Terms,agent mapping,
(label),,arithmetic-progression,,concept-label-mapping,"label ""AP from Sum Formula"" used by 1 served rows",Sum of n Terms,agent mapping,
(label),,arithmetic-progression,,concept-label-mapping,"label ""Sum of Last Terms"" used by 1 served rows",Sum of n Terms,agent mapping,
(label),,arithmetic-progression,,concept-label-mapping,"label ""Solving an AP Equation"" used by 1 served rows",Sum of n Terms,agent mapping,
(label),,arithmetic-progression,,concept-label-mapping,"label ""AP: nth Term (Applications)"" used by 1 served rows",Application Problems,agent mapping,
(label),,arithmetic-progression,,concept-label-mapping,"label ""AP: nth Term and General Term Formula (Applications)"" used by 1 served rows",Application Problems,agent mapping,
(label),,arithmetic-progression,,concept-label-mapping,"label ""AP: nth Term and Sum of n Terms (Patterns)"" used by 1 served rows",Application Problems,agent mapping,
(label),,arithmetic-progression,,concept-label-mapping,"label ""nth Term — Difference Between Two APs"" used by 1 served rows",nth Term,agent mapping,
(label),,arithmetic-progression,,concept-label-mapping,"label ""Identifying an AP"" used by 1 served rows","UNMAPPABLE: recognising/testing whether a list is an AP (definition, common difference) — propose concept ""Recognising an AP""",agent mapping,
(label),,arithmetic-progression,,concept-label-mapping,"label ""Case-Based — Sports Training Progression"" used by 1 served rows",Application Problems,agent mapping,
(label),,arithmetic-progression,,concept-label-mapping,"label ""nth Term of an AP (Real-Life Application)"" used by 1 served rows",Application Problems,agent mapping,
(label),,arithmetic-progression,,concept-label-mapping,"label ""Identifying an Arithmetic Progression"" used by 1 served rows","UNMAPPABLE: recognising/testing whether a list is an AP (definition, common difference) — propose concept ""Recognising an AP""",agent mapping,
(label),,arithmetic-progression,,concept-label-mapping,"label ""Consecutive Terms of an AP"" used by 1 served rows",nth Term,agent mapping,
(label),,arithmetic-progression,,concept-label-mapping,"label ""Sum of n Terms of an AP (Real-Life Application)"" used by 1 served rows",Application Problems,agent mapping,
(label),,arithmetic-progression,,concept-label-mapping,"label ""Arithmetic Progression (nth term)"" used by 1 served rows",nth Term,agent mapping,
(label),,arithmetic-progression,,concept-label-mapping,"label ""Sum of n Terms of an A.P."" used by 1 served rows",Sum of n Terms,agent mapping,
(label),,arithmetic-progression,,concept-label-mapping,"label ""nth Term of an A.P."" used by 1 served rows",nth Term,agent mapping,
(label),,arithmetic-progression,,concept-label-mapping,"label ""Dividing a Number into AP Parts"" used by 1 served rows",nth Term,agent mapping,
(label),,arithmetic-progression,,concept-label-mapping,"label ""Sum of First n Terms"" used by 1 served rows",Sum of n Terms,agent mapping,
(label),,arithmetic-progression,,concept-label-mapping,"label ""Difference of nth Terms"" used by 1 served rows",nth Term,agent mapping,
(label),,arithmetic-progression,,concept-label-mapping,"label ""AP — Real-world Spacecraft Velocity"" used by 1 served rows",Application Problems,agent mapping,
(label),,arithmetic-progression,,concept-label-mapping,"label ""Arithmetic Progressions"" used by 1 served rows",UNMAPPABLE: chapter-name label — assign per row,agent mapping,
(label),,arithmetic-progression,,concept-label-mapping,"label ""General Term"" used by 1 served rows",nth Term,agent mapping,
(label),,arithmetic-progression,,concept-label-mapping,"label ""nth Term & Sum"" used by 1 served rows",Sum of n Terms,agent mapping,
(label),,arithmetic-progression,,concept-label-mapping,"label ""Applications"" used by 1 served rows",Application Problems,agent mapping,
(label),,arithmetic-progression,,concept-label-mapping,"label ""nth term vs sum"" used by 1 served rows",Sum of n Terms,agent mapping,
(label),,arithmetic-progression,,concept-label-mapping,"label ""Applications blend"" used by 1 served rows",Application Problems,agent mapping,
(label),,arithmetic-progression,,concept-label-mapping,"label ""Sum of n Terms & Applications"" used by 1 served rows",Sum of n Terms,agent mapping,
(label),,arithmetic-progression,,concept-label-mapping,"label ""Basics of AP"" used by 1 served rows","UNMAPPABLE: recognising/testing whether a list is an AP (definition, common difference) — propose concept ""Recognising an AP""",agent mapping,
(label),,arithmetic-progression,,concept-label-mapping,"label ""nth term"" used by 1 served rows",nth Term,agent mapping,
(label),,carbon-and-its-compounds,,concept-label-mapping,"label ""Chapter Practice — Carbon and its Compounds"" used by 40 served rows","UNMAPPABLE: chapter-wide catch-all label, no single concept; needs re-tagging per question",agent mapping,
(label),,carbon-and-its-compounds,,concept-label-mapping,"label ""Homologous Series"" used by 21 served rows",Homologous Series & Nomenclature,agent mapping,
(label),,carbon-and-its-compounds,,concept-label-mapping,"label ""Soaps and Detergents"" used by 17 served rows","UNMAPPABLE: propose ""Soaps & Detergents (Micelles)""",agent mapping,
(label),,carbon-and-its-compounds,,concept-label-mapping,"label ""Chemical Properties"" used by 14 served rows","UNMAPPABLE: propose ""Chemical Properties of Carbon Compounds (combustion, oxidation, addition, substitution)""",agent mapping,
(label),,carbon-and-its-compounds,,concept-label-mapping,"label ""Reactions"" used by 13 served rows","UNMAPPABLE: propose ""Chemical Properties of Carbon Compounds (combustion, oxidation, addition, substitution)""",agent mapping,
(label),,carbon-and-its-compounds,,concept-label-mapping,"label ""Properties & Uses"" used by 13 served rows",Properties of Ethanol & Ethanoic Acid,agent mapping,
(label),,carbon-and-its-compounds,,concept-label-mapping,"label ""Covalent Bonds"" used by 13 served rows","UNMAPPABLE: propose ""Covalent Bonding & Versatility of Carbon""",agent mapping,
(label),,carbon-and-its-compounds,,concept-label-mapping,"label ""Functional Groups"" used by 11 served rows",Homologous Series & Nomenclature,agent mapping,
(label),,carbon-and-its-compounds,,concept-label-mapping,"label ""Nomenclature"" used by 11 served rows",Homologous Series & Nomenclature,agent mapping,
(label),,carbon-and-its-compounds,,concept-label-mapping,"label ""Bonding in Carbon"" used by 10 served rows","UNMAPPABLE: propose ""Covalent Bonding & Versatility of Carbon""",agent mapping,
(label),,carbon-and-its-compounds,,concept-label-mapping,"label ""(none)"" used by 10 served rows","UNMAPPABLE: chapter-wide catch-all label, no single concept; needs re-tagging per question",agent mapping,
(label),,carbon-and-its-compounds,,concept-label-mapping,"label ""Bonding & Structure"" used by 8 served rows","UNMAPPABLE: propose ""Covalent Bonding & Versatility of Carbon""",agent mapping,
(label),,carbon-and-its-compounds,,concept-label-mapping,"label ""Naming (IUPAC)"" used by 5 served rows",Homologous Series & Nomenclature,agent mapping,
(label),,carbon-and-its-compounds,,concept-label-mapping,"label ""General"" used by 4 served rows","UNMAPPABLE: chapter-wide catch-all label, no single concept; needs re-tagging per question",agent mapping,
(label),,carbon-and-its-compounds,,concept-label-mapping,"label ""Combustion"" used by 3 served rows","UNMAPPABLE: propose ""Chemical Properties of Carbon Compounds (combustion, oxidation, addition, substitution)""",agent mapping,
(label),,carbon-and-its-compounds,,concept-label-mapping,"label ""Addition Reactions"" used by 3 served rows","UNMAPPABLE: propose ""Chemical Properties of Carbon Compounds (combustion, oxidation, addition, substitution)""",agent mapping,
(label),,carbon-and-its-compounds,,concept-label-mapping,"label ""Isomers"" used by 3 served rows","UNMAPPABLE: propose ""Structural Isomerism""",agent mapping,
(label),,carbon-and-its-compounds,,concept-label-mapping,"label ""Esterification"" used by 3 served rows",Properties of Ethanol & Ethanoic Acid,agent mapping,
(label),,carbon-and-its-compounds,,concept-label-mapping,"label ""Saturated and Unsaturated Carbon Compounds"" used by 3 served rows","UNMAPPABLE: propose ""Saturated & Unsaturated Hydrocarbons""",agent mapping,
(label),,carbon-and-its-compounds,,concept-label-mapping,"label ""Structural Isomerism"" used by 3 served rows","UNMAPPABLE: propose ""Structural Isomerism""",agent mapping,
(label),,carbon-and-its-compounds,,concept-label-mapping,"label ""Homologous Series & Nomenclature"" used by 3 served rows",Homologous Series & Nomenclature,agent mapping,
(label),,carbon-and-its-compounds,,concept-label-mapping,"label ""Versatility of Carbon"" used by 2 served rows","UNMAPPABLE: propose ""Covalent Bonding & Versatility of Carbon""",agent mapping,
(label),,carbon-and-its-compounds,,concept-label-mapping,"label ""Soaps"" used by 2 served rows","UNMAPPABLE: propose ""Soaps & Detergents (Micelles)""",agent mapping,
(label),,carbon-and-its-compounds,,concept-label-mapping,"label ""Alcohols"" used by 2 served rows",Properties of Ethanol & Ethanoic Acid,agent mapping,
(label),,carbon-and-its-compounds,,concept-label-mapping,"label ""Dehydration"" used by 2 served rows",Properties of Ethanol & Ethanoic Acid,agent mapping,
(label),,carbon-and-its-compounds,,concept-label-mapping,"label ""Catenation"" used by 2 served rows","UNMAPPABLE: propose ""Covalent Bonding & Versatility of Carbon""",agent mapping,
(label),,carbon-and-its-compounds,,concept-label-mapping,"label ""Types of Reactions"" used by 2 served rows","UNMAPPABLE: propose ""Chemical Properties of Carbon Compounds (combustion, oxidation, addition, substitution)""",agent mapping,
(label),,carbon-and-its-compounds,,concept-label-mapping,"label ""Covalent Bonding"" used by 2 served rows","UNMAPPABLE: propose ""Covalent Bonding & Versatility of Carbon""",agent mapping,
(label),,carbon-and-its-compounds,,concept-label-mapping,"label ""Soaps and Micelles"" used by 2 served rows","UNMAPPABLE: propose ""Soaps & Detergents (Micelles)""",agent mapping,
(label),,carbon-and-its-compounds,,concept-label-mapping,"label ""Functional Groups in Carbon Compounds"" used by 2 served rows",Homologous Series & Nomenclature,agent mapping,
(label),,carbon-and-its-compounds,,concept-label-mapping,"label ""Homologous Series, Nomenclature, Chemical Properties"" used by 1 served rows",Homologous Series & Nomenclature,agent mapping,
(label),,carbon-and-its-compounds,,concept-label-mapping,"label ""Bonding in Carbon and Chemical Properties"" used by 1 served rows","UNMAPPABLE: propose ""Covalent Bonding & Versatility of Carbon""",agent mapping,
(label),,carbon-and-its-compounds,,concept-label-mapping,"label ""Homologous Series and Nomenclature"" used by 1 served rows",Homologous Series & Nomenclature,agent mapping,
(label),,carbon-and-its-compounds,,concept-label-mapping,"label ""Test for Saturation"" used by 1 served rows","UNMAPPABLE: propose ""Saturated & Unsaturated Hydrocarbons""",agent mapping,
(label),,carbon-and-its-compounds,,concept-label-mapping,"label ""Carbon in Nature"" used by 1 served rows","UNMAPPABLE: propose ""Covalent Bonding & Versatility of Carbon""",agent mapping,
(label),,carbon-and-its-compounds,,concept-label-mapping,"label ""Covalent Compounds"" used by 1 served rows","UNMAPPABLE: propose ""Covalent Bonding & Versatility of Carbon""",agent mapping,
(label),,carbon-and-its-compounds,,concept-label-mapping,"label ""Allotropes"" used by 1 served rows","UNMAPPABLE: propose ""Covalent Bonding & Versatility of Carbon""",agent mapping,
(label),,carbon-and-its-compounds,,concept-label-mapping,"label ""Oxidation"" used by 1 served rows","UNMAPPABLE: propose ""Chemical Properties of Carbon Compounds (combustion, oxidation, addition, substitution)""",agent mapping,
(label),,carbon-and-its-compounds,,concept-label-mapping,"label ""Hydrocarbons"" used by 1 served rows","UNMAPPABLE: propose ""Saturated & Unsaturated Hydrocarbons""",agent mapping,
(label),,carbon-and-its-compounds,,concept-label-mapping,"label ""Saturated vs Unsaturated"" used by 1 served rows","UNMAPPABLE: propose ""Saturated & Unsaturated Hydrocarbons""",agent mapping,
(label),,carbon-and-its-compounds,,concept-label-mapping,"label ""Substitution Reactions"" used by 1 served rows","UNMAPPABLE: propose ""Chemical Properties of Carbon Compounds (combustion, oxidation, addition, substitution)""",agent mapping,
(label),,carbon-and-its-compounds,,concept-label-mapping,"label ""Benzene"" used by 1 served rows","UNMAPPABLE: propose ""Saturated & Unsaturated Hydrocarbons""",agent mapping,
(label),,carbon-and-its-compounds,,concept-label-mapping,"label ""Vinegar"" used by 1 served rows",Properties of Ethanol & Ethanoic Acid,agent mapping,
(label),,carbon-and-its-compounds,,concept-label-mapping,"label ""Strong vs Weak Acids"" used by 1 served rows",Properties of Ethanol & Ethanoic Acid,agent mapping,
(label),,carbon-and-its-compounds,,concept-label-mapping,"label ""Carbon Bonding"" used by 1 served rows","UNMAPPABLE: propose ""Covalent Bonding & Versatility of Carbon""",agent mapping,
(label),,carbon-and-its-compounds,,concept-label-mapping,"label ""Unsaturated Hydrocarbons"" used by 1 served rows","UNMAPPABLE: propose ""Saturated & Unsaturated Hydrocarbons""",agent mapping,
(label),,carbon-and-its-compounds,,concept-label-mapping,"label ""Heteroatoms"" used by 1 served rows",Homologous Series & Nomenclature,agent mapping,
(label),,carbon-and-its-compounds,,concept-label-mapping,"label ""Saponification"" used by 1 served rows","UNMAPPABLE: propose ""Soaps & Detergents (Micelles)""",agent mapping,
(label),,carbon-and-its-compounds,,concept-label-mapping,"label ""Alkynes"" used by 1 served rows",Homologous Series & Nomenclature,agent mapping,
(label),,carbon-and-its-compounds,,concept-label-mapping,"label ""Ethyne Structure"" used by 1 served rows","UNMAPPABLE: propose ""Covalent Bonding & Versatility of Carbon""",agent mapping,
(label),,carbon-and-its-compounds,,concept-label-mapping,"label ""Soaps vs Detergents"" used by 1 served rows","UNMAPPABLE: propose ""Soaps & Detergents (Micelles)""",agent mapping,
(label),,carbon-and-its-compounds,,concept-label-mapping,"label ""Methanol Toxicity"" used by 1 served rows",Properties of Ethanol & Ethanoic Acid,agent mapping,
(label),,carbon-and-its-compounds,,concept-label-mapping,"label ""Carbon Compounds"" used by 1 served rows","UNMAPPABLE: chapter-wide catch-all label, no single concept; needs re-tagging per question",agent mapping,
(label),,carbon-and-its-compounds,,concept-label-mapping,"label ""Saturation Tests"" used by 1 served rows","UNMAPPABLE: propose ""Saturated & Unsaturated Hydrocarbons""",agent mapping,
(label),,carbon-and-its-compounds,,concept-label-mapping,"label ""Catalysts and Reagents"" used by 1 served rows","UNMAPPABLE: propose ""Chemical Properties of Carbon Compounds (combustion, oxidation, addition, substitution)""",agent mapping,
(label),,carbon-and-its-compounds,,concept-label-mapping,"label ""Acid Properties"" used by 1 served rows",Properties of Ethanol & Ethanoic Acid,agent mapping,
(label),,carbon-and-its-compounds,,concept-label-mapping,"label ""Hydrocarbons Overview"" used by 1 served rows","UNMAPPABLE: propose ""Saturated & Unsaturated Hydrocarbons""",agent mapping,
(label),,carbon-and-its-compounds,,concept-label-mapping,"label ""Hydrogenation"" used by 1 served rows","UNMAPPABLE: propose ""Saturated & Unsaturated Hydrocarbons""",agent mapping,
(label),,carbon-and-its-compounds,,concept-label-mapping,"label ""CCl4 and Saponification"" used by 1 served rows","UNMAPPABLE: propose ""Soaps & Detergents (Micelles)""",agent mapping,
(label),,carbon-and-its-compounds,,concept-label-mapping,"label ""Identifying Compounds"" used by 1 served rows",Properties of Ethanol & Ethanoic Acid,agent mapping,
(label),,carbon-and-its-compounds,,concept-label-mapping,"label ""Tests for CO2"" used by 1 served rows",Properties of Ethanol & Ethanoic Acid,agent mapping,
(label),,carbon-and-its-compounds,,concept-label-mapping,"label ""Isomers of C3H6O"" used by 1 served rows","UNMAPPABLE: propose ""Structural Isomerism""",agent mapping,
(label),,carbon-and-its-compounds,,concept-label-mapping,"label ""Substitution Reaction of Methane and Chlor-Alkali Process"" used by 1 served rows","UNMAPPABLE: propose ""Chemical Properties of Carbon Compounds (combustion, oxidation, addition, substitution)"" (chlor-alkali part is acids-bases-and-salts)",agent mapping,
(label),,carbon-and-its-compounds,,concept-label-mapping,"label ""Gas Released when Sodium Reacts with Ethanol"" used by 1 served rows",Properties of Ethanol & Ethanoic Acid,agent mapping,
(label),,carbon-and-its-compounds,,concept-label-mapping,"label ""Carbon Compounds (Oxides)"" used by 1 served rows","UNMAPPABLE: propose ""Chemical Properties of Carbon Compounds (combustion, oxidation, addition, substitution)""",agent mapping,
(label),,carbon-and-its-compounds,,concept-label-mapping,"label ""Bonding in Carbon Compounds"" used by 1 served rows","UNMAPPABLE: propose ""Covalent Bonding & Versatility of Carbon""",agent mapping,
(label),,carbon-and-its-compounds,,concept-label-mapping,"label ""Alkanes (Molecular Formula)"" used by 1 served rows",Homologous Series & Nomenclature,agent mapping,
(label),,carbon-and-its-compounds,,concept-label-mapping,"label ""Alkanes (Structural Formula)"" used by 1 served rows",Homologous Series & Nomenclature,agent mapping,
(label),,carbon-and-its-compounds,,concept-label-mapping,"label ""Alkenes (Molecular Formula)"" used by 1 served rows",Homologous Series & Nomenclature,agent mapping,
(label),,carbon-and-its-compounds,,concept-label-mapping,"label ""Alkenes (Structural Formula)"" used by 1 served rows",Homologous Series & Nomenclature,agent mapping,
(label),,carbon-and-its-compounds,,concept-label-mapping,"label ""Uses of Ethanoic Acid"" used by 1 served rows",Properties of Ethanol & Ethanoic Acid,agent mapping,
(label),,carbon-and-its-compounds,,concept-label-mapping,"label ""Properties and Uses of Ethanol"" used by 1 served rows",Properties of Ethanol & Ethanoic Acid,agent mapping,
(label),,carbon-and-its-compounds,,concept-label-mapping,"label ""Covalent Bonds in Ethanol and Dehydration to Ethene"" used by 1 served rows",Properties of Ethanol & Ethanoic Acid,agent mapping,
(label),,carbon-and-its-compounds,,concept-label-mapping,"label ""Reaction of Sodium with Ethanol - Rate of Reaction"" used by 1 served rows",Properties of Ethanol & Ethanoic Acid,agent mapping,
(label),,carbon-and-its-compounds,,concept-label-mapping,"label ""Reactions of Ethanoic Acid (Balancing)"" used by 1 served rows",Properties of Ethanol & Ethanoic Acid,agent mapping,
(label),,carbon-and-its-compounds,,concept-label-mapping,"label ""Soaps and Hard Water"" used by 1 served rows","UNMAPPABLE: propose ""Soaps & Detergents (Micelles)""",agent mapping,
(label),,carbon-and-its-compounds,,concept-label-mapping,"label ""Action of Soap in Hard Water"" used by 1 served rows","UNMAPPABLE: propose ""Soaps & Detergents (Micelles)""",agent mapping,
(label),,carbon-and-its-compounds,,concept-label-mapping,"label ""Covalent bonding in carbon compounds"" used by 1 served rows","UNMAPPABLE: propose ""Covalent Bonding & Versatility of Carbon""",agent mapping,
(label),,carbon-and-its-compounds,,concept-label-mapping,"label ""Ethanoic acid, esterification and saponification"" used by 1 served rows",Properties of Ethanol & Ethanoic Acid,agent mapping,
(label),,carbon-and-its-compounds,,concept-label-mapping,"label ""Homologous series; oxidation of ethanol; alcohol vs acid"" used by 1 served rows",Homologous Series & Nomenclature,agent mapping,
(label),,carbon-and-its-compounds,,concept-label-mapping,"label ""Ethanoic Acid and Esterification"" used by 1 served rows",Properties of Ethanol & Ethanoic Acid,agent mapping,
(label),,carbon-and-its-compounds,,concept-label-mapping,"label ""Carboxylic Acids and Esters (Identification)"" used by 1 served rows",Properties of Ethanol & Ethanoic Acid,agent mapping,
(label),,carbon-and-its-compounds,,concept-label-mapping,"label ""Saturation Test — C6H12"" used by 1 served rows","UNMAPPABLE: propose ""Saturated & Unsaturated Hydrocarbons""",agent mapping,
(label),,carbon-and-its-compounds,,concept-label-mapping,"label ""Alcohols, Esterification, Dehydration"" used by 1 served rows",Properties of Ethanol & Ethanoic Acid,agent mapping,
(label),,carbon-and-its-compounds,,concept-label-mapping,"label ""Saturated and Unsaturated Hydrocarbons"" used by 1 served rows","UNMAPPABLE: propose ""Saturated & Unsaturated Hydrocarbons""",agent mapping,
(label),,carbon-and-its-compounds,,concept-label-mapping,"label ""Alkynes — Triple Bond"" used by 1 served rows","UNMAPPABLE: propose ""Saturated & Unsaturated Hydrocarbons""",agent mapping,
(label),,carbon-and-its-compounds,,concept-label-mapping,"label ""Identifying Unsaturated Hydrocarbons — Ethene"" used by 1 served rows","UNMAPPABLE: propose ""Saturated & Unsaturated Hydrocarbons""",agent mapping,
(label),,carbon-and-its-compounds,,concept-label-mapping,"label ""Electron Dot Structure — Nitrogen Molecule"" used by 1 served rows","UNMAPPABLE: propose ""Covalent Bonding & Versatility of Carbon""",agent mapping,
(label),,carbon-and-its-compounds,,concept-label-mapping,"label ""Ethanol — Oxidation, Sodium Reaction, Dehydration"" used by 1 served rows",Properties of Ethanol & Ethanoic Acid,agent mapping,
(label),,carbon-and-its-compounds,,concept-label-mapping,"label ""Esterification — Ethanol and Ethanoic Acid"" used by 1 served rows",Properties of Ethanol & Ethanoic Acid,agent mapping,
(label),,carbon-and-its-compounds,,concept-label-mapping,"label ""Ethanol"" used by 1 served rows",Properties of Ethanol & Ethanoic Acid,agent mapping,
(label),,carbon-and-its-compounds,,concept-label-mapping,"label ""Ethanoic Acid"" used by 1 served rows",Properties of Ethanol & Ethanoic Acid,agent mapping,
(label),,carbon-and-its-compounds,,concept-label-mapping,"label ""Saturated and Unsaturated Compounds"" used by 1 served rows","UNMAPPABLE: propose ""Saturated & Unsaturated Hydrocarbons""",agent mapping,
(label),,carbon-and-its-compounds,,concept-label-mapping,"label ""Combustion of Carbon Compounds"" used by 1 served rows","UNMAPPABLE: propose ""Chemical Properties of Carbon Compounds (combustion, oxidation, addition, substitution)""",agent mapping,
(label),,carbon-and-its-compounds,,concept-label-mapping,"label ""Addition Reactions of Unsaturated Hydrocarbons"" used by 1 served rows","UNMAPPABLE: propose ""Saturated & Unsaturated Hydrocarbons""",agent mapping,
(label),,carbon-and-its-compounds,,concept-label-mapping,"label ""Test for Unsaturation"" used by 1 served rows","UNMAPPABLE: propose ""Saturated & Unsaturated Hydrocarbons""",agent mapping,
(label),,carbon-and-its-compounds,,concept-label-mapping,"label ""Dehydration of Alcohols"" used by 1 served rows",Properties of Ethanol & Ethanoic Acid,agent mapping,
(label),,carbon-and-its-compounds,,concept-label-mapping,"label ""Molecular Formulae of Hydrocarbons"" used by 1 served rows",Homologous Series & Nomenclature,agent mapping,
(label),,carbon-and-its-compounds,,concept-label-mapping,"label ""Nomenclature of Carbon Compounds"" used by 1 served rows",Homologous Series & Nomenclature,agent mapping,
(label),,carbon-and-its-compounds,,concept-label-mapping,"label ""Oxidation of Alcohols"" used by 1 served rows",Properties of Ethanol & Ethanoic Acid,agent mapping,
(label),,carbon-and-its-compounds,,concept-label-mapping,"label ""Ethanol and Its Properties"" used by 1 served rows",Properties of Ethanol & Ethanoic Acid,agent mapping,
(label),,carbon-and-its-compounds,,concept-label-mapping,"label ""Carbon and its Compounds"" used by 1 served rows","UNMAPPABLE: chapter-wide catch-all label, no single concept; needs re-tagging per question",agent mapping,
(label),,carbon-and-its-compounds,,concept-label-mapping,"label ""Ethanol & Ethanoic Acid"" used by 1 served rows",Properties of Ethanol & Ethanoic Acid,agent mapping,
(label),,carbon-and-its-compounds,,concept-label-mapping,"label ""Soap & Detergents / Micelle"" used by 1 served rows","UNMAPPABLE: propose ""Soaps & Detergents (Micelles)""",agent mapping,
(label),,carbon-and-its-compounds,,concept-label-mapping,"label ""Cleansing Action of Soaps & Detergents"" used by 1 served rows","UNMAPPABLE: propose ""Soaps & Detergents (Micelles)""",agent mapping,
(label),,carbon-and-its-compounds,,concept-label-mapping,"label ""Important Reactions"" used by 1 served rows","UNMAPPABLE: propose ""Chemical Properties of Carbon Compounds (combustion, oxidation, addition, substitution)""",agent mapping,
(label),,chemical-reactions-and-equations,,concept-label-mapping,"label ""Types of Reactions"" used by 42 served rows",Balancing Equations & Types of Reactions,agent mapping,
(label),,chemical-reactions-and-equations,,concept-label-mapping,"label ""Chapter Practice — Chemical Reactions and Equations"" used by 38 served rows",Balancing Equations & Types of Reactions,agent mapping,
(label),,chemical-reactions-and-equations,,concept-label-mapping,"label ""Oxidation-Reduction"" used by 31 served rows",Balancing Equations & Types of Reactions,agent mapping,
(label),,chemical-reactions-and-equations,,concept-label-mapping,"label ""Decomposition Reactions"" used by 31 served rows",Balancing Equations & Types of Reactions,agent mapping,
(label),,chemical-reactions-and-equations,,concept-label-mapping,"label ""Corrosion"" used by 27 served rows",Applications & Daily-life Context,agent mapping,
(label),,chemical-reactions-and-equations,,concept-label-mapping,"label ""General"" used by 26 served rows",Balancing Equations & Types of Reactions,agent mapping,
(label),,chemical-reactions-and-equations,,concept-label-mapping,"label ""Balancing Equations"" used by 24 served rows",Balancing Equations & Types of Reactions,agent mapping,
(label),,chemical-reactions-and-equations,,concept-label-mapping,"label ""Types of Chemical Reactions"" used by 22 served rows",Balancing Equations & Types of Reactions,agent mapping,
(label),,chemical-reactions-and-equations,,concept-label-mapping,"label ""Double Displacement Reactions"" used by 21 served rows",Balancing Equations & Types of Reactions,agent mapping,
(label),,chemical-reactions-and-equations,,concept-label-mapping,"label ""Balancing Chemical Equations"" used by 21 served rows",Balancing Equations & Types of Reactions,agent mapping,
(label),,chemical-reactions-and-equations,,concept-label-mapping,"label ""Displacement Reactions"" used by 20 served rows",Balancing Equations & Types of Reactions,agent mapping,
(label),,chemical-reactions-and-equations,,concept-label-mapping,"label ""Oxidation and Reduction"" used by 16 served rows",Balancing Equations & Types of Reactions,agent mapping,
(label),,chemical-reactions-and-equations,,concept-label-mapping,"label ""Combination Reactions"" used by 14 served rows",Balancing Equations & Types of Reactions,agent mapping,
(label),,chemical-reactions-and-equations,,concept-label-mapping,"label ""Exothermic and Endothermic Reactions"" used by 13 served rows",Balancing Equations & Types of Reactions,agent mapping,
(label),,chemical-reactions-and-equations,,concept-label-mapping,"label ""(none)"" used by 9 served rows",Balancing Equations & Types of Reactions,agent mapping,
(label),,chemical-reactions-and-equations,,concept-label-mapping,"label ""Redox Reactions"" used by 7 served rows",Balancing Equations & Types of Reactions,agent mapping,
(label),,chemical-reactions-and-equations,,concept-label-mapping,"label ""Endo/Exothermic"" used by 6 served rows",Balancing Equations & Types of Reactions,agent mapping,
(label),,chemical-reactions-and-equations,,concept-label-mapping,"label ""Balancing + Types"" used by 5 served rows",Balancing Equations & Types of Reactions,agent mapping,
(label),,chemical-reactions-and-equations,,concept-label-mapping,"label ""Precipitation Reactions"" used by 4 served rows",Balancing Equations & Types of Reactions,agent mapping,
(label),,chemical-reactions-and-equations,,concept-label-mapping,"label ""Assertion-Reasoning"" used by 3 served rows",Balancing Equations & Types of Reactions,agent mapping,
(label),,chemical-reactions-and-equations,,concept-label-mapping,"label ""Physical vs Chemical Change"" used by 3 served rows",Balancing Equations & Types of Reactions,agent mapping,
(label),,chemical-reactions-and-equations,,concept-label-mapping,"label ""Reactivity Series"" used by 3 served rows",OTHER-CHAPTER: metals-and-non-metals,agent mapping,
(label),,chemical-reactions-and-equations,,concept-label-mapping,"label ""Exothermic and Endothermic"" used by 3 served rows",Balancing Equations & Types of Reactions,agent mapping,
(label),,chemical-reactions-and-equations,,concept-label-mapping,"label ""Effects of Oxidation in Daily Life"" used by 2 served rows",Applications & Daily-life Context,agent mapping,
(label),,chemical-reactions-and-equations,,concept-label-mapping,"label ""State Symbols"" used by 2 served rows",Balancing Equations & Types of Reactions,agent mapping,
(label),,chemical-reactions-and-equations,,concept-label-mapping,"label ""Combination Reaction"" used by 2 served rows",Balancing Equations & Types of Reactions,agent mapping,
(label),,chemical-reactions-and-equations,,concept-label-mapping,"label ""Oxidation and Reduction (Redox)"" used by 2 served rows",Balancing Equations & Types of Reactions,agent mapping,
(label),,chemical-reactions-and-equations,,concept-label-mapping,"label ""Displacement vs Double Displacement"" used by 1 served rows",Balancing Equations & Types of Reactions,agent mapping,
(label),,chemical-reactions-and-equations,,concept-label-mapping,"label ""Chemical vs Physical Change"" used by 1 served rows",Balancing Equations & Types of Reactions,agent mapping,
(label),,chemical-reactions-and-equations,,concept-label-mapping,"label ""Chemical Energy Conversion"" used by 1 served rows",Applications & Daily-life Context,agent mapping,
(label),,chemical-reactions-and-equations,,concept-label-mapping,"label ""Identifying Gases"" used by 1 served rows",Balancing Equations & Types of Reactions,agent mapping,
(label),,chemical-reactions-and-equations,,concept-label-mapping,"label ""Double Displacement Reaction — Insoluble Product"" used by 1 served rows",Balancing Equations & Types of Reactions,agent mapping,
(label),,chemical-reactions-and-equations,,concept-label-mapping,"label ""Displacement Reaction — Zn with CuSO₄"" used by 1 served rows",Balancing Equations & Types of Reactions,agent mapping,
(label),,chemical-reactions-and-equations,,concept-label-mapping,"label ""Rusting of Iron — Exothermic vs Endothermic"" used by 1 served rows",Applications & Daily-life Context,agent mapping,
(label),,chemical-reactions-and-equations,,concept-label-mapping,"label ""Identifying a Chemical Change — Observations"" used by 1 served rows",Balancing Equations & Types of Reactions,agent mapping,
(label),,chemical-reactions-and-equations,,concept-label-mapping,"label ""Types of Chemical Reactions - Combination"" used by 1 served rows",Balancing Equations & Types of Reactions,agent mapping,
(label),,chemical-reactions-and-equations,,concept-label-mapping,"label ""Laboratory Safety Precautions"" used by 1 served rows",Applications & Daily-life Context,agent mapping,
(label),,chemical-reactions-and-equations,,concept-label-mapping,"label ""Identifying an Exothermic Reaction"" used by 1 served rows",Balancing Equations & Types of Reactions,agent mapping,
(label),,chemical-reactions-and-equations,,concept-label-mapping,"label ""Electrolytic Decomposition of Water"" used by 1 served rows",Balancing Equations & Types of Reactions,agent mapping,
(label),,chemical-reactions-and-equations,,concept-label-mapping,"label ""Types of Reactions (Decomposition)"" used by 1 served rows",Balancing Equations & Types of Reactions,agent mapping,
(label),,chemical-reactions-and-equations,,concept-label-mapping,"label ""Balanced Symbol Equation - Calcium Oxide and Water"" used by 1 served rows",Balancing Equations & Types of Reactions,agent mapping,
(label),,chemical-reactions-and-equations,,concept-label-mapping,"label ""Reaction of Calcium Hydroxide to Form Calcium Carbonate"" used by 1 served rows",Balancing Equations & Types of Reactions,agent mapping,
(label),,chemical-reactions-and-equations,,concept-label-mapping,"label ""Combustion of Magnesium (Practical)"" used by 1 served rows",Balancing Equations & Types of Reactions,agent mapping,
(label),,chemical-reactions-and-equations,,concept-label-mapping,"label ""Balancing Decomposition Equation"" used by 1 served rows",Balancing Equations & Types of Reactions,agent mapping,
(label),,chemical-reactions-and-equations,,concept-label-mapping,"label ""Hydration Equation (Sodium Carbonate Decahydrate)"" used by 1 served rows",Balancing Equations & Types of Reactions,agent mapping,
(label),,chemical-reactions-and-equations,,concept-label-mapping,"label ""Combustion of Magnesium (Safety Precautions)"" used by 1 served rows",Applications & Daily-life Context,agent mapping,
(label),,chemical-reactions-and-equations,,concept-label-mapping,"label ""Balancing Equations and State Symbols"" used by 1 served rows",Balancing Equations & Types of Reactions,agent mapping,
(label),,chemical-reactions-and-equations,,concept-label-mapping,"label ""Action of Heat on Ferrous Sulphate - Practical"" used by 1 served rows",Balancing Equations & Types of Reactions,agent mapping,
(label),,chemical-reactions-and-equations,,concept-label-mapping,"label ""Oxidation and reduction (redox)"" used by 1 served rows",Balancing Equations & Types of Reactions,agent mapping,
(label),,chemical-reactions-and-equations,,concept-label-mapping,"label ""Decomposition reactions (endothermic)"" used by 1 served rows",Balancing Equations & Types of Reactions,agent mapping,
(label),,chemical-reactions-and-equations,,concept-label-mapping,"label ""Combustion, oxidation and test for hydrogen"" used by 1 served rows",Balancing Equations & Types of Reactions,agent mapping,
(label),,chemical-reactions-and-equations,,concept-label-mapping,"label ""Thermal Decomposition Reactions"" used by 1 served rows",Balancing Equations & Types of Reactions,agent mapping,
(label),,chemical-reactions-and-equations,,concept-label-mapping,"label ""Oxidising and Reducing Agents"" used by 1 served rows",Balancing Equations & Types of Reactions,agent mapping,
(label),,chemical-reactions-and-equations,,concept-label-mapping,"label ""Single Displacement Reactions"" used by 1 served rows",Balancing Equations & Types of Reactions,agent mapping,
(label),,chemical-reactions-and-equations,,concept-label-mapping,"label ""Oxidation Reactions"" used by 1 served rows",Balancing Equations & Types of Reactions,agent mapping,
(label),,chemical-reactions-and-equations,,concept-label-mapping,"label ""Types of Chemical Reactions - Displacement"" used by 1 served rows",Balancing Equations & Types of Reactions,agent mapping,
(label),,chemical-reactions-and-equations,,concept-label-mapping,"label ""Chemical Reactions - Necessary Conditions"" used by 1 served rows",Balancing Equations & Types of Reactions,agent mapping,
(label),,chemical-reactions-and-equations,,concept-label-mapping,"label ""Balanced Chemical Equations"" used by 1 served rows",Balancing Equations & Types of Reactions,agent mapping,
(label),,chemical-reactions-and-equations,,concept-label-mapping,"label ""Corrosion and Rusting"" used by 1 served rows",Applications & Daily-life Context,agent mapping,
(label),,chemical-reactions-and-equations,,concept-label-mapping,"label ""Reaction of Metals with Water"" used by 1 served rows",OTHER-CHAPTER: metals-and-non-metals,agent mapping,
(label),,chemical-reactions-and-equations,,concept-label-mapping,"label ""Types of Chemical Reactions - Double Displacement"" used by 1 served rows",Balancing Equations & Types of Reactions,agent mapping,
(label),,chemical-reactions-and-equations,,concept-label-mapping,"label ""Combination and Decomposition Reactions"" used by 1 served rows",Balancing Equations & Types of Reactions,agent mapping,
(label),,chemical-reactions-and-equations,,concept-label-mapping,"label ""Classification of Chemical Reactions"" used by 1 served rows",Balancing Equations & Types of Reactions,agent mapping,
(label),,chemical-reactions-and-equations,,concept-label-mapping,"label ""Types of Chemical Reactions - Decomposition"" used by 1 served rows",Balancing Equations & Types of Reactions,agent mapping,
(label),,chemical-reactions-and-equations,,concept-label-mapping,"label ""Chemical Reactions and Equations"" used by 1 served rows",Balancing Equations & Types of Reactions,agent mapping,
(label),,chemical-reactions-and-equations,,concept-label-mapping,"label ""Balancing & Types of Reactions"" used by 1 served rows",Balancing Equations & Types of Reactions,agent mapping,
(label),,chemical-reactions-and-equations,,concept-label-mapping,"label ""Types of Reactions & Observations"" used by 1 served rows",Balancing Equations & Types of Reactions,agent mapping,
(label),,chemical-reactions-and-equations,,concept-label-mapping,"label ""Redox & Oxidation/Reduction"" used by 1 served rows",Balancing Equations & Types of Reactions,agent mapping,
(label),,chemical-reactions-and-equations,,concept-label-mapping,"label ""Daily-life Context & Conservation of Mass"" used by 1 served rows",Applications & Daily-life Context,agent mapping,
(label),,chemical-reactions-and-equations,,concept-label-mapping,"label ""Oxidation/Reduction"" used by 1 served rows",Balancing Equations & Types of Reactions,agent mapping,
(label),,chemical-reactions-and-equations,,concept-label-mapping,"label ""Types of reactions"" used by 1 served rows",Balancing Equations & Types of Reactions,agent mapping,
(label),,circles,,concept-label-mapping,"label ""Tangent Properties"" used by 65 served rows",Tangent Properties,agent mapping,
(label),,circles,,concept-label-mapping,"label ""Tangent to a Circle"" used by 18 served rows",Tangent Properties,agent mapping,
(label),,circles,,concept-label-mapping,"label ""Tangent Theorems & Proofs"" used by 15 served rows",Tangent Theorems & Proofs,agent mapping,
(label),,circles,,concept-label-mapping,"label ""General"" used by 14 served rows",Tangent Properties,agent mapping,
(label),,circles,,concept-label-mapping,"label ""Tangent-Radius Perpendicularity"" used by 12 served rows",Tangent Properties,agent mapping,
(label),,circles,,concept-label-mapping,"label ""Chord Properties"" used by 12 served rows","UNMAPPABLE: mixed label — tangent/chord rows fit Tangent Properties, but sector/segment rows belong to areas-related-to-circles and one is coordinate-geometry; retag per row",agent mapping,
(label),,circles,,concept-label-mapping,"label ""(none)"" used by 9 served rows",UNMAPPABLE: unlabelled rows; tag per row (mostly Tangent Properties),agent mapping,
(label),,circles,,concept-label-mapping,"label ""Number of Tangents from External Point"" used by 7 served rows",Number/Type of Tangents,agent mapping,
(label),,circles,,concept-label-mapping,"label ""Number/Type of Tangents"" used by 5 served rows",Number/Type of Tangents,agent mapping,
(label),,circles,,concept-label-mapping,"label ""Angle Between Tangents"" used by 5 served rows",Tangent Properties,agent mapping,
(label),,circles,,concept-label-mapping,"label ""Equal Tangents from External Point"" used by 5 served rows",Tangent Properties,agent mapping,
(label),,circles,,concept-label-mapping,"label ""Tangent Perpendicular to Radius"" used by 5 served rows",Tangent Properties,agent mapping,
(label),,circles,,concept-label-mapping,"label ""Tangent Length"" used by 4 served rows",Tangent Properties,agent mapping,
(label),,circles,,concept-label-mapping,"label ""Concentric Circles"" used by 3 served rows",Tangent Properties,agent mapping,
(label),,circles,,concept-label-mapping,"label ""Tangent Length Application"" used by 3 served rows",Tangent Properties,agent mapping,
(label),,circles,,concept-label-mapping,"label ""Equal Tangents"" used by 2 served rows",Tangent Theorems & Proofs,agent mapping,
(label),,circles,,concept-label-mapping,"label ""Tangent Length Bound"" used by 2 served rows",Tangent Properties,agent mapping,
(label),,circles,,concept-label-mapping,"label ""Equal Tangents from an External Point"" used by 2 served rows",Tangent Properties,agent mapping,
(label),,circles,,concept-label-mapping,"label ""Tangents to a Circle"" used by 2 served rows",Tangent Properties,agent mapping,
(label),,circles,,concept-label-mapping,"label ""Radius from Tangent Length"" used by 1 served rows",Tangent Properties,agent mapping,
(label),,circles,,concept-label-mapping,"label ""Number of Tangents"" used by 1 served rows",Number/Type of Tangents,agent mapping,
(label),,circles,,concept-label-mapping,"label ""Tangent ⊥ Radius"" used by 1 served rows",Tangent Theorems & Proofs,agent mapping,
(label),,circles,,concept-label-mapping,"label ""Tangent Definitions"" used by 1 served rows",Number/Type of Tangents,agent mapping,
(label),,circles,,concept-label-mapping,"label ""Tangents at Chord Ends"" used by 1 served rows",Tangent Properties,agent mapping,
(label),,circles,,concept-label-mapping,"label ""Circumscribed Quadrilateral"" used by 1 served rows",Tangent Theorems & Proofs,agent mapping,
(label),,circles,,concept-label-mapping,"label ""Tangents from External Point"" used by 1 served rows",Tangent Properties,agent mapping,
(label),,circles,,concept-label-mapping,"label ""Triangle Circumscribing Circle"" used by 1 served rows",Tangent Properties,agent mapping,
(label),,circles,,concept-label-mapping,"label ""Parallelogram Circumscribing Circle"" used by 1 served rows",Tangent Theorems & Proofs,agent mapping,
(label),,circles,,concept-label-mapping,"label ""Quadrilateral PQOR Area"" used by 1 served rows",Tangent Properties,agent mapping,
(label),,circles,,concept-label-mapping,"label ""Tangent–Chord Angle"" used by 1 served rows",Tangent Properties,agent mapping,
(label),,circles,,concept-label-mapping,"label ""Angle at Centre and Tangent"" used by 1 served rows",Tangent Properties,agent mapping,
(label),,circles,,concept-label-mapping,"label ""Parallel Tangents"" used by 1 served rows",Tangent Theorems & Proofs,agent mapping,
(label),,circles,,concept-label-mapping,"label ""Cyclic Quadrilateral PQOR"" used by 1 served rows",Tangent Properties,agent mapping,
(label),,circles,,concept-label-mapping,"label ""Tangent–External Distance"" used by 1 served rows",Tangent Properties,agent mapping,
(label),,circles,,concept-label-mapping,"label ""Bisecting Arc"" used by 1 served rows",Tangent Theorems & Proofs,agent mapping,
(label),,circles,,concept-label-mapping,"label ""Two Concentric Circles"" used by 1 served rows",Tangent Properties,agent mapping,
(label),,circles,,concept-label-mapping,"label ""Triangle Perimeter"" used by 1 served rows",Tangent Properties,agent mapping,
(label),,circles,,concept-label-mapping,"label ""Tangent at Diameter"" used by 1 served rows",Tangent Properties,agent mapping,
(label),,circles,,concept-label-mapping,"label ""Triangle Perimeter via Tangents"" used by 1 served rows",Tangent Properties,agent mapping,
(label),,circles,,concept-label-mapping,"label ""Tangents and Incircle of a Triangle"" used by 1 served rows",Tangent Properties,agent mapping,
(label),,circles,,concept-label-mapping,"label ""Tangent–Chord Angle (Alternate Segment Theorem)"" used by 1 served rows",Tangent Properties,agent mapping,
(label),,circles,,concept-label-mapping,"label ""Tangents from External Point — Quadrilateral Circumscribing a Circle"" used by 1 served rows",Tangent Properties,agent mapping,
(label),,circles,,concept-label-mapping,"label ""Perimeter of Triangle Using Equal Tangents from External Point"" used by 1 served rows",Tangent Properties,agent mapping,
(label),,circles,,concept-label-mapping,"label ""Tangent Length and Radius — Chord with 30° to Radius"" used by 1 served rows",Tangent Properties,agent mapping,
(label),,circles,,concept-label-mapping,"label ""Tangents and Angles in a Circle"" used by 1 served rows",Tangent Properties,agent mapping,
(label),,circles,,concept-label-mapping,"label ""Tangents to a Circle (Inscribed in Quadrilateral)"" used by 1 served rows",Tangent Properties,agent mapping,
(label),,circles,,concept-label-mapping,"label ""Tangents to a Circle (Parallelogram Proof)"" used by 1 served rows",Tangent Theorems & Proofs,agent mapping,
(label),,circles,,concept-label-mapping,"label ""Tangent to a Circle / Angle Properties"" used by 1 served rows",Tangent Properties,agent mapping,
(label),,circles,,concept-label-mapping,"label ""Tangent and Two Circles"" used by 1 served rows",Tangent Properties,agent mapping,
(label),,circles,,concept-label-mapping,"label ""Tangents — Perimeter of Polygon"" used by 1 served rows",Tangent Properties,agent mapping,
(label),,circles,,concept-label-mapping,"label ""Tangents to Incircle of Quadrilateral"" used by 1 served rows",Tangent Properties,agent mapping,
(label),,circles,,concept-label-mapping,"label ""Tangents and Parallel Sides"" used by 1 served rows",Tangent Theorems & Proofs,agent mapping,
(label),,circles,,concept-label-mapping,"label ""Tangents from External Point — Angle"" used by 1 served rows",Tangent Properties,agent mapping,
(label),,circles,,concept-label-mapping,"label ""Tangent Proof via Congruence"" used by 1 served rows",Tangent Theorems & Proofs,agent mapping,
(label),,circles,,concept-label-mapping,"label ""Tangent Configuration — Two External Points"" used by 1 served rows",Number/Type of Tangents,agent mapping,
(label),,circles,,concept-label-mapping,"label ""Tangent Lengths — Geometry"" used by 1 served rows",Tangent Properties,agent mapping,
(label),,circles,,concept-label-mapping,"label ""Inscribed Angle and Tangent — ∠OQN"" used by 1 served rows",Tangent Properties,agent mapping,
(label),,circles,,concept-label-mapping,"label ""Circle Inscribed in Two Squares — Radius"" used by 1 served rows",Tangent Properties,agent mapping,
(label),,circles,,concept-label-mapping,"label ""Common Tangent — Two Semicircles"" used by 1 served rows",Tangent Properties,agent mapping,
(label),,circles,,concept-label-mapping,"label ""Quadrilateral Circumscribing a Circle"" used by 1 served rows",Tangent Properties,agent mapping,
(label),,circles,,concept-label-mapping,"label ""Circles"" used by 1 served rows",Tangent Properties,agent mapping,
(label),,circles,,concept-label-mapping,"label ""Tangent Proofs & Properties"" used by 1 served rows",Tangent Theorems & Proofs,agent mapping,
(label),,control-and-coordination,,concept-label-mapping,"label ""Chapter Practice — Control and Coordination"" used by 43 served rows",UNMAPPABLE: generic whole-chapter label; propose re-labelling per question,agent mapping,
(label),,control-and-coordination,,concept-label-mapping,"label ""Nervous System"" used by 34 served rows",Nervous System & Reflex Actions,agent mapping,
(label),,control-and-coordination,,concept-label-mapping,"label ""Plant Hormones"" used by 32 served rows",Plant Hormones & Movements,agent mapping,
(label),,control-and-coordination,,concept-label-mapping,"label ""Hormones"" used by 18 served rows","UNMAPPABLE: animal hormones/endocrine glands not covered; propose ""Hormones in Animals (Endocrine System)""",agent mapping,
(label),,control-and-coordination,,concept-label-mapping,"label ""Endocrine System"" used by 14 served rows","UNMAPPABLE: animal hormones/endocrine glands not covered; propose ""Hormones in Animals (Endocrine System)""",agent mapping,
(label),,control-and-coordination,,concept-label-mapping,"label ""Hormones in Animals"" used by 11 served rows","UNMAPPABLE: animal hormones/endocrine glands not covered; propose ""Hormones in Animals (Endocrine System)""",agent mapping,
(label),,control-and-coordination,,concept-label-mapping,"label ""(none)"" used by 10 served rows",UNMAPPABLE: generic whole-chapter label; propose re-labelling per question,agent mapping,
(label),,control-and-coordination,,concept-label-mapping,"label ""Reflex Arc"" used by 9 served rows",Nervous System & Reflex Actions,agent mapping,
(label),,control-and-coordination,,concept-label-mapping,"label ""Brain Structure"" used by 7 served rows",Nervous System & Reflex Actions,agent mapping,
(label),,control-and-coordination,,concept-label-mapping,"label ""Brain"" used by 5 served rows",Nervous System & Reflex Actions,agent mapping,
(label),,control-and-coordination,,concept-label-mapping,"label ""Synapse"" used by 4 served rows",Nervous System & Reflex Actions,agent mapping,
(label),,control-and-coordination,,concept-label-mapping,"label ""Receptors"" used by 4 served rows",Nervous System & Reflex Actions,agent mapping,
(label),,control-and-coordination,,concept-label-mapping,"label ""Reflex Actions"" used by 4 served rows",Nervous System & Reflex Actions,agent mapping,
(label),,control-and-coordination,,concept-label-mapping,"label ""General"" used by 4 served rows",UNMAPPABLE: generic whole-chapter label; propose re-labelling per question,agent mapping,
(label),,control-and-coordination,,concept-label-mapping,"label ""Endocrine Glands"" used by 3 served rows","UNMAPPABLE: animal hormones/endocrine glands not covered; propose ""Hormones in Animals (Endocrine System)""",agent mapping,
(label),,control-and-coordination,,concept-label-mapping,"label ""Control and Coordination"" used by 2 served rows",UNMAPPABLE: generic whole-chapter label; propose re-labelling per question,agent mapping,
(label),,control-and-coordination,,concept-label-mapping,"label ""Insulin/Diabetes"" used by 2 served rows","UNMAPPABLE: animal hormones/endocrine glands not covered; propose ""Hormones in Animals (Endocrine System)""",agent mapping,
(label),,control-and-coordination,,concept-label-mapping,"label ""Neuron Structure"" used by 2 served rows",Nervous System & Reflex Actions,agent mapping,
(label),,control-and-coordination,,concept-label-mapping,"label ""Phototropism"" used by 2 served rows",Plant Hormones & Movements,agent mapping,
(label),,control-and-coordination,,concept-label-mapping,"label ""Abscisic Acid"" used by 2 served rows",Plant Hormones & Movements,agent mapping,
(label),,control-and-coordination,,concept-label-mapping,"label ""Thyroxin"" used by 2 served rows","UNMAPPABLE: animal hormones/endocrine glands not covered; propose ""Hormones in Animals (Endocrine System)""",agent mapping,
(label),,control-and-coordination,,concept-label-mapping,"label ""Tropic Movements"" used by 2 served rows",Plant Hormones & Movements,agent mapping,
(label),,control-and-coordination,,concept-label-mapping,"label ""Plant Hormones - Auxin"" used by 2 served rows",Plant Hormones & Movements,agent mapping,
(label),,control-and-coordination,,concept-label-mapping,"label ""Plant Hormones - Abscisic Acid"" used by 2 served rows",Plant Hormones & Movements,agent mapping,
(label),,control-and-coordination,,concept-label-mapping,"label ""Plant Hormones & Movements"" used by 2 served rows",Plant Hormones & Movements,agent mapping,
(label),,control-and-coordination,,concept-label-mapping,"label ""Nervous System & Hormones"" used by 1 served rows",UNMAPPABLE: generic whole-chapter label; propose re-labelling per question,agent mapping,
(label),,control-and-coordination,,concept-label-mapping,"label ""Reflex vs Voluntary"" used by 1 served rows",Nervous System & Reflex Actions,agent mapping,
(label),,control-and-coordination,,concept-label-mapping,"label ""Brain Anatomy"" used by 1 served rows",Nervous System & Reflex Actions,agent mapping,
(label),,control-and-coordination,,concept-label-mapping,"label ""Plant Movements"" used by 1 served rows",Plant Hormones & Movements,agent mapping,
(label),,control-and-coordination,,concept-label-mapping,"label ""Tendrils & Auxin"" used by 1 served rows",Plant Hormones & Movements,agent mapping,
(label),,control-and-coordination,,concept-label-mapping,"label ""Experimental Design"" used by 1 served rows",UNMAPPABLE: generic whole-chapter label; propose re-labelling per question,agent mapping,
(label),,control-and-coordination,,concept-label-mapping,"label ""Chemical Coordination"" used by 1 served rows",UNMAPPABLE: generic whole-chapter label; propose re-labelling per question,agent mapping,
(label),,control-and-coordination,,concept-label-mapping,"label ""Thyroid/Iodine"" used by 1 served rows","UNMAPPABLE: animal hormones/endocrine glands not covered; propose ""Hormones in Animals (Endocrine System)""",agent mapping,
(label),,control-and-coordination,,concept-label-mapping,"label ""Adrenaline"" used by 1 served rows","UNMAPPABLE: animal hormones/endocrine glands not covered; propose ""Hormones in Animals (Endocrine System)""",agent mapping,
(label),,control-and-coordination,,concept-label-mapping,"label ""Brain Functions"" used by 1 served rows",Nervous System & Reflex Actions,agent mapping,
(label),,control-and-coordination,,concept-label-mapping,"label ""Neuron Structure & Function"" used by 1 served rows",Nervous System & Reflex Actions,agent mapping,
(label),,control-and-coordination,,concept-label-mapping,"label ""Spinal Cord"" used by 1 served rows",Nervous System & Reflex Actions,agent mapping,
(label),,control-and-coordination,,concept-label-mapping,"label ""Plant Chemical Coordination"" used by 1 served rows",Plant Hormones & Movements,agent mapping,
(label),,control-and-coordination,,concept-label-mapping,"label ""Need for Coordination"" used by 1 served rows",UNMAPPABLE: generic whole-chapter label; propose re-labelling per question,agent mapping,
(label),,control-and-coordination,,concept-label-mapping,"label ""Involuntary vs Reflex"" used by 1 served rows",Nervous System & Reflex Actions,agent mapping,
(label),,control-and-coordination,,concept-label-mapping,"label ""Nervous vs Hormonal"" used by 1 served rows",UNMAPPABLE: generic whole-chapter label; propose re-labelling per question,agent mapping,
(label),,control-and-coordination,,concept-label-mapping,"label ""Plant vs Animal Movement"" used by 1 served rows",Plant Hormones & Movements,agent mapping,
(label),,control-and-coordination,,concept-label-mapping,"label ""Neuron"" used by 1 served rows",Nervous System & Reflex Actions,agent mapping,
(label),,control-and-coordination,,concept-label-mapping,"label ""Signal Conversion"" used by 1 served rows",Nervous System & Reflex Actions,agent mapping,
(label),,control-and-coordination,,concept-label-mapping,"label ""Reflex/Neurons"" used by 1 served rows",Nervous System & Reflex Actions,agent mapping,
(label),,control-and-coordination,,concept-label-mapping,"label ""Cerebellum"" used by 1 served rows",Nervous System & Reflex Actions,agent mapping,
(label),,control-and-coordination,,concept-label-mapping,"label ""Tropisms"" used by 1 served rows",Plant Hormones & Movements,agent mapping,
(label),,control-and-coordination,,concept-label-mapping,"label ""Insulin"" used by 1 served rows","UNMAPPABLE: animal hormones/endocrine glands not covered; propose ""Hormones in Animals (Endocrine System)""",agent mapping,
(label),,control-and-coordination,,concept-label-mapping,"label ""Plant Cell Shape"" used by 1 served rows",Plant Hormones & Movements,agent mapping,
(label),,control-and-coordination,,concept-label-mapping,"label ""Tendril Growth"" used by 1 served rows",Plant Hormones & Movements,agent mapping,
(label),,control-and-coordination,,concept-label-mapping,"label ""Chemotropism"" used by 1 served rows",Plant Hormones & Movements,agent mapping,
(label),,control-and-coordination,,concept-label-mapping,"label ""Nerve Impulse"" used by 1 served rows",Nervous System & Reflex Actions,agent mapping,
(label),,control-and-coordination,,concept-label-mapping,"label ""Involuntary Actions"" used by 1 served rows",Nervous System & Reflex Actions,agent mapping,
(label),,control-and-coordination,,concept-label-mapping,"label ""Voluntary Actions"" used by 1 served rows",Nervous System & Reflex Actions,agent mapping,
(label),,control-and-coordination,,concept-label-mapping,"label ""Growth Hormone"" used by 1 served rows","UNMAPPABLE: animal hormones/endocrine glands not covered; propose ""Hormones in Animals (Endocrine System)""",agent mapping,
(label),,control-and-coordination,,concept-label-mapping,"label ""Puberty Hormones"" used by 1 served rows","UNMAPPABLE: animal hormones/endocrine glands not covered; propose ""Hormones in Animals (Endocrine System)""",agent mapping,
(label),,control-and-coordination,,concept-label-mapping,"label ""Testosterone"" used by 1 served rows","UNMAPPABLE: animal hormones/endocrine glands not covered; propose ""Hormones in Animals (Endocrine System)""",agent mapping,
(label),,control-and-coordination,,concept-label-mapping,"label ""Control Systems"" used by 1 served rows",UNMAPPABLE: generic whole-chapter label; propose re-labelling per question,agent mapping,
(label),,control-and-coordination,,concept-label-mapping,"label ""Reflex Arc Labelling"" used by 1 served rows",Nervous System & Reflex Actions,agent mapping,
(label),,control-and-coordination,,concept-label-mapping,"label ""Endocrine Glands Diagram"" used by 1 served rows","UNMAPPABLE: animal hormones/endocrine glands not covered; propose ""Hormones in Animals (Endocrine System)""",agent mapping,
(label),,control-and-coordination,,concept-label-mapping,"label ""Phototropism Diagram"" used by 1 served rows",Plant Hormones & Movements,agent mapping,
(label),,control-and-coordination,,concept-label-mapping,"label ""Neuron Labelling"" used by 1 served rows",Nervous System & Reflex Actions,agent mapping,
(label),,control-and-coordination,,concept-label-mapping,"label ""Receptors Matching"" used by 1 served rows",Nervous System & Reflex Actions,agent mapping,
(label),,control-and-coordination,,concept-label-mapping,"label ""Tropic Movement"" used by 1 served rows",Plant Hormones & Movements,agent mapping,
(label),,control-and-coordination,,concept-label-mapping,"label ""Iodine Deficiency"" used by 1 served rows","UNMAPPABLE: animal hormones/endocrine glands not covered; propose ""Hormones in Animals (Endocrine System)""",agent mapping,
(label),,control-and-coordination,,concept-label-mapping,"label ""Brain Parts"" used by 1 served rows",Nervous System & Reflex Actions,agent mapping,
(label),,control-and-coordination,,concept-label-mapping,"label ""Hormone Functions"" used by 1 served rows","UNMAPPABLE: animal hormones/endocrine glands not covered; propose ""Hormones in Animals (Endocrine System)""",agent mapping,
(label),,control-and-coordination,,concept-label-mapping,"label ""Nervous + Hormonal"" used by 1 served rows",UNMAPPABLE: generic whole-chapter label; propose re-labelling per question,agent mapping,
(label),,control-and-coordination,,concept-label-mapping,"label ""Animal Hormonal Coordination"" used by 1 served rows","UNMAPPABLE: animal hormones/endocrine glands not covered; propose ""Hormones in Animals (Endocrine System)""",agent mapping,
(label),,control-and-coordination,,concept-label-mapping,"label ""Synapse Direction"" used by 1 served rows",Nervous System & Reflex Actions,agent mapping,
(label),,control-and-coordination,,concept-label-mapping,"label ""Receptors — Location of Gustatory Receptors"" used by 1 served rows",Nervous System & Reflex Actions,agent mapping,
(label),,control-and-coordination,,concept-label-mapping,"label ""Endocrine System — Iodine and Thyroxin"" used by 1 served rows","UNMAPPABLE: animal hormones/endocrine glands not covered; propose ""Hormones in Animals (Endocrine System)""",agent mapping,
(label),,control-and-coordination,,concept-label-mapping,"label ""Hormonal vs Nervous Control"" used by 1 served rows",UNMAPPABLE: generic whole-chapter label; propose re-labelling per question,agent mapping,
(label),,control-and-coordination,,concept-label-mapping,"label ""Plant Hormone — Auxin"" used by 1 served rows",Plant Hormones & Movements,agent mapping,
(label),,control-and-coordination,,concept-label-mapping,"label ""Stimulus for Root Growth"" used by 1 served rows",Plant Hormones & Movements,agent mapping,
(label),,control-and-coordination,,concept-label-mapping,"label ""Response Name — Geotropism"" used by 1 served rows",Plant Hormones & Movements,agent mapping,
(label),,control-and-coordination,,concept-label-mapping,"label ""Stimulus for Shoot Growth"" used by 1 served rows",Plant Hormones & Movements,agent mapping,
(label),,control-and-coordination,,concept-label-mapping,"label ""Response Name — Phototropism"" used by 1 served rows",Plant Hormones & Movements,agent mapping,
(label),,control-and-coordination,,concept-label-mapping,"label ""Auxin and Phototropism"" used by 1 served rows",Plant Hormones & Movements,agent mapping,
(label),,control-and-coordination,,concept-label-mapping,"label ""Hormones — Adrenaline"" used by 1 served rows","UNMAPPABLE: animal hormones/endocrine glands not covered; propose ""Hormones in Animals (Endocrine System)""",agent mapping,
(label),,control-and-coordination,,concept-label-mapping,"label ""Mechanism of Auxin in Phototropism"" used by 1 served rows",Plant Hormones & Movements,agent mapping,
(label),,control-and-coordination,,concept-label-mapping,"label ""Tropic movements in plants"" used by 1 served rows",Plant Hormones & Movements,agent mapping,
(label),,control-and-coordination,,concept-label-mapping,"label ""Human brain — regions and functions"" used by 1 served rows",Nervous System & Reflex Actions,agent mapping,
(label),,control-and-coordination,,concept-label-mapping,"label ""Hormonal response, receptors/effectors, plant movements"" used by 1 served rows",UNMAPPABLE: generic whole-chapter label; propose re-labelling per question,agent mapping,
(label),,control-and-coordination,,concept-label-mapping,"label ""Nervous System (Neurons)"" used by 1 served rows",Nervous System & Reflex Actions,agent mapping,
(label),,control-and-coordination,,concept-label-mapping,"label ""Human Brain (Hindbrain)"" used by 1 served rows",Nervous System & Reflex Actions,agent mapping,
(label),,control-and-coordination,,concept-label-mapping,"label ""Hormone Action on Multiple Organs"" used by 1 served rows","UNMAPPABLE: animal hormones/endocrine glands not covered; propose ""Hormones in Animals (Endocrine System)""",agent mapping,
(label),,control-and-coordination,,concept-label-mapping,"label ""Reflex vs Voluntary Actions"" used by 1 served rows",Nervous System & Reflex Actions,agent mapping,
(label),,control-and-coordination,,concept-label-mapping,"label ""Plant Hormones — Phototropism and Auxin"" used by 1 served rows",Plant Hormones & Movements,agent mapping,
(label),,control-and-coordination,,concept-label-mapping,"label ""Brain Regions — Forebrain, Medulla, Cerebellum"" used by 1 served rows",Nervous System & Reflex Actions,agent mapping,
(label),,control-and-coordination,,concept-label-mapping,"label ""Hormonal Regulation — Insulin and Adrenaline"" used by 1 served rows","UNMAPPABLE: animal hormones/endocrine glands not covered; propose ""Hormones in Animals (Endocrine System)""",agent mapping,
(label),,control-and-coordination,,concept-label-mapping,"label ""Hormones in Animals - Insulin"" used by 1 served rows","UNMAPPABLE: animal hormones/endocrine glands not covered; propose ""Hormones in Animals (Endocrine System)""",agent mapping,
(label),,control-and-coordination,,concept-label-mapping,"label ""Tropic Movements in Plants"" used by 1 served rows",Plant Hormones & Movements,agent mapping,
(label),,control-and-coordination,,concept-label-mapping,"label ""Hormones and Development"" used by 1 served rows","UNMAPPABLE: animal hormones/endocrine glands not covered; propose ""Hormones in Animals (Endocrine System)""",agent mapping,
(label),,control-and-coordination,,concept-label-mapping,"label ""Plant Hormones and Growth Regulation"" used by 1 served rows",Plant Hormones & Movements,agent mapping,
(label),,control-and-coordination,,concept-label-mapping,"label ""Reflex Action and Voluntary Action"" used by 1 served rows",Nervous System & Reflex Actions,agent mapping,
(label),,control-and-coordination,,concept-label-mapping,"label ""Plant Hormones - Ethylene"" used by 1 served rows",Plant Hormones & Movements,agent mapping,
(label),,control-and-coordination,,concept-label-mapping,"label ""Hormones in Animals - Adrenaline"" used by 1 served rows","UNMAPPABLE: animal hormones/endocrine glands not covered; propose ""Hormones in Animals (Endocrine System)""",agent mapping,
(label),,control-and-coordination,,concept-label-mapping,"label ""Reflex Action"" used by 1 served rows",Nervous System & Reflex Actions,agent mapping,
(label),,control-and-coordination,,concept-label-mapping,"label ""Reflex Actions & Nervous System"" used by 1 served rows",Nervous System & Reflex Actions,agent mapping,
(label),,control-and-coordination,,concept-label-mapping,"label ""Hormones in Plants & Animals"" used by 1 served rows",UNMAPPABLE: generic whole-chapter label; propose re-labelling per question,agent mapping,
(label),,control-and-coordination,,concept-label-mapping,"label ""Nervous System & Reflex Arc"" used by 1 served rows",Nervous System & Reflex Actions,agent mapping,
(label),,control-and-coordination,,concept-label-mapping,"label ""Plant hormones"" used by 1 served rows",Plant Hormones & Movements,agent mapping,
(label),,control-and-coordination,,concept-label-mapping,"label ""Human nervous system"" used by 1 served rows",Nervous System & Reflex Actions,agent mapping,
(label),,control-and-coordination,,concept-label-mapping,"label ""Endocrine system"" used by 1 served rows","UNMAPPABLE: animal hormones/endocrine glands not covered; propose ""Hormones in Animals (Endocrine System)""",agent mapping,
(label),,control-and-coordination,,concept-label-mapping,"label ""Nervous System & Reflex Actions"" used by 1 served rows",Nervous System & Reflex Actions,agent mapping,
(label),,coordinate-geometry,,concept-label-mapping,"label ""Distance Formula"" used by 116 served rows",Distance Formula,agent mapping,
(label),,coordinate-geometry,,concept-label-mapping,"label ""Section Formula"" used by 76 served rows",Section Formula,agent mapping,
(label),,coordinate-geometry,,concept-label-mapping,"label ""Midpoint Formula"" used by 16 served rows",Section Formula,agent mapping,
(label),,coordinate-geometry,,concept-label-mapping,"label ""General"" used by 7 served rows",Section Formula,agent mapping,
(label),,coordinate-geometry,,concept-label-mapping,"label ""Coordinates of Vertices"" used by 5 served rows",Section Formula,agent mapping,
(label),,coordinate-geometry,,concept-label-mapping,"label ""(none)"" used by 5 served rows",UNMAPPABLE: no label set; relabel each row to Distance Formula or Section Formula,agent mapping,
(label),,coordinate-geometry,,concept-label-mapping,"label ""Perpendicular Bisector"" used by 3 served rows",Distance Formula,agent mapping,
(label),,coordinate-geometry,,concept-label-mapping,"label ""Distance Formula (collinearity check)"" used by 2 served rows",Distance Formula,agent mapping,
(label),,coordinate-geometry,,concept-label-mapping,"label ""Equidistant Points"" used by 2 served rows",Distance Formula,agent mapping,
(label),,coordinate-geometry,,concept-label-mapping,"label ""Perimeter via Distance Formula"" used by 1 served rows",Distance Formula,agent mapping,
(label),,coordinate-geometry,,concept-label-mapping,"label ""Point Dividing a Segment"" used by 1 served rows",Section Formula,agent mapping,
(label),,coordinate-geometry,,concept-label-mapping,"label ""Mid-point Formula"" used by 1 served rows",Section Formula,agent mapping,
(label),,coordinate-geometry,,concept-label-mapping,"label ""Intercepts and Mid-point"" used by 1 served rows",Section Formula,agent mapping,
(label),,coordinate-geometry,,concept-label-mapping,"label ""Similar Triangles (Coordinates)"" used by 1 served rows",Distance Formula,agent mapping,
(label),,coordinate-geometry,,concept-label-mapping,"label ""Point on a Segment"" used by 1 served rows",Distance Formula,agent mapping,
(label),,coordinate-geometry,,concept-label-mapping,"label ""Parallelogram Test (Mid-points)"" used by 1 served rows",Section Formula,agent mapping,
(label),,coordinate-geometry,,concept-label-mapping,"label ""Point and Circle"" used by 1 served rows",Distance Formula,agent mapping,
(label),,coordinate-geometry,,concept-label-mapping,"label ""Rectangle Test (Coordinates)"" used by 1 served rows",Distance Formula,agent mapping,
(label),,coordinate-geometry,,concept-label-mapping,"label ""Type of Triangle (Distances)"" used by 1 served rows",Distance Formula,agent mapping,
(label),,coordinate-geometry,,concept-label-mapping,"label ""Type of Quadrilateral (Distances)"" used by 1 served rows",Distance Formula,agent mapping,
(label),,coordinate-geometry,,concept-label-mapping,"label ""Equidistant Points (Perp. Bisector)"" used by 1 served rows",Distance Formula,agent mapping,
(label),,coordinate-geometry,,concept-label-mapping,"label ""Point on x-axis (Perp. Bisector)"" used by 1 served rows",Distance Formula,agent mapping,
(label),,coordinate-geometry,,concept-label-mapping,"label ""Equidistant Point + Distance"" used by 1 served rows",Distance Formula,agent mapping,
(label),,coordinate-geometry,,concept-label-mapping,"label ""Section Formula (Ratio)"" used by 1 served rows",Section Formula,agent mapping,
(label),,coordinate-geometry,,concept-label-mapping,"label ""Mid-point + Distance"" used by 1 served rows",Section Formula,agent mapping,
(label),,coordinate-geometry,,concept-label-mapping,"label ""Section Formula (Point on Segment)"" used by 1 served rows",Section Formula,agent mapping,
(label),,coordinate-geometry,,concept-label-mapping,"label ""Ratio in which a Line Divides a Segment"" used by 1 served rows",Section Formula,agent mapping,
(label),,coordinate-geometry,,concept-label-mapping,"label ""Distance Formula (Route Comparison)"" used by 1 served rows",Distance Formula,agent mapping,
(label),,coordinate-geometry,,concept-label-mapping,"label ""Distance Formula and Section/Mid-point (Park Grid)"" used by 1 served rows",Section Formula,agent mapping,
(label),,coordinate-geometry,,concept-label-mapping,"label ""Distance Formula (Stars on a Ceiling)"" used by 1 served rows",Distance Formula,agent mapping,
(label),,coordinate-geometry,,concept-label-mapping,"label ""Distance Formula (Extra Distance via Intermediate Point)"" used by 1 served rows",Distance Formula,agent mapping,
(label),,coordinate-geometry,,concept-label-mapping,"label ""Distance Formula and Section/Mid-point (Colony Grid)"" used by 1 served rows",Distance Formula,agent mapping,
(label),,coordinate-geometry,,concept-label-mapping,"label ""Distance Formula (Assembly Grid)"" used by 1 served rows",Distance Formula,agent mapping,
(label),,coordinate-geometry,,concept-label-mapping,"label ""Distance Formula and Section/Mid-point (Seating Grid)"" used by 1 served rows",Distance Formula,agent mapping,
(label),,coordinate-geometry,,concept-label-mapping,"label ""Distance Formula and Mid-point (Carpooling Grid)"" used by 1 served rows",Distance Formula,agent mapping,
(label),,coordinate-geometry,,concept-label-mapping,"label ""Distance Formula and Mid-point (Sports Ground Flags)"" used by 1 served rows",Distance Formula,agent mapping,
(label),,coordinate-geometry,,concept-label-mapping,"label ""Coordinates and Distance Formula (Garden Grid)"" used by 1 served rows",Distance Formula,agent mapping,
(label),,coordinate-geometry,,concept-label-mapping,"label ""Section Formula — Ratio in which Axis Divides a Segment"" used by 1 served rows",Section Formula,agent mapping,
(label),,coordinate-geometry,,concept-label-mapping,"label ""Distance Formula — Locus from Origin"" used by 1 served rows",Distance Formula,agent mapping,
(label),,coordinate-geometry,,concept-label-mapping,"label ""Case-Based — Football Field Coordinates"" used by 1 served rows",Section Formula,agent mapping,
(label),,coordinate-geometry,,concept-label-mapping,"label ""Section Formula (Trisection)"" used by 1 served rows",Section Formula,agent mapping,
(label),,coordinate-geometry,,concept-label-mapping,"label ""Distance Formula (Real-Life Context)"" used by 1 served rows",Distance Formula,agent mapping,
(label),,coordinate-geometry,,concept-label-mapping,"label ""Midpoint Formula (Real-Life Context)"" used by 1 served rows",Section Formula,agent mapping,
(label),,coordinate-geometry,,concept-label-mapping,"label ""Distance Formula (Distance from Origin)"" used by 1 served rows",Distance Formula,agent mapping,
(label),,coordinate-geometry,,concept-label-mapping,"label ""Distance Formula (Distance Between Two Points)"" used by 1 served rows",Distance Formula,agent mapping,
(label),,coordinate-geometry,,concept-label-mapping,"label ""Distance Formula and Medians"" used by 1 served rows",Distance Formula,agent mapping,
(label),,coordinate-geometry,,concept-label-mapping,"label ""Equation of a Line through Two Points"" used by 1 served rows","UNMAPPABLE: points satisfying a given line (substitution check); equation-of-line itself is Class 11 - propose ""Point on a Given Line""",agent mapping,
(label),,coordinate-geometry,,concept-label-mapping,"label ""Distance Formula (Type of Triangle)"" used by 1 served rows",Distance Formula,agent mapping,
(label),,coordinate-geometry,,concept-label-mapping,"label ""Equidistant Points — Locus"" used by 1 served rows",Distance Formula,agent mapping,
(label),,coordinate-geometry,,concept-label-mapping,"label ""Parallelogram — Fourth Vertex"" used by 1 served rows",Section Formula,agent mapping,
(label),,coordinate-geometry,,concept-label-mapping,"label ""Distance Formula — Real-world"" used by 1 served rows",Distance Formula,agent mapping,
(label),,coordinate-geometry,,concept-label-mapping,"label ""Section Formula — Concentric Circles"" used by 1 served rows",Section Formula,agent mapping,
(label),,coordinate-geometry,,concept-label-mapping,"label ""Equidistant Points — Perpendicular Bisector"" used by 1 served rows",Distance Formula,agent mapping,
(label),,coordinate-geometry,,concept-label-mapping,"label ""Distance, Midpoint, Section Formula — Raycasting Game"" used by 1 served rows",Section Formula,agent mapping,
(label),,coordinate-geometry,,concept-label-mapping,"label ""Coordinate Geometry"" used by 1 served rows","UNMAPPABLE: chapter-name label, not a concept; relabel per row",agent mapping,
(label),,coordinate-geometry,,concept-label-mapping,"label ""Section + Distance (combo)"" used by 1 served rows",Section Formula,agent mapping,
(label),,electricity,,concept-label-mapping,"label ""Chapter Practice — Electricity"" used by 35 served rows",UNMAPPABLE: generic chapter-wide label spanning all concepts - needs per-question re-tagging,agent mapping,
(label),,electricity,,concept-label-mapping,"label ""Ohm's Law"" used by 21 served rows",Ohm’s Law & Circuit Numericals,agent mapping,
(label),,electricity,,concept-label-mapping,"label ""Resistance"" used by 21 served rows","UNMAPPABLE: resistance/resistivity & its factors (R=ρl/A) not in concept list - propose ""Resistance & Resistivity""",agent mapping,
(label),,electricity,,concept-label-mapping,"label ""Electric Power"" used by 20 served rows",Heating Effect & Power Calculations,agent mapping,
(label),,electricity,,concept-label-mapping,"label ""Heating Effect"" used by 19 served rows",Heating Effect & Power Calculations,agent mapping,
(label),,electricity,,concept-label-mapping,"label ""Series and Parallel"" used by 12 served rows",Ohm’s Law & Circuit Numericals,agent mapping,
(label),,electricity,,concept-label-mapping,"label ""(none)"" used by 10 served rows",UNMAPPABLE: generic chapter-wide label spanning all concepts - needs per-question re-tagging,agent mapping,
(label),,electricity,,concept-label-mapping,"label ""Circuits"" used by 9 served rows",Ohm’s Law & Circuit Numericals,agent mapping,
(label),,electricity,,concept-label-mapping,"label ""General"" used by 9 served rows",UNMAPPABLE: generic chapter-wide label spanning all concepts - needs per-question re-tagging,agent mapping,
(label),,electricity,,concept-label-mapping,"label ""Power"" used by 7 served rows",Heating Effect & Power Calculations,agent mapping,
(label),,electricity,,concept-label-mapping,"label ""Electric Current"" used by 5 served rows","UNMAPPABLE: current/charge/potential-difference basics not in concept list - propose ""Electric Current, Charge & Potential Difference""",agent mapping,
(label),,electricity,,concept-label-mapping,"label ""Factors Affecting Resistance"" used by 3 served rows","UNMAPPABLE: resistance/resistivity & its factors (R=ρl/A) not in concept list - propose ""Resistance & Resistivity""",agent mapping,
(label),,electricity,,concept-label-mapping,"label ""Series Circuit"" used by 3 served rows",Ohm’s Law & Circuit Numericals,agent mapping,
(label),,electricity,,concept-label-mapping,"label ""Resistivity"" used by 3 served rows","UNMAPPABLE: resistance/resistivity & its factors (R=ρl/A) not in concept list - propose ""Resistance & Resistivity""",agent mapping,
(label),,electricity,,concept-label-mapping,"label ""Fuse"" used by 3 served rows",Heating Effect & Power Calculations,agent mapping,
(label),,electricity,,concept-label-mapping,"label ""Series and Parallel Combinations"" used by 3 served rows",Ohm’s Law & Circuit Numericals,agent mapping,
(label),,electricity,,concept-label-mapping,"label ""Circuit Analysis"" used by 2 served rows",Ohm’s Law & Circuit Numericals,agent mapping,
(label),,electricity,,concept-label-mapping,"label ""Charge & Electrons"" used by 2 served rows","UNMAPPABLE: current/charge/potential-difference basics not in concept list - propose ""Electric Current, Charge & Potential Difference""",agent mapping,
(label),,electricity,,concept-label-mapping,"label ""Volt Definition"" used by 2 served rows","UNMAPPABLE: current/charge/potential-difference basics not in concept list - propose ""Electric Current, Charge & Potential Difference""",agent mapping,
(label),,electricity,,concept-label-mapping,"label ""Ohm's Law Calculation"" used by 2 served rows",Ohm’s Law & Circuit Numericals,agent mapping,
(label),,electricity,,concept-label-mapping,"label ""Mixed Combinations"" used by 2 served rows",Ohm’s Law & Circuit Numericals,agent mapping,
(label),,electricity,,concept-label-mapping,"label ""Resistance and Geometry"" used by 2 served rows","UNMAPPABLE: resistance/resistivity & its factors (R=ρl/A) not in concept list - propose ""Resistance & Resistivity""",agent mapping,
(label),,electricity,,concept-label-mapping,"label ""Resistivity Factors"" used by 2 served rows","UNMAPPABLE: resistance/resistivity & its factors (R=ρl/A) not in concept list - propose ""Resistance & Resistivity""",agent mapping,
(label),,electricity,,concept-label-mapping,"label ""Joule Heating"" used by 2 served rows",Heating Effect & Power Calculations,agent mapping,
(label),,electricity,,concept-label-mapping,"label ""Series and Parallel Circuits"" used by 2 served rows",Ohm’s Law & Circuit Numericals,agent mapping,
(label),,electricity,,concept-label-mapping,"label ""Heating Effect of Current"" used by 2 served rows",Heating Effect & Power Calculations,agent mapping,
(label),,electricity,,concept-label-mapping,"label ""Resistors in Parallel"" used by 2 served rows",Ohm’s Law & Circuit Numericals,agent mapping,
(label),,electricity,,concept-label-mapping,"label ""Heating Effect of Electric Current"" used by 2 served rows",Heating Effect & Power Calculations,agent mapping,
(label),,electricity,,concept-label-mapping,"label ""Circuit Diagrams"" used by 2 served rows",Ohm’s Law & Circuit Numericals,agent mapping,
(label),,electricity,,concept-label-mapping,"label ""Resistance and Ohm's Law"" used by 1 served rows",Ohm’s Law & Circuit Numericals,agent mapping,
(label),,electricity,,concept-label-mapping,"label ""Electric Circuit"" used by 1 served rows",Ohm’s Law & Circuit Numericals,agent mapping,
(label),,electricity,,concept-label-mapping,"label ""Unit of Current"" used by 1 served rows","UNMAPPABLE: current/charge/potential-difference basics not in concept list - propose ""Electric Current, Charge & Potential Difference""",agent mapping,
(label),,electricity,,concept-label-mapping,"label ""Current & Charge"" used by 1 served rows","UNMAPPABLE: current/charge/potential-difference basics not in concept list - propose ""Electric Current, Charge & Potential Difference""",agent mapping,
(label),,electricity,,concept-label-mapping,"label ""Potential Difference"" used by 1 served rows","UNMAPPABLE: current/charge/potential-difference basics not in concept list - propose ""Electric Current, Charge & Potential Difference""",agent mapping,
(label),,electricity,,concept-label-mapping,"label ""Energy and Voltage"" used by 1 served rows","UNMAPPABLE: current/charge/potential-difference basics not in concept list - propose ""Electric Current, Charge & Potential Difference""",agent mapping,
(label),,electricity,,concept-label-mapping,"label ""Work and Voltage"" used by 1 served rows","UNMAPPABLE: current/charge/potential-difference basics not in concept list - propose ""Electric Current, Charge & Potential Difference""",agent mapping,
(label),,electricity,,concept-label-mapping,"label ""Resistance and Thickness"" used by 1 served rows","UNMAPPABLE: resistance/resistivity & its factors (R=ρl/A) not in concept list - propose ""Resistance & Resistivity""",agent mapping,
(label),,electricity,,concept-label-mapping,"label ""Ohm's Law Application"" used by 1 served rows",Ohm’s Law & Circuit Numericals,agent mapping,
(label),,electricity,,concept-label-mapping,"label ""Alloys in Heating Devices"" used by 1 served rows",Heating Effect & Power Calculations,agent mapping,
(label),,electricity,,concept-label-mapping,"label ""Resistivity Comparison"" used by 1 served rows","UNMAPPABLE: resistance/resistivity & its factors (R=ρl/A) not in concept list - propose ""Resistance & Resistivity""",agent mapping,
(label),,electricity,,concept-label-mapping,"label ""Resistivity Calculation"" used by 1 served rows","UNMAPPABLE: resistance/resistivity & its factors (R=ρl/A) not in concept list - propose ""Resistance & Resistivity""",agent mapping,
(label),,electricity,,concept-label-mapping,"label ""Resistance Scaling"" used by 1 served rows","UNMAPPABLE: resistance/resistivity & its factors (R=ρl/A) not in concept list - propose ""Resistance & Resistivity""",agent mapping,
(label),,electricity,,concept-label-mapping,"label ""Series Circuit Diagram"" used by 1 served rows",Ohm’s Law & Circuit Numericals,agent mapping,
(label),,electricity,,concept-label-mapping,"label ""Series Circuit Readings"" used by 1 served rows",Ohm’s Law & Circuit Numericals,agent mapping,
(label),,electricity,,concept-label-mapping,"label ""Parallel Resistance Limit"" used by 1 served rows",Ohm’s Law & Circuit Numericals,agent mapping,
(label),,electricity,,concept-label-mapping,"label ""Parallel Combination"" used by 1 served rows",Ohm’s Law & Circuit Numericals,agent mapping,
(label),,electricity,,concept-label-mapping,"label ""Parallel Advantage"" used by 1 served rows",Ohm’s Law & Circuit Numericals,agent mapping,
(label),,electricity,,concept-label-mapping,"label ""Extremes of Combination"" used by 1 served rows",Ohm’s Law & Circuit Numericals,agent mapping,
(label),,electricity,,concept-label-mapping,"label ""Parallel Combination Calculation"" used by 1 served rows",Ohm’s Law & Circuit Numericals,agent mapping,
(label),,electricity,,concept-label-mapping,"label ""Series-Parallel Combination"" used by 1 served rows",Ohm’s Law & Circuit Numericals,agent mapping,
(label),,electricity,,concept-label-mapping,"label ""Heat Energy"" used by 1 served rows",Heating Effect & Power Calculations,agent mapping,
(label),,electricity,,concept-label-mapping,"label ""Joule's Heating"" used by 1 served rows",Heating Effect & Power Calculations,agent mapping,
(label),,electricity,,concept-label-mapping,"label ""Power and Resistance"" used by 1 served rows",Heating Effect & Power Calculations,agent mapping,
(label),,electricity,,concept-label-mapping,"label ""Heat from Resistor"" used by 1 served rows",Heating Effect & Power Calculations,agent mapping,
(label),,electricity,,concept-label-mapping,"label ""Power and Energy"" used by 1 served rows",Heating Effect & Power Calculations,agent mapping,
(label),,electricity,,concept-label-mapping,"label ""Bulb Power"" used by 1 served rows",Heating Effect & Power Calculations,agent mapping,
(label),,electricity,,concept-label-mapping,"label ""Cost of Electricity"" used by 1 served rows",Heating Effect & Power Calculations,agent mapping,
(label),,electricity,,concept-label-mapping,"label ""Cut Wire Parallel"" used by 1 served rows",Ohm’s Law & Circuit Numericals,agent mapping,
(label),,electricity,,concept-label-mapping,"label ""Bulb at Lower Voltage"" used by 1 served rows",Heating Effect & Power Calculations,agent mapping,
(label),,electricity,,concept-label-mapping,"label ""Heat in Series vs Parallel"" used by 1 served rows",Heating Effect & Power Calculations,agent mapping,
(label),,electricity,,concept-label-mapping,"label ""Voltmeter Connection"" used by 1 served rows",Ohm’s Law & Circuit Numericals,agent mapping,
(label),,electricity,,concept-label-mapping,"label ""V-I Graph"" used by 1 served rows",Ohm’s Law & Circuit Numericals,agent mapping,
(label),,electricity,,concept-label-mapping,"label ""Parallel Resistors Count"" used by 1 served rows",Ohm’s Law & Circuit Numericals,agent mapping,
(label),,electricity,,concept-label-mapping,"label ""Number of Bulbs"" used by 1 served rows",Ohm’s Law & Circuit Numericals,agent mapping,
(label),,electricity,,concept-label-mapping,"label ""Hot-plate Coils"" used by 1 served rows",Heating Effect & Power Calculations,agent mapping,
(label),,electricity,,concept-label-mapping,"label ""Power Comparison"" used by 1 served rows",Heating Effect & Power Calculations,agent mapping,
(label),,electricity,,concept-label-mapping,"label ""Parallel Lamps"" used by 1 served rows",Ohm’s Law & Circuit Numericals,agent mapping,
(label),,electricity,,concept-label-mapping,"label ""Energy Comparison"" used by 1 served rows",Heating Effect & Power Calculations,agent mapping,
(label),,electricity,,concept-label-mapping,"label ""Rate of Heating"" used by 1 served rows",Heating Effect & Power Calculations,agent mapping,
(label),,electricity,,concept-label-mapping,"label ""Conceptual Explanations"" used by 1 served rows",UNMAPPABLE: generic chapter-wide label spanning all concepts - needs per-question re-tagging,agent mapping,
(label),,electricity,,concept-label-mapping,"label ""Heating in Combinations"" used by 1 served rows",Heating Effect & Power Calculations,agent mapping,
(label),,electricity,,concept-label-mapping,"label ""Circuit Diagram"" used by 1 served rows",Ohm’s Law & Circuit Numericals,agent mapping,
(label),,electricity,,concept-label-mapping,"label ""Maximum Resistance"" used by 1 served rows",Ohm’s Law & Circuit Numericals,agent mapping,
(label),,electricity,,concept-label-mapping,"label ""Minimum Resistance"" used by 1 served rows",Ohm’s Law & Circuit Numericals,agent mapping,
(label),,electricity,,concept-label-mapping,"label ""Cells in Series"" used by 1 served rows",Ohm’s Law & Circuit Numericals,agent mapping,
(label),,electricity,,concept-label-mapping,"label ""V-I Graph Interpretation"" used by 1 served rows",Ohm’s Law & Circuit Numericals,agent mapping,
(label),,electricity,,concept-label-mapping,"label ""Power and Current"" used by 1 served rows",Heating Effect & Power Calculations,agent mapping,
(label),,electricity,,concept-label-mapping,"label ""Brightness in Parallel"" used by 1 served rows",Heating Effect & Power Calculations,agent mapping,
(label),,electricity,,concept-label-mapping,"label ""Fuse Rating"" used by 1 served rows",Heating Effect & Power Calculations,agent mapping,
(label),,electricity,,concept-label-mapping,"label ""Series vs Parallel"" used by 1 served rows",Ohm’s Law & Circuit Numericals,agent mapping,
(label),,electricity,,concept-label-mapping,"label ""Units of Power"" used by 1 served rows",Heating Effect & Power Calculations,agent mapping,
(label),,electricity,,concept-label-mapping,"label ""Circuit Correction"" used by 1 served rows",Ohm’s Law & Circuit Numericals,agent mapping,
(label),,electricity,,concept-label-mapping,"label ""Power Rating Safety"" used by 1 served rows",Heating Effect & Power Calculations,agent mapping,
(label),,electricity,,concept-label-mapping,"label ""Ammeter Properties"" used by 1 served rows",Ohm’s Law & Circuit Numericals,agent mapping,
(label),,electricity,,concept-label-mapping,"label ""Series-Parallel Voltage"" used by 1 served rows",Ohm’s Law & Circuit Numericals,agent mapping,
(label),,electricity,,concept-label-mapping,"label ""Fuse Wire"" used by 1 served rows",Heating Effect & Power Calculations,agent mapping,
(label),,electricity,,concept-label-mapping,"label ""Resistivity & Length"" used by 1 served rows","UNMAPPABLE: resistance/resistivity & its factors (R=ρl/A) not in concept list - propose ""Resistance & Resistivity""",agent mapping,
(label),,electricity,,concept-label-mapping,"label ""Commercial Unit"" used by 1 served rows",Heating Effect & Power Calculations,agent mapping,
(label),,electricity,,concept-label-mapping,"label ""Series-Parallel Mix"" used by 1 served rows",Ohm’s Law & Circuit Numericals,agent mapping,
(label),,electricity,,concept-label-mapping,"label ""Parallel in Homes"" used by 1 served rows",Ohm’s Law & Circuit Numericals,agent mapping,
(label),,electricity,,concept-label-mapping,"label ""Bulbs in Parallel"" used by 1 served rows",Ohm’s Law & Circuit Numericals,agent mapping,
(label),,electricity,,concept-label-mapping,"label ""Bulbs in Series vs Parallel"" used by 1 served rows",Ohm’s Law & Circuit Numericals,agent mapping,
(label),,electricity,,concept-label-mapping,"label ""Ohm's Law Experiment"" used by 1 served rows",Ohm’s Law & Circuit Numericals,agent mapping,
(label),,electricity,,concept-label-mapping,"label ""Resistivity Experiment"" used by 1 served rows","UNMAPPABLE: resistance/resistivity & its factors (R=ρl/A) not in concept list - propose ""Resistance & Resistivity""",agent mapping,
(label),,electricity,,concept-label-mapping,"label ""Same Current in Series"" used by 1 served rows",Ohm’s Law & Circuit Numericals,agent mapping,
(label),,electricity,,concept-label-mapping,"label ""Same Voltage in Parallel"" used by 1 served rows",Ohm’s Law & Circuit Numericals,agent mapping,
(label),,electricity,,concept-label-mapping,"label ""Series-Parallel Resistance — Equivalent Resistance"" used by 1 served rows",Ohm’s Law & Circuit Numericals,agent mapping,
(label),,electricity,,concept-label-mapping,"label ""Joule's Law of Heating and Factors Affecting Resistance"" used by 1 served rows",Heating Effect & Power Calculations,agent mapping,
(label),,electricity,,concept-label-mapping,"label ""Domestic Circuits — Earth Wire and Fuse Function"" used by 1 served rows",OTHER-CHAPTER: magnetic-effects-of-electric-current,agent mapping,
(label),,electricity,,concept-label-mapping,"label ""Case-Based — Parallel Circuit with Headlights and Sidelights"" used by 1 served rows",Ohm’s Law & Circuit Numericals,agent mapping,
(label),,electricity,,concept-label-mapping,"label ""Resistors in Series"" used by 1 served rows",Ohm’s Law & Circuit Numericals,agent mapping,
(label),,electricity,,concept-label-mapping,"label ""Measuring Current — Ammeter Connection"" used by 1 served rows",Ohm’s Law & Circuit Numericals,agent mapping,
(label),,electricity,,concept-label-mapping,"label ""Series and Parallel Circuits in the Home"" used by 1 served rows",Ohm’s Law & Circuit Numericals,agent mapping,
(label),,electricity,,concept-label-mapping,"label ""Identifying Ammeter and Voltmeter"" used by 1 served rows",Ohm’s Law & Circuit Numericals,agent mapping,
(label),,electricity,,concept-label-mapping,"label ""Potential Difference Across a Combination"" used by 1 served rows",Ohm’s Law & Circuit Numericals,agent mapping,
(label),,electricity,,concept-label-mapping,"label ""Effect of Cross-Sectional Area on Resistance"" used by 1 served rows","UNMAPPABLE: resistance/resistivity & its factors (R=ρl/A) not in concept list - propose ""Resistance & Resistivity""",agent mapping,
(label),,electricity,,concept-label-mapping,"label ""Electrical Energy and Cost (kilowatt-hour)"" used by 1 served rows",Heating Effect & Power Calculations,agent mapping,
(label),,electricity,,concept-label-mapping,"label ""Ohm's Law (Calculating Current)"" used by 1 served rows",Ohm’s Law & Circuit Numericals,agent mapping,
(label),,electricity,,concept-label-mapping,"label ""Equivalent Resistance (Parallel)"" used by 1 served rows",Ohm’s Law & Circuit Numericals,agent mapping,
(label),,electricity,,concept-label-mapping,"label ""Ohm's Law — Potential Difference"" used by 1 served rows",Ohm’s Law & Circuit Numericals,agent mapping,
(label),,electricity,,concept-label-mapping,"label ""Ohm's Law — Resistance from V and I"" used by 1 served rows",Ohm’s Law & Circuit Numericals,agent mapping,
(label),,electricity,,concept-label-mapping,"label ""Ohm's Law — Current Calculation"" used by 1 served rows",Ohm’s Law & Circuit Numericals,agent mapping,
(label),,electricity,,concept-label-mapping,"label ""Electric Power (P = VI)"" used by 1 served rows",Heating Effect & Power Calculations,agent mapping,
(label),,electricity,,concept-label-mapping,"label ""Advantages of Parallel Connection"" used by 1 served rows",Ohm’s Law & Circuit Numericals,agent mapping,
(label),,electricity,,concept-label-mapping,"label ""Electric current in a simple circuit"" used by 1 served rows",Ohm’s Law & Circuit Numericals,agent mapping,
(label),,electricity,,concept-label-mapping,"label ""Combination of resistors"" used by 1 served rows",Ohm’s Law & Circuit Numericals,agent mapping,
(label),,electricity,,concept-label-mapping,"label ""Electric fuse"" used by 1 served rows",Heating Effect & Power Calculations,agent mapping,
(label),,electricity,,concept-label-mapping,"label ""Resistance, resistivity and dimensions of a wire"" used by 1 served rows","UNMAPPABLE: resistance/resistivity & its factors (R=ρl/A) not in concept list - propose ""Resistance & Resistivity""",agent mapping,
(label),,electricity,,concept-label-mapping,"label ""Resistance in Parallel"" used by 1 served rows",Ohm’s Law & Circuit Numericals,agent mapping,
(label),,electricity,,concept-label-mapping,"label ""Ohm's Law and Heating Effect"" used by 1 served rows",Ohm’s Law & Circuit Numericals,agent mapping,
(label),,electricity,,concept-label-mapping,"label ""Electric Fuse and MCB (Safety)"" used by 1 served rows",Heating Effect & Power Calculations,agent mapping,
(label),,electricity,,concept-label-mapping,"label ""Series Circuits and Current"" used by 1 served rows",Ohm’s Law & Circuit Numericals,agent mapping,
(label),,electricity,,concept-label-mapping,"label ""Power, Energy, Series Circuits"" used by 1 served rows",Heating Effect & Power Calculations,agent mapping,
(label),,electricity,,concept-label-mapping,"label ""Short Circuit and Combined Resistance"" used by 1 served rows",Ohm’s Law & Circuit Numericals,agent mapping,
(label),,electricity,,concept-label-mapping,"label ""Resistor Networks — Mixed Series and Parallel"" used by 1 served rows",Ohm’s Law & Circuit Numericals,agent mapping,
(label),,electricity,,concept-label-mapping,"label ""Electric Charge, Electron Count, Ohm's Law from V-I"" used by 1 served rows","UNMAPPABLE: current/charge/potential-difference basics not in concept list - propose ""Electric Current, Charge & Potential Difference""",agent mapping,
(label),,electricity,,concept-label-mapping,"label ""Resistance and Length — Parallel Resistors and Ammeters"" used by 1 served rows",Ohm’s Law & Circuit Numericals,agent mapping,
(label),,electricity,,concept-label-mapping,"label ""Resistivity — Definition and Affecting Factors"" used by 1 served rows","UNMAPPABLE: resistance/resistivity & its factors (R=ρl/A) not in concept list - propose ""Resistance & Resistivity""",agent mapping,
(label),,electricity,,concept-label-mapping,"label ""Potential Difference in a Series Circuit"" used by 1 served rows",Ohm’s Law & Circuit Numericals,agent mapping,
(label),,electricity,,concept-label-mapping,"label ""Potential Difference in a Parallel Circuit"" used by 1 served rows",Ohm’s Law & Circuit Numericals,agent mapping,
(label),,electricity,,concept-label-mapping,"label ""Ohm's Law - Experimental Verification"" used by 1 served rows",Ohm’s Law & Circuit Numericals,agent mapping,
(label),,electricity,,concept-label-mapping,"label ""Ammeter and Voltmeter Connections"" used by 1 served rows",Ohm’s Law & Circuit Numericals,agent mapping,
(label),,electricity,,concept-label-mapping,"label ""Equivalent Resistance"" used by 1 served rows",Ohm’s Law & Circuit Numericals,agent mapping,
(label),,electricity,,concept-label-mapping,"label ""Resistivity and Factors Affecting Resistance"" used by 1 served rows","UNMAPPABLE: resistance/resistivity & its factors (R=ρl/A) not in concept list - propose ""Resistance & Resistivity""",agent mapping,
(label),,electricity,,concept-label-mapping,"label ""Electric Fuse and Short Circuit"" used by 1 served rows",Heating Effect & Power Calculations,agent mapping,
(label),,electricity,,concept-label-mapping,"label ""Resistance and Safety in Electric Circuits"" used by 1 served rows",Heating Effect & Power Calculations,agent mapping,
(label),,electricity,,concept-label-mapping,"label ""Electricity"" used by 1 served rows",UNMAPPABLE: generic chapter-wide label spanning all concepts - needs per-question re-tagging,agent mapping,
(label),,electricity,,concept-label-mapping,"label ""Ohm’s Law"" used by 1 served rows",Ohm’s Law & Circuit Numericals,agent mapping,
(label),,electricity,,concept-label-mapping,"label ""Resistors in Series/Parallel"" used by 1 served rows",Ohm’s Law & Circuit Numericals,agent mapping,
(label),,electricity,,concept-label-mapping,"label ""Ohm’s Law – Numericals"" used by 1 served rows",Ohm’s Law & Circuit Numericals,agent mapping,
(label),,electricity,,concept-label-mapping,"label ""Power & Energy"" used by 1 served rows",Heating Effect & Power Calculations,agent mapping,
(label),,electricity,,concept-label-mapping,"label ""Domestic Circuits & Safety"" used by 1 served rows",OTHER-CHAPTER: magnetic-effects-of-electric-current,agent mapping,
(label),,electricity,,concept-label-mapping,"label ""Series & Parallel – Effective Resistance"" used by 1 served rows",Ohm’s Law & Circuit Numericals,agent mapping,
(label),,electricity,,concept-label-mapping,"label ""Ohm's Law & Graphs"" used by 1 served rows",Ohm’s Law & Circuit Numericals,agent mapping,
(label),,electricity,,concept-label-mapping,"label ""Resistors in Series & Parallel"" used by 1 served rows",Ohm’s Law & Circuit Numericals,agent mapping,
(label),,electricity,,concept-label-mapping,"label ""Power of an Appliance"" used by 1 served rows",Heating Effect & Power Calculations,agent mapping,
(label),,electricity,,concept-label-mapping,"label ""Household Circuits & Safety Devices"" used by 1 served rows",OTHER-CHAPTER: magnetic-effects-of-electric-current,agent mapping,
(label),,electricity,,concept-label-mapping,"label ""Ohm's law and resistance combinations"" used by 1 served rows",Ohm’s Law & Circuit Numericals,agent mapping,
(label),,electricity,,concept-label-mapping,"label ""Ohm’s Law & V–I Graph"" used by 1 served rows",Ohm’s Law & Circuit Numericals,agent mapping,
(label),,electricity,,concept-label-mapping,"label ""Resistance in Series/Parallel"" used by 1 served rows",Ohm’s Law & Circuit Numericals,agent mapping,
(label),,electricity,,concept-label-mapping,"label ""Ohm's Law & Circuit Numericals"" used by 1 served rows",Ohm’s Law & Circuit Numericals,agent mapping,
(label),,electricity,,concept-label-mapping,"label ""Ohm's Law and Circuits"" used by 1 served rows",Ohm’s Law & Circuit Numericals,agent mapping,
(label),,heredity,,concept-label-mapping,"label ""Chapter Practice — Heredity"" used by 36 served rows","UNMAPPABLE: generic catch-all bucket mixing Mendel, sex-determination and some out-of-syllabus evolution rows; re-tag per row",agent mapping,
(label),,heredity,,concept-label-mapping,"label ""Mendel's Laws"" used by 24 served rows",Mendel's Experiments & Ratios,agent mapping,
(label),,heredity,,concept-label-mapping,"label ""Sex Determination"" used by 21 served rows",Sex Determination,agent mapping,
(label),,heredity,,concept-label-mapping,"label ""Mendel Experiments"" used by 17 served rows",Mendel's Experiments & Ratios,agent mapping,
(label),,heredity,,concept-label-mapping,"label ""Heredity Rules"" used by 12 served rows",Mendel's Experiments & Ratios,agent mapping,
(label),,heredity,,concept-label-mapping,"label ""Dihybrid Cross"" used by 11 served rows",Mendel's Experiments & Ratios,agent mapping,
(label),,heredity,,concept-label-mapping,"label ""Mendelian Crosses"" used by 11 served rows",Mendel's Experiments & Ratios,agent mapping,
(label),,heredity,,concept-label-mapping,"label ""(none)"" used by 9 served rows","UNMAPPABLE: generic catch-all bucket mixing Mendel, sex-determination and some out-of-syllabus evolution rows; re-tag per row",agent mapping,
(label),,heredity,,concept-label-mapping,"label ""Monohybrid Cross"" used by 7 served rows",Mendel's Experiments & Ratios,agent mapping,
(label),,heredity,,concept-label-mapping,"label ""General"" used by 7 served rows","UNMAPPABLE: generic catch-all bucket mixing Mendel, sex-determination and some out-of-syllabus evolution rows; re-tag per row",agent mapping,
(label),,heredity,,concept-label-mapping,"label ""Genes and Chromosomes"" used by 6 served rows","UNMAPPABLE: in-syllabus NCERT 'how traits are expressed' (gene->protein/enzyme->hormone, DNA, chromosomes); propose 'Genes, DNA & Expression of Traits'",agent mapping,
(label),,heredity,,concept-label-mapping,"label ""Test Cross"" used by 5 served rows",Mendel's Experiments & Ratios,agent mapping,
(label),,heredity,,concept-label-mapping,"label ""Variation"" used by 4 served rows",UNMAPPABLE: in-syllabus variation/inheritance basics not in concept list; propose 'Variation & Inheritance of Traits',agent mapping,
(label),,heredity,,concept-label-mapping,"label ""Variation in Reproduction"" used by 4 served rows",UNMAPPABLE: in-syllabus variation/inheritance basics not in concept list; propose 'Variation & Inheritance of Traits',agent mapping,
(label),,heredity,,concept-label-mapping,"label ""Inheritance"" used by 4 served rows",Mendel's Experiments & Ratios,agent mapping,
(label),,heredity,,concept-label-mapping,"label ""Chromosomes (Autosomes vs Sex Chromosomes)"" used by 3 served rows",Sex Determination,agent mapping,
(label),,heredity,,concept-label-mapping,"label ""Dominant vs Recessive"" used by 3 served rows",Mendel's Experiments & Ratios,agent mapping,
(label),,heredity,,concept-label-mapping,"label ""Hereditary Material"" used by 2 served rows","UNMAPPABLE: in-syllabus NCERT 'how traits are expressed' (gene->protein/enzyme->hormone, DNA, chromosomes); propose 'Genes, DNA & Expression of Traits'",agent mapping,
(label),,heredity,,concept-label-mapping,"label ""Alleles"" used by 2 served rows",Mendel's Experiments & Ratios,agent mapping,
(label),,heredity,,concept-label-mapping,"label ""Genotype and Phenotype"" used by 2 served rows",Mendel's Experiments & Ratios,agent mapping,
(label),,heredity,,concept-label-mapping,"label ""Inheritance of Traits"" used by 2 served rows",Mendel's Experiments & Ratios,agent mapping,
(label),,heredity,,concept-label-mapping,"label ""Sex Determination in Humans"" used by 2 served rows",Sex Determination,agent mapping,
(label),,heredity,,concept-label-mapping,"label ""Dominant and Recessive Traits"" used by 1 served rows",Mendel's Experiments & Ratios,agent mapping,
(label),,heredity,,concept-label-mapping,"label ""Genes and Expression of Traits"" used by 1 served rows","UNMAPPABLE: in-syllabus NCERT 'how traits are expressed' (gene->protein/enzyme->hormone, DNA, chromosomes); propose 'Genes, DNA & Expression of Traits'",agent mapping,
(label),,heredity,,concept-label-mapping,"label ""Law of Dominance"" used by 1 served rows",Mendel's Experiments & Ratios,agent mapping,
(label),,heredity,,concept-label-mapping,"label ""Independent Assortment"" used by 1 served rows",Mendel's Experiments & Ratios,agent mapping,
(label),,heredity,,concept-label-mapping,"label ""Test Cross and Genotype Determination"" used by 1 served rows",Mendel's Experiments & Ratios,agent mapping,
(label),,heredity,,concept-label-mapping,"label ""Dihybrid Cross and Independent Assortment"" used by 1 served rows",Mendel's Experiments & Ratios,agent mapping,
(label),,heredity,,concept-label-mapping,"label ""Law of Segregation"" used by 1 served rows",Mendel's Experiments & Ratios,agent mapping,
(label),,heredity,,concept-label-mapping,"label ""Mendel's Experiments and Laws of Inheritance"" used by 1 served rows",Mendel's Experiments & Ratios,agent mapping,
(label),,heredity,,concept-label-mapping,"label ""Monohybrid Cross and F2 Ratio"" used by 1 served rows",Mendel's Experiments & Ratios,agent mapping,
(label),,heredity,,concept-label-mapping,"label ""Independent Assortment (Dihybrid Test Cross)"" used by 1 served rows",Mendel's Experiments & Ratios,agent mapping,
(label),,heredity,,concept-label-mapping,"label ""Pedigree Analysis — Autosomal Dominant Trait"" used by 1 served rows",Mendel's Experiments & Ratios,agent mapping,
(label),,heredity,,concept-label-mapping,"label ""Pedigree Analysis — Recessive Trait Across Generations"" used by 1 served rows",Mendel's Experiments & Ratios,agent mapping,
(label),,heredity,,concept-label-mapping,"label ""Genes and Chromosomes as Hereditary Material"" used by 1 served rows","UNMAPPABLE: in-syllabus NCERT 'how traits are expressed' (gene->protein/enzyme->hormone, DNA, chromosomes); propose 'Genes, DNA & Expression of Traits'",agent mapping,
(label),,heredity,,concept-label-mapping,"label ""Variation and Inheritance"" used by 1 served rows",UNMAPPABLE: in-syllabus variation/inheritance basics not in concept list; propose 'Variation & Inheritance of Traits',agent mapping,
(label),,heredity,,concept-label-mapping,"label ""Genes, Hormones and Expression of Traits"" used by 1 served rows","UNMAPPABLE: in-syllabus NCERT 'how traits are expressed' (gene->protein/enzyme->hormone, DNA, chromosomes); propose 'Genes, DNA & Expression of Traits'",agent mapping,
(label),,heredity,,concept-label-mapping,"label ""Case-Based — Monohybrid Inheritance of Earlobe Type"" used by 1 served rows",Mendel's Experiments & Ratios,agent mapping,
(label),,heredity,,concept-label-mapping,"label ""Genes, Chromosomes and DNA"" used by 1 served rows","UNMAPPABLE: in-syllabus NCERT 'how traits are expressed' (gene->protein/enzyme->hormone, DNA, chromosomes); propose 'Genes, DNA & Expression of Traits'",agent mapping,
(label),,heredity,,concept-label-mapping,"label ""Mendel's Work on Heredity"" used by 1 served rows",Mendel's Experiments & Ratios,agent mapping,
(label),,heredity,,concept-label-mapping,"label ""Controlled Pollination Technique"" used by 1 served rows",Mendel's Experiments & Ratios,agent mapping,
(label),,heredity,,concept-label-mapping,"label ""Punnett Square — Monohybrid Cross"" used by 1 served rows",Mendel's Experiments & Ratios,agent mapping,
(label),,heredity,,concept-label-mapping,"label ""Mendel's Choice of Pea Plants"" used by 1 served rows",Mendel's Experiments & Ratios,agent mapping,
(label),,heredity,,concept-label-mapping,"label ""Genetic Cross (Punnett Square)"" used by 1 served rows",Mendel's Experiments & Ratios,agent mapping,
(label),,heredity,,concept-label-mapping,"label ""Monohybrid Cross — Genetic Diagram"" used by 1 served rows",Mendel's Experiments & Ratios,agent mapping,
(label),,heredity,,concept-label-mapping,"label ""Punnett Square — F2 Ratio"" used by 1 served rows",Mendel's Experiments & Ratios,agent mapping,
(label),,heredity,,concept-label-mapping,"label ""Selective Breeding for True-Breeding Flower Colour"" used by 1 served rows",Mendel's Experiments & Ratios,agent mapping,
(label),,heredity,,concept-label-mapping,"label ""Mendel's Breeding Method (Pure-breeding)"" used by 1 served rows",Mendel's Experiments & Ratios,agent mapping,
(label),,heredity,,concept-label-mapping,"label ""Mendel's experiments — inheritance of traits"" used by 1 served rows",Mendel's Experiments & Ratios,agent mapping,
(label),,heredity,,concept-label-mapping,"label ""Inheritance of traits in pea plants"" used by 1 served rows",Mendel's Experiments & Ratios,agent mapping,
(label),,heredity,,concept-label-mapping,"label ""Mendelian Inheritance (Dihybrid)"" used by 1 served rows",Mendel's Experiments & Ratios,agent mapping,
(label),,heredity,,concept-label-mapping,"label ""Pedigree Analysis (Eye Colour Inheritance)"" used by 1 served rows",Mendel's Experiments & Ratios,agent mapping,
(label),,heredity,,concept-label-mapping,"label ""Mendelian Genetics — Cross Outcomes"" used by 1 served rows",Mendel's Experiments & Ratios,agent mapping,
(label),,heredity,,concept-label-mapping,"label ""Variation and DNA Copying"" used by 1 served rows",UNMAPPABLE: in-syllabus variation/inheritance basics not in concept list; propose 'Variation & Inheritance of Traits',agent mapping,
(label),,heredity,,concept-label-mapping,"label ""Dihybrid Cross — Pea Plants"" used by 1 served rows",Mendel's Experiments & Ratios,agent mapping,
(label),,heredity,,concept-label-mapping,"label ""Pedigree Analysis — Sickle Cell Anaemia"" used by 1 served rows",Mendel's Experiments & Ratios,agent mapping,
(label),,heredity,,concept-label-mapping,"label ""Monohybrid Cross — F2 Genotypic Ratio"" used by 1 served rows",Mendel's Experiments & Ratios,agent mapping,
(label),,heredity,,concept-label-mapping,"label ""Dihybrid Cross + Unidirectional Energy Flow"" used by 1 served rows",Mendel's Experiments & Ratios,agent mapping,
(label),,heredity,,concept-label-mapping,"label ""Heredity"" used by 1 served rows",Mendel's Experiments & Ratios,agent mapping,
(label),,heredity,,concept-label-mapping,"label ""Mendel’s Experiments"" used by 1 served rows",Mendel's Experiments & Ratios,agent mapping,
(label),,heredity,,concept-label-mapping,"label ""Mendel's Experiments"" used by 1 served rows",Mendel's Experiments & Ratios,agent mapping,
(label),,heredity,,concept-label-mapping,"label ""Mendel's Laws & Inheritance"" used by 1 served rows",Mendel's Experiments & Ratios,agent mapping,
(label),,heredity,,concept-label-mapping,"label ""Mendel’s experiments"" used by 1 served rows",Mendel's Experiments & Ratios,agent mapping,
(label),,heredity,,concept-label-mapping,"label ""Sex determination"" used by 1 served rows",Sex Determination,agent mapping,
(label),,heredity,,concept-label-mapping,"label ""Mendel's Experiments & Ratios"" used by 1 served rows",Mendel's Experiments & Ratios,agent mapping,
(label),,how-do-organisms-reproduce,,concept-label-mapping,"label ""Chapter Practice — How do Organisms Reproduce"" used by 44 served rows",UNMAPPABLE: mixed-chapter catch-all label spanning both concepts (re-label per row),agent mapping,
(label),,how-do-organisms-reproduce,,concept-label-mapping,"label ""Asexual Reproduction"" used by 33 served rows",Asexual Reproduction & Diagrams,agent mapping,
(label),,how-do-organisms-reproduce,,concept-label-mapping,"label ""Sexual Reproduction in Plants"" used by 27 served rows",Sexual Reproduction in Humans & Plants,agent mapping,
(label),,how-do-organisms-reproduce,,concept-label-mapping,"label ""Human Reproductive System"" used by 18 served rows",Sexual Reproduction in Humans & Plants,agent mapping,
(label),,how-do-organisms-reproduce,,concept-label-mapping,"label ""Sexual Reproduction in Humans"" used by 16 served rows",Sexual Reproduction in Humans & Plants,agent mapping,
(label),,how-do-organisms-reproduce,,concept-label-mapping,"label ""Vegetative Propagation"" used by 13 served rows",Asexual Reproduction & Diagrams,agent mapping,
(label),,how-do-organisms-reproduce,,concept-label-mapping,"label ""Family Planning"" used by 10 served rows",Sexual Reproduction in Humans & Plants,agent mapping,
(label),,how-do-organisms-reproduce,,concept-label-mapping,"label ""Fertilisation"" used by 10 served rows",Sexual Reproduction in Humans & Plants,agent mapping,
(label),,how-do-organisms-reproduce,,concept-label-mapping,"label ""General"" used by 10 served rows",UNMAPPABLE: mixed-chapter catch-all label spanning both concepts (re-label per row),agent mapping,
(label),,how-do-organisms-reproduce,,concept-label-mapping,"label ""Reproductive Health"" used by 9 served rows",Sexual Reproduction in Humans & Plants,agent mapping,
(label),,how-do-organisms-reproduce,,concept-label-mapping,"label ""Vegetative Propagation - Artificial"" used by 9 served rows",Asexual Reproduction & Diagrams,agent mapping,
(label),,how-do-organisms-reproduce,,concept-label-mapping,"label ""Menstruation"" used by 8 served rows",Sexual Reproduction in Humans & Plants,agent mapping,
(label),,how-do-organisms-reproduce,,concept-label-mapping,"label ""(none)"" used by 8 served rows",UNMAPPABLE: mixed-chapter catch-all label spanning both concepts (re-label per row),agent mapping,
(label),,how-do-organisms-reproduce,,concept-label-mapping,"label ""Contraception"" used by 7 served rows",Sexual Reproduction in Humans & Plants,agent mapping,
(label),,how-do-organisms-reproduce,,concept-label-mapping,"label ""Male Reproductive System"" used by 7 served rows",Sexual Reproduction in Humans & Plants,agent mapping,
(label),,how-do-organisms-reproduce,,concept-label-mapping,"label ""Safe Sex and HIV/AIDS"" used by 6 served rows",Sexual Reproduction in Humans & Plants,agent mapping,
(label),,how-do-organisms-reproduce,,concept-label-mapping,"label ""Sexually Transmitted Diseases"" used by 6 served rows",Sexual Reproduction in Humans & Plants,agent mapping,
(label),,how-do-organisms-reproduce,,concept-label-mapping,"label ""DNA Copying and Variation"" used by 5 served rows","UNMAPPABLE: DNA copying, variation & chromosome constancy (propose concept ""DNA Copying, Variation & Importance of Reproduction"")",agent mapping,
(label),,how-do-organisms-reproduce,,concept-label-mapping,"label ""Sexual Reproduction in Flowering Plants"" used by 5 served rows",Sexual Reproduction in Humans & Plants,agent mapping,
(label),,how-do-organisms-reproduce,,concept-label-mapping,"label ""Puberty and Secondary Sexual Characters"" used by 5 served rows",Sexual Reproduction in Humans & Plants,agent mapping,
(label),,how-do-organisms-reproduce,,concept-label-mapping,"label ""Vegetative Propagation - Natural"" used by 5 served rows",Asexual Reproduction & Diagrams,agent mapping,
(label),,how-do-organisms-reproduce,,concept-label-mapping,"label ""Budding"" used by 4 served rows",Asexual Reproduction & Diagrams,agent mapping,
(label),,how-do-organisms-reproduce,,concept-label-mapping,"label ""Spore Formation"" used by 4 served rows",Asexual Reproduction & Diagrams,agent mapping,
(label),,how-do-organisms-reproduce,,concept-label-mapping,"label ""Regeneration"" used by 4 served rows",Asexual Reproduction & Diagrams,agent mapping,
(label),,how-do-organisms-reproduce,,concept-label-mapping,"label ""Pollination"" used by 4 served rows",Sexual Reproduction in Humans & Plants,agent mapping,
(label),,how-do-organisms-reproduce,,concept-label-mapping,"label ""Fertilisation in Humans"" used by 4 served rows",Sexual Reproduction in Humans & Plants,agent mapping,
(label),,how-do-organisms-reproduce,,concept-label-mapping,"label ""Fission"" used by 3 served rows",Asexual Reproduction & Diagrams,agent mapping,
(label),,how-do-organisms-reproduce,,concept-label-mapping,"label ""Germination and Seed Structure"" used by 3 served rows",Sexual Reproduction in Humans & Plants,agent mapping,
(label),,how-do-organisms-reproduce,,concept-label-mapping,"label ""Female Reproductive System"" used by 3 served rows",Sexual Reproduction in Humans & Plants,agent mapping,
(label),,how-do-organisms-reproduce,,concept-label-mapping,"label ""Placenta"" used by 3 served rows",Sexual Reproduction in Humans & Plants,agent mapping,
(label),,how-do-organisms-reproduce,,concept-label-mapping,"label ""Placenta and Pregnancy"" used by 3 served rows",Sexual Reproduction in Humans & Plants,agent mapping,
(label),,how-do-organisms-reproduce,,concept-label-mapping,"label ""Sexual Reproduction in Plants - Pollination"" used by 3 served rows",Sexual Reproduction in Humans & Plants,agent mapping,
(label),,how-do-organisms-reproduce,,concept-label-mapping,"label ""Sexual Reproduction in Plants - Seed Dispersal"" used by 3 served rows",Sexual Reproduction in Humans & Plants,agent mapping,
(label),,how-do-organisms-reproduce,,concept-label-mapping,"label ""Variation"" used by 3 served rows","UNMAPPABLE: DNA copying, variation & chromosome constancy (propose concept ""DNA Copying, Variation & Importance of Reproduction"")",agent mapping,
(label),,how-do-organisms-reproduce,,concept-label-mapping,"label ""Modes of Reproduction in Animals"" used by 3 served rows",Sexual Reproduction in Humans & Plants,agent mapping,
(label),,how-do-organisms-reproduce,,concept-label-mapping,"label ""Importance of Reproduction"" used by 2 served rows","UNMAPPABLE: DNA copying, variation & chromosome constancy (propose concept ""DNA Copying, Variation & Importance of Reproduction"")",agent mapping,
(label),,how-do-organisms-reproduce,,concept-label-mapping,"label ""Modes of Reproduction"" used by 2 served rows",UNMAPPABLE: mixed-chapter catch-all label spanning both concepts (re-label per row),agent mapping,
(label),,how-do-organisms-reproduce,,concept-label-mapping,"label ""Human Male Reproductive System"" used by 2 served rows",Sexual Reproduction in Humans & Plants,agent mapping,
(label),,how-do-organisms-reproduce,,concept-label-mapping,"label ""Asexual Reproduction by Fission"" used by 2 served rows",Asexual Reproduction & Diagrams,agent mapping,
(label),,how-do-organisms-reproduce,,concept-label-mapping,"label ""Pollination in Flowering Plants"" used by 2 served rows",Sexual Reproduction in Humans & Plants,agent mapping,
(label),,how-do-organisms-reproduce,,concept-label-mapping,"label ""Asexual Reproduction in Unicellular Organisms"" used by 2 served rows",Asexual Reproduction & Diagrams,agent mapping,
(label),,how-do-organisms-reproduce,,concept-label-mapping,"label ""Asexual Reproduction - Budding"" used by 2 served rows",Asexual Reproduction & Diagrams,agent mapping,
(label),,how-do-organisms-reproduce,,concept-label-mapping,"label ""Asexual Reproduction - Spore Formation"" used by 2 served rows",Asexual Reproduction & Diagrams,agent mapping,
(label),,how-do-organisms-reproduce,,concept-label-mapping,"label ""Vegetative Propagation - Tissue Culture"" used by 2 served rows",Asexual Reproduction & Diagrams,agent mapping,
(label),,how-do-organisms-reproduce,,concept-label-mapping,"label ""Contraception and STIs"" used by 2 served rows",Sexual Reproduction in Humans & Plants,agent mapping,
(label),,how-do-organisms-reproduce,,concept-label-mapping,"label ""DNA Copying"" used by 2 served rows","UNMAPPABLE: DNA copying, variation & chromosome constancy (propose concept ""DNA Copying, Variation & Importance of Reproduction"")",agent mapping,
(label),,how-do-organisms-reproduce,,concept-label-mapping,"label ""Pollination vs Fertilisation"" used by 2 served rows",Sexual Reproduction in Humans & Plants,agent mapping,
(label),,how-do-organisms-reproduce,,concept-label-mapping,"label ""Sexual vs Asexual"" used by 2 served rows",UNMAPPABLE: mixed-chapter catch-all label spanning both concepts (re-label per row),agent mapping,
(label),,how-do-organisms-reproduce,,concept-label-mapping,"label ""Population Stability"" used by 2 served rows","UNMAPPABLE: DNA copying, variation & chromosome constancy (propose concept ""DNA Copying, Variation & Importance of Reproduction"")",agent mapping,
(label),,how-do-organisms-reproduce,,concept-label-mapping,"label ""Asexual Modes"" used by 2 served rows",Asexual Reproduction & Diagrams,agent mapping,
(label),,how-do-organisms-reproduce,,concept-label-mapping,"label ""Chromosome Constancy"" used by 2 served rows","UNMAPPABLE: DNA copying, variation & chromosome constancy (propose concept ""DNA Copying, Variation & Importance of Reproduction"")",agent mapping,
(label),,how-do-organisms-reproduce,,concept-label-mapping,"label ""Chromosome Number"" used by 2 served rows","UNMAPPABLE: DNA copying, variation & chromosome constancy (propose concept ""DNA Copying, Variation & Importance of Reproduction"")",agent mapping,
(label),,how-do-organisms-reproduce,,concept-label-mapping,"label ""Sexual Reproduction"" used by 1 served rows",Sexual Reproduction in Humans & Plants,agent mapping,
(label),,how-do-organisms-reproduce,,concept-label-mapping,"label ""Artificial Vegetative Propagation"" used by 1 served rows",Asexual Reproduction & Diagrams,agent mapping,
(label),,how-do-organisms-reproduce,,concept-label-mapping,"label ""Tissue Culture (Micropropagation)"" used by 1 served rows",Asexual Reproduction & Diagrams,agent mapping,
(label),,how-do-organisms-reproduce,,concept-label-mapping,"label ""Asexual Reproduction by Budding"" used by 1 served rows",Asexual Reproduction & Diagrams,agent mapping,
(label),,how-do-organisms-reproduce,,concept-label-mapping,"label ""Structure of a Flower"" used by 1 served rows",Sexual Reproduction in Humans & Plants,agent mapping,
(label),,how-do-organisms-reproduce,,concept-label-mapping,"label ""Fragmentation and Regeneration"" used by 1 served rows",Asexual Reproduction & Diagrams,agent mapping,
(label),,how-do-organisms-reproduce,,concept-label-mapping,"label ""Human Development and Pregnancy"" used by 1 served rows",Sexual Reproduction in Humans & Plants,agent mapping,
(label),,how-do-organisms-reproduce,,concept-label-mapping,"label ""Variation and DNA Copying"" used by 1 served rows","UNMAPPABLE: DNA copying, variation & chromosome constancy (propose concept ""DNA Copying, Variation & Importance of Reproduction"")",agent mapping,
(label),,how-do-organisms-reproduce,,concept-label-mapping,"label ""Unisexual and Bisexual Flowers"" used by 1 served rows",Sexual Reproduction in Humans & Plants,agent mapping,
(label),,how-do-organisms-reproduce,,concept-label-mapping,"label ""Modes of Reproduction and Body Design"" used by 1 served rows",UNMAPPABLE: mixed-chapter catch-all label spanning both concepts (re-label per row),agent mapping,
(label),,how-do-organisms-reproduce,,concept-label-mapping,"label ""Natural Vegetative Propagation"" used by 1 served rows",Asexual Reproduction & Diagrams,agent mapping,
(label),,how-do-organisms-reproduce,,concept-label-mapping,"label ""Gametes in Sexual Reproduction"" used by 1 served rows",Sexual Reproduction in Humans & Plants,agent mapping,
(label),,how-do-organisms-reproduce,,concept-label-mapping,"label ""Asexual Reproduction - Regeneration"" used by 1 served rows",Asexual Reproduction & Diagrams,agent mapping,
(label),,how-do-organisms-reproduce,,concept-label-mapping,"label ""Asexual Reproduction - Multiple Fission"" used by 1 served rows",Asexual Reproduction & Diagrams,agent mapping,
(label),,how-do-organisms-reproduce,,concept-label-mapping,"label ""Asexual Reproduction - Fragmentation"" used by 1 served rows",Asexual Reproduction & Diagrams,agent mapping,
(label),,how-do-organisms-reproduce,,concept-label-mapping,"label ""Sexual Reproduction in Plants - Flower Structure"" used by 1 served rows",Sexual Reproduction in Humans & Plants,agent mapping,
(label),,how-do-organisms-reproduce,,concept-label-mapping,"label ""Sexual Reproduction in Plants - Germination"" used by 1 served rows",Sexual Reproduction in Humans & Plants,agent mapping,
(label),,how-do-organisms-reproduce,,concept-label-mapping,"label ""Sexual Reproduction in Plants - Fertilisation"" used by 1 served rows",Sexual Reproduction in Humans & Plants,agent mapping,
(label),,how-do-organisms-reproduce,,concept-label-mapping,"label ""Sexual Reproduction in Plants - Seed and Fruit Formation"" used by 1 served rows",Sexual Reproduction in Humans & Plants,agent mapping,
(label),,how-do-organisms-reproduce,,concept-label-mapping,"label ""Asexual Reproduction - Binary Fission"" used by 1 served rows",Asexual Reproduction & Diagrams,agent mapping,
(label),,how-do-organisms-reproduce,,concept-label-mapping,"label ""Sexual Reproduction and Variation"" used by 1 served rows","UNMAPPABLE: DNA copying, variation & chromosome constancy (propose concept ""DNA Copying, Variation & Importance of Reproduction"")",agent mapping,
(label),,how-do-organisms-reproduce,,concept-label-mapping,"label ""Reproductive Health and Family Planning"" used by 1 served rows",Sexual Reproduction in Humans & Plants,agent mapping,
(label),,how-do-organisms-reproduce,,concept-label-mapping,"label ""Significance of Sexual Reproduction"" used by 1 served rows","UNMAPPABLE: DNA copying, variation & chromosome constancy (propose concept ""DNA Copying, Variation & Importance of Reproduction"")",agent mapping,
(label),,how-do-organisms-reproduce,,concept-label-mapping,"label ""Reproductive Health and Hygiene"" used by 1 served rows",Sexual Reproduction in Humans & Plants,agent mapping,
(label),,how-do-organisms-reproduce,,concept-label-mapping,"label ""Fission Modes"" used by 1 served rows",Asexual Reproduction & Diagrams,agent mapping,
(label),,how-do-organisms-reproduce,,concept-label-mapping,"label ""Spores"" used by 1 served rows",Asexual Reproduction & Diagrams,agent mapping,
(label),,how-do-organisms-reproduce,,concept-label-mapping,"label ""Regeneration Limits"" used by 1 served rows",Asexual Reproduction & Diagrams,agent mapping,
(label),,how-do-organisms-reproduce,,concept-label-mapping,"label ""Puberty (Female)"" used by 1 served rows",Sexual Reproduction in Humans & Plants,agent mapping,
(label),,how-do-organisms-reproduce,,concept-label-mapping,"label ""Embryo Nourishment"" used by 1 served rows",Sexual Reproduction in Humans & Plants,agent mapping,
(label),,how-do-organisms-reproduce,,concept-label-mapping,"label ""Female Reproductive Anatomy"" used by 1 served rows",Sexual Reproduction in Humans & Plants,agent mapping,
(label),,how-do-organisms-reproduce,,concept-label-mapping,"label ""Flower Parts"" used by 1 served rows",Sexual Reproduction in Humans & Plants,agent mapping,
(label),,how-do-organisms-reproduce,,concept-label-mapping,"label ""Testes Function"" used by 1 served rows",Sexual Reproduction in Humans & Plants,agent mapping,
(label),,how-do-organisms-reproduce,,concept-label-mapping,"label ""Flower Diagram"" used by 1 served rows",Sexual Reproduction in Humans & Plants,agent mapping,
(label),,how-do-organisms-reproduce,,concept-label-mapping,"label ""Reproduction Modes"" used by 1 served rows",UNMAPPABLE: mixed-chapter catch-all label spanning both concepts (re-label per row),agent mapping,
(label),,how-do-organisms-reproduce,,concept-label-mapping,"label ""Flower Gametes"" used by 1 served rows",Sexual Reproduction in Humans & Plants,agent mapping,
(label),,how-do-organisms-reproduce,,concept-label-mapping,"label ""Sexual Reproduction Sequence"" used by 1 served rows",Sexual Reproduction in Humans & Plants,agent mapping,
(label),,how-do-organisms-reproduce,,concept-label-mapping,"label ""Asexual Similarity"" used by 1 served rows",Asexual Reproduction & Diagrams,agent mapping,
(label),,how-do-organisms-reproduce,,concept-label-mapping,"label ""Heredity"" used by 1 served rows","UNMAPPABLE: DNA copying, variation & chromosome constancy (propose concept ""DNA Copying, Variation & Importance of Reproduction"")",agent mapping,
(label),,how-do-organisms-reproduce,,concept-label-mapping,"label ""Spirogyra Fragmentation"" used by 1 served rows",Asexual Reproduction & Diagrams,agent mapping,
(label),,how-do-organisms-reproduce,,concept-label-mapping,"label ""Multiple Fission"" used by 1 served rows",Asexual Reproduction & Diagrams,agent mapping,
(label),,how-do-organisms-reproduce,,concept-label-mapping,"label ""Reproductive Sequence"" used by 1 served rows",Sexual Reproduction in Humans & Plants,agent mapping,
(label),,how-do-organisms-reproduce,,concept-label-mapping,"label ""Rhizopus"" used by 1 served rows",Asexual Reproduction & Diagrams,agent mapping,
(label),,how-do-organisms-reproduce,,concept-label-mapping,"label ""Bread Mould Growth"" used by 1 served rows",Asexual Reproduction & Diagrams,agent mapping,
(label),,how-do-organisms-reproduce,,concept-label-mapping,"label ""Pollen Tube"" used by 1 served rows",Sexual Reproduction in Humans & Plants,agent mapping,
(label),,how-do-organisms-reproduce,,concept-label-mapping,"label ""Flowers"" used by 1 served rows",Sexual Reproduction in Humans & Plants,agent mapping,
(label),,how-do-organisms-reproduce,,concept-label-mapping,"label ""Unisexual Flowers"" used by 1 served rows",Sexual Reproduction in Humans & Plants,agent mapping,
(label),,how-do-organisms-reproduce,,concept-label-mapping,"label ""Sexual Reproduction Plants"" used by 1 served rows",Sexual Reproduction in Humans & Plants,agent mapping,
(label),,how-do-organisms-reproduce,,concept-label-mapping,"label ""Seed Structure"" used by 1 served rows",Sexual Reproduction in Humans & Plants,agent mapping,
(label),,how-do-organisms-reproduce,,concept-label-mapping,"label ""Reproduction Importance"" used by 1 served rows","UNMAPPABLE: DNA copying, variation & chromosome constancy (propose concept ""DNA Copying, Variation & Importance of Reproduction"")",agent mapping,
(label),,how-do-organisms-reproduce,,concept-label-mapping,"label ""Puberty (Male)"" used by 1 served rows",Sexual Reproduction in Humans & Plants,agent mapping,
(label),,how-do-organisms-reproduce,,concept-label-mapping,"label ""Menarche"" used by 1 served rows",Sexual Reproduction in Humans & Plants,agent mapping,
(label),,how-do-organisms-reproduce,,concept-label-mapping,"label ""Scrotum Function"" used by 1 served rows",Sexual Reproduction in Humans & Plants,agent mapping,
(label),,how-do-organisms-reproduce,,concept-label-mapping,"label ""Testes Functions"" used by 1 served rows",Sexual Reproduction in Humans & Plants,agent mapping,
(label),,how-do-organisms-reproduce,,concept-label-mapping,"label ""Sperm Path"" used by 1 served rows",Sexual Reproduction in Humans & Plants,agent mapping,
(label),,how-do-organisms-reproduce,,concept-label-mapping,"label ""Cross Pollination"" used by 1 served rows",Sexual Reproduction in Humans & Plants,agent mapping,
(label),,how-do-organisms-reproduce,,concept-label-mapping,"label ""Cell Division"" used by 1 served rows","UNMAPPABLE: DNA copying, variation & chromosome constancy (propose concept ""DNA Copying, Variation & Importance of Reproduction"")",agent mapping,
(label),,how-do-organisms-reproduce,,concept-label-mapping,"label ""Clone"" used by 1 served rows",Asexual Reproduction & Diagrams,agent mapping,
(label),,how-do-organisms-reproduce,,concept-label-mapping,"label ""Yeast & Sugar"" used by 1 served rows",Asexual Reproduction & Diagrams,agent mapping,
(label),,how-do-organisms-reproduce,,concept-label-mapping,"label ""Bread Mould"" used by 1 served rows",Asexual Reproduction & Diagrams,agent mapping,
(label),,how-do-organisms-reproduce,,concept-label-mapping,"label ""Variation Sources"" used by 1 served rows","UNMAPPABLE: DNA copying, variation & chromosome constancy (propose concept ""DNA Copying, Variation & Importance of Reproduction"")",agent mapping,
(label),,how-do-organisms-reproduce,,concept-label-mapping,"label ""Planaria Regeneration"" used by 1 served rows",Asexual Reproduction & Diagrams,agent mapping,
(label),,how-do-organisms-reproduce,,concept-label-mapping,"label ""Tobacco Chromosomes"" used by 1 served rows","UNMAPPABLE: DNA copying, variation & chromosome constancy (propose concept ""DNA Copying, Variation & Importance of Reproduction"")",agent mapping,
(label),,how-do-organisms-reproduce,,concept-label-mapping,"label ""Pollination Necessity"" used by 1 served rows",Sexual Reproduction in Humans & Plants,agent mapping,
(label),,how-do-organisms-reproduce,,concept-label-mapping,"label ""Zygote Location"" used by 1 served rows",Sexual Reproduction in Humans & Plants,agent mapping,
(label),,how-do-organisms-reproduce,,concept-label-mapping,"label ""Growth vs Maturation"" used by 1 served rows",Sexual Reproduction in Humans & Plants,agent mapping,
(label),,how-do-organisms-reproduce,,concept-label-mapping,"label ""Sperm Path & Glands"" used by 1 served rows",Sexual Reproduction in Humans & Plants,agent mapping,
(label),,how-do-organisms-reproduce,,concept-label-mapping,"label ""Implantation"" used by 1 served rows",Sexual Reproduction in Humans & Plants,agent mapping,
(label),,how-do-organisms-reproduce,,concept-label-mapping,"label ""Female Reproductive Diagram"" used by 1 served rows",Sexual Reproduction in Humans & Plants,agent mapping,
(label),,how-do-organisms-reproduce,,concept-label-mapping,"label ""Sex Determination"" used by 1 served rows",OTHER-CHAPTER: heredity,agent mapping,
(label),,how-do-organisms-reproduce,,concept-label-mapping,"label ""Gamete vs Zygote"" used by 1 served rows",Sexual Reproduction in Humans & Plants,agent mapping,
(label),,how-do-organisms-reproduce,,concept-label-mapping,"label ""Flower Whorls"" used by 1 served rows",Sexual Reproduction in Humans & Plants,agent mapping,
(label),,how-do-organisms-reproduce,,concept-label-mapping,"label ""Species vs Individual"" used by 1 served rows","UNMAPPABLE: DNA copying, variation & chromosome constancy (propose concept ""DNA Copying, Variation & Importance of Reproduction"")",agent mapping,
(label),,how-do-organisms-reproduce,,concept-label-mapping,"label ""Vegetative Propagation — Genetic Similarity"" used by 1 served rows",Asexual Reproduction & Diagrams,agent mapping,
(label),,how-do-organisms-reproduce,,concept-label-mapping,"label ""Post-Fertilisation Changes in Flowering Plants"" used by 1 served rows",Sexual Reproduction in Humans & Plants,agent mapping,
(label),,how-do-organisms-reproduce,,concept-label-mapping,"label ""Human Reproductive System — Anatomy & Physiology"" used by 1 served rows",Sexual Reproduction in Humans & Plants,agent mapping,
(label),,how-do-organisms-reproduce,,concept-label-mapping,"label ""Function of Cotyledons in a Dicot Seed"" used by 1 served rows",Sexual Reproduction in Humans & Plants,agent mapping,
(label),,how-do-organisms-reproduce,,concept-label-mapping,"label ""Contraception and Sexually Transmitted Diseases"" used by 1 served rows",Sexual Reproduction in Humans & Plants,agent mapping,
(label),,how-do-organisms-reproduce,,concept-label-mapping,"label ""Inheritance via Sexual Reproduction"" used by 1 served rows","UNMAPPABLE: DNA copying, variation & chromosome constancy (propose concept ""DNA Copying, Variation & Importance of Reproduction"")",agent mapping,
(label),,how-do-organisms-reproduce,,concept-label-mapping,"label ""Structure of a flower — sexual reproduction"" used by 1 served rows",Sexual Reproduction in Humans & Plants,agent mapping,
(label),,how-do-organisms-reproduce,,concept-label-mapping,"label ""Fermentation — anaerobic conditions"" used by 1 served rows",OTHER-CHAPTER: life-processes,agent mapping,
(label),,how-do-organisms-reproduce,,concept-label-mapping,"label ""Reproduction by spore formation in Rhizopus"" used by 1 served rows",Asexual Reproduction & Diagrams,agent mapping,
(label),,how-do-organisms-reproduce,,concept-label-mapping,"label ""DNA copying, variation and constancy of DNA"" used by 1 served rows","UNMAPPABLE: DNA copying, variation & chromosome constancy (propose concept ""DNA Copying, Variation & Importance of Reproduction"")",agent mapping,
(label),,how-do-organisms-reproduce,,concept-label-mapping,"label ""Asexual Reproduction (Budding)"" used by 1 served rows",Asexual Reproduction & Diagrams,agent mapping,
(label),,how-do-organisms-reproduce,,concept-label-mapping,"label ""Reproductive Health (Contraception - Surgical Methods)"" used by 1 served rows",Sexual Reproduction in Humans & Plants,agent mapping,
(label),,how-do-organisms-reproduce,,concept-label-mapping,"label ""Sexual Reproduction — Cross-Pollination"" used by 1 served rows",Sexual Reproduction in Humans & Plants,agent mapping,
(label),,how-do-organisms-reproduce,,concept-label-mapping,"label ""Asexual Reproduction + Functional Anatomy"" used by 1 served rows",Asexual Reproduction & Diagrams,agent mapping,
(label),,how-do-organisms-reproduce,,concept-label-mapping,"label ""Asexual Reproduction — Rhizopus Spores"" used by 1 served rows",Asexual Reproduction & Diagrams,agent mapping,
(label),,how-do-organisms-reproduce,,concept-label-mapping,"label ""Reproductive Health — Contraceptive Methods"" used by 1 served rows",Sexual Reproduction in Humans & Plants,agent mapping,
(label),,how-do-organisms-reproduce,,concept-label-mapping,"label ""STIs and Safe Sex"" used by 1 served rows",Sexual Reproduction in Humans & Plants,agent mapping,
(label),,how-do-organisms-reproduce,,concept-label-mapping,"label ""Reproduction in Spirogyra"" used by 1 served rows",Asexual Reproduction & Diagrams,agent mapping,
(label),,how-do-organisms-reproduce,,concept-label-mapping,"label ""Reproductive Health and Contraception"" used by 1 served rows",Sexual Reproduction in Humans & Plants,agent mapping,
(label),,how-do-organisms-reproduce,,concept-label-mapping,"label ""Sex Determination in Humans"" used by 1 served rows",OTHER-CHAPTER: heredity,agent mapping,
(label),,how-do-organisms-reproduce,,concept-label-mapping,"label ""How do Organisms Reproduce?"" used by 1 served rows",UNMAPPABLE: mixed-chapter catch-all label spanning both concepts (re-label per row),agent mapping,
(label),,how-do-organisms-reproduce,,concept-label-mapping,"label ""Reproduction in Flowering Plants"" used by 1 served rows",Sexual Reproduction in Humans & Plants,agent mapping,
(label),,how-do-organisms-reproduce,,concept-label-mapping,"label ""Asexual vs Sexual Reproduction"" used by 1 served rows",UNMAPPABLE: mixed-chapter catch-all label spanning both concepts (re-label per row),agent mapping,
(label),,how-do-organisms-reproduce,,concept-label-mapping,"label ""Sexual Reproduction in Humans & Plants"" used by 1 served rows",Sexual Reproduction in Humans & Plants,agent mapping,
(label),,human-eye-and-colourful-world,,concept-label-mapping,"label ""Defects of Vision"" used by 32 served rows",Structure & Defects of Vision,agent mapping,
(label),,human-eye-and-colourful-world,,concept-label-mapping,"label ""Chapter Practice — Human Eye and the Colourful World"" used by 32 served rows",UNMAPPABLE: generic chapter-wide label spanning eye and colourful-world content; relabel per row,agent mapping,
(label),,human-eye-and-colourful-world,,concept-label-mapping,"label ""Dispersion"" used by 16 served rows","UNMAPPABLE: in-syllabus prism/dispersion/scattering content; propose concept ""Prism, Dispersion & Scattering of Light""",agent mapping,
(label),,human-eye-and-colourful-world,,concept-label-mapping,"label ""Human Eye"" used by 13 served rows",Structure & Defects of Vision,agent mapping,
(label),,human-eye-and-colourful-world,,concept-label-mapping,"label ""Atmospheric Refraction"" used by 13 served rows",Atmospheric Refraction Phenomena,agent mapping,
(label),,human-eye-and-colourful-world,,concept-label-mapping,"label ""Scattering of Light"" used by 13 served rows","UNMAPPABLE: in-syllabus prism/dispersion/scattering content; propose concept ""Prism, Dispersion & Scattering of Light""",agent mapping,
(label),,human-eye-and-colourful-world,,concept-label-mapping,"label ""Human Eye Structure"" used by 9 served rows",Structure & Defects of Vision,agent mapping,
(label),,human-eye-and-colourful-world,,concept-label-mapping,"label ""Dispersion of Light"" used by 9 served rows","UNMAPPABLE: in-syllabus prism/dispersion/scattering content; propose concept ""Prism, Dispersion & Scattering of Light""",agent mapping,
(label),,human-eye-and-colourful-world,,concept-label-mapping,"label ""General"" used by 9 served rows",UNMAPPABLE: generic chapter-wide label spanning eye and colourful-world content; relabel per row,agent mapping,
(label),,human-eye-and-colourful-world,,concept-label-mapping,"label ""(none)"" used by 9 served rows",UNMAPPABLE: generic chapter-wide label spanning eye and colourful-world content; relabel per row,agent mapping,
(label),,human-eye-and-colourful-world,,concept-label-mapping,"label ""Power of Accommodation"" used by 7 served rows",Structure & Defects of Vision,agent mapping,
(label),,human-eye-and-colourful-world,,concept-label-mapping,"label ""Scattering"" used by 6 served rows","UNMAPPABLE: in-syllabus prism/dispersion/scattering content; propose concept ""Prism, Dispersion & Scattering of Light""",agent mapping,
(label),,human-eye-and-colourful-world,,concept-label-mapping,"label ""Myopia"" used by 6 served rows",Structure & Defects of Vision,agent mapping,
(label),,human-eye-and-colourful-world,,concept-label-mapping,"label ""Rainbow Formation"" used by 6 served rows","UNMAPPABLE: in-syllabus prism/dispersion/scattering content; propose concept ""Prism, Dispersion & Scattering of Light""",agent mapping,
(label),,human-eye-and-colourful-world,,concept-label-mapping,"label ""Structure of Human Eye"" used by 4 served rows",Structure & Defects of Vision,agent mapping,
(label),,human-eye-and-colourful-world,,concept-label-mapping,"label ""Hypermetropia"" used by 3 served rows",Structure & Defects of Vision,agent mapping,
(label),,human-eye-and-colourful-world,,concept-label-mapping,"label ""Near Point and Far Point"" used by 2 served rows",Structure & Defects of Vision,agent mapping,
(label),,human-eye-and-colourful-world,,concept-label-mapping,"label ""Accommodation of the Eye"" used by 2 served rows",Structure & Defects of Vision,agent mapping,
(label),,human-eye-and-colourful-world,,concept-label-mapping,"label ""Tyndall Effect"" used by 2 served rows","UNMAPPABLE: in-syllabus prism/dispersion/scattering content; propose concept ""Prism, Dispersion & Scattering of Light""",agent mapping,
(label),,human-eye-and-colourful-world,,concept-label-mapping,"label ""Human Eye Structure, Defects of Vision"" used by 1 served rows",Structure & Defects of Vision,agent mapping,
(label),,human-eye-and-colourful-world,,concept-label-mapping,"label ""Light Scattering"" used by 1 served rows","UNMAPPABLE: in-syllabus prism/dispersion/scattering content; propose concept ""Prism, Dispersion & Scattering of Light""",agent mapping,
(label),,human-eye-and-colourful-world,,concept-label-mapping,"label ""Prism and Dispersion"" used by 1 served rows","UNMAPPABLE: in-syllabus prism/dispersion/scattering content; propose concept ""Prism, Dispersion & Scattering of Light""",agent mapping,
(label),,human-eye-and-colourful-world,,concept-label-mapping,"label ""Lens Power and Focal Length"" used by 1 served rows",Structure & Defects of Vision,agent mapping,
(label),,human-eye-and-colourful-world,,concept-label-mapping,"label ""Refraction through Prism"" used by 1 served rows","UNMAPPABLE: in-syllabus prism/dispersion/scattering content; propose concept ""Prism, Dispersion & Scattering of Light""",agent mapping,
(label),,human-eye-and-colourful-world,,concept-label-mapping,"label ""Scattering of Light by Atmosphere"" used by 1 served rows","UNMAPPABLE: in-syllabus prism/dispersion/scattering content; propose concept ""Prism, Dispersion & Scattering of Light""",agent mapping,
(label),,human-eye-and-colourful-world,,concept-label-mapping,"label ""Dispersion of White Light by a Prism"" used by 1 served rows","UNMAPPABLE: in-syllabus prism/dispersion/scattering content; propose concept ""Prism, Dispersion & Scattering of Light""",agent mapping,
(label),,human-eye-and-colourful-world,,concept-label-mapping,"label ""Structure and Working of the Human Eye"" used by 1 served rows",Structure & Defects of Vision,agent mapping,
(label),,human-eye-and-colourful-world,,concept-label-mapping,"label ""Power of a Lens"" used by 1 served rows",Structure & Defects of Vision,agent mapping,
(label),,human-eye-and-colourful-world,,concept-label-mapping,"label ""Dispersion and Wavelength"" used by 1 served rows","UNMAPPABLE: in-syllabus prism/dispersion/scattering content; propose concept ""Prism, Dispersion & Scattering of Light""",agent mapping,
(label),,human-eye-and-colourful-world,,concept-label-mapping,"label ""Formation of a Rainbow"" used by 1 served rows","UNMAPPABLE: in-syllabus prism/dispersion/scattering content; propose concept ""Prism, Dispersion & Scattering of Light""",agent mapping,
(label),,human-eye-and-colourful-world,,concept-label-mapping,"label ""Long-Sightedness (Hypermetropia) and Its Correction"" used by 1 served rows",Structure & Defects of Vision,agent mapping,
(label),,human-eye-and-colourful-world,,concept-label-mapping,"label ""Defects of Vision and Their Correction"" used by 1 served rows",Structure & Defects of Vision,agent mapping,
(label),,human-eye-and-colourful-world,,concept-label-mapping,"label ""Spectrum and dispersion of light by a prism"" used by 1 served rows","UNMAPPABLE: in-syllabus prism/dispersion/scattering content; propose concept ""Prism, Dispersion & Scattering of Light""",agent mapping,
(label),,human-eye-and-colourful-world,,concept-label-mapping,"label ""Dispersion of white light through a prism"" used by 1 served rows","UNMAPPABLE: in-syllabus prism/dispersion/scattering content; propose concept ""Prism, Dispersion & Scattering of Light""",agent mapping,
(label),,human-eye-and-colourful-world,,concept-label-mapping,"label ""Atmospheric Scattering — Sky Colour"" used by 1 served rows","UNMAPPABLE: in-syllabus prism/dispersion/scattering content; propose concept ""Prism, Dispersion & Scattering of Light""",agent mapping,
(label),,human-eye-and-colourful-world,,concept-label-mapping,"label ""Dispersion of White Light through Prisms"" used by 1 served rows","UNMAPPABLE: in-syllabus prism/dispersion/scattering content; propose concept ""Prism, Dispersion & Scattering of Light""",agent mapping,
(label),,human-eye-and-colourful-world,,concept-label-mapping,"label ""Myopia, Lens Defects, Eye Anatomy"" used by 1 served rows",Structure & Defects of Vision,agent mapping,
(label),,human-eye-and-colourful-world,,concept-label-mapping,"label ""Scattering and Atmospheric Refraction"" used by 1 served rows","Atmospheric Refraction Phenomena (mixed label; scattering part needs proposed concept ""Prism, Dispersion & Scattering of Light"")",agent mapping,
(label),,human-eye-and-colourful-world,,concept-label-mapping,"label ""Hypermetropia — Causes and Correction"" used by 1 served rows",Structure & Defects of Vision,agent mapping,
(label),,human-eye-and-colourful-world,,concept-label-mapping,"label ""Near Point, Recombination of Spectrum, Rainbow"" used by 1 served rows","Structure & Defects of Vision (mixed label; recombination/rainbow parts belong to proposed ""Prism, Dispersion & Scattering of Light"")",agent mapping,
(label),,human-eye-and-colourful-world,,concept-label-mapping,"label ""Chapter Practice — Light - Reflection and Refraction"" used by 1 served rows",UNMAPPABLE: generic Light-chapter label on a morning-sun heat item that is not NCERT content (retire row),agent mapping,
(label),,human-eye-and-colourful-world,,concept-label-mapping,"label ""Concave Lens"" used by 1 served rows",Structure & Defects of Vision,agent mapping,
(label),,human-eye-and-colourful-world,,concept-label-mapping,"label ""Reflection of Light"" used by 1 served rows","UNMAPPABLE: in-syllabus prism/dispersion/scattering content; propose concept ""Prism, Dispersion & Scattering of Light"" (row is scattering vs reflection)",agent mapping,
(label),,human-eye-and-colourful-world,,concept-label-mapping,"label ""Power of Lens"" used by 1 served rows",Structure & Defects of Vision,agent mapping,
(label),,human-eye-and-colourful-world,,concept-label-mapping,"label ""Refractive Index"" used by 1 served rows","UNMAPPABLE: in-syllabus prism/dispersion/scattering content; propose concept ""Prism, Dispersion & Scattering of Light"" (row is refractive index vs colour)",agent mapping,
(label),,human-eye-and-colourful-world,,concept-label-mapping,"label ""Structure and Function of the Human Eye"" used by 1 served rows",Structure & Defects of Vision,agent mapping,
(label),,human-eye-and-colourful-world,,concept-label-mapping,"label ""Accommodation of Eye"" used by 1 served rows",Structure & Defects of Vision,agent mapping,
(label),,human-eye-and-colourful-world,,concept-label-mapping,"label ""The Human Eye and the Colourful World"" used by 1 served rows",UNMAPPABLE: generic chapter-wide label spanning eye and colourful-world content; relabel per row,agent mapping,
(label),,human-eye-and-colourful-world,,concept-label-mapping,"label ""Persistence of Vision & Power of Accommodation"" used by 1 served rows",Structure & Defects of Vision,agent mapping,
(label),,human-eye-and-colourful-world,,concept-label-mapping,"label ""Atmospheric Refraction & Twinkling"" used by 1 served rows",Atmospheric Refraction Phenomena,agent mapping,
(label),,human-eye-and-colourful-world,,concept-label-mapping,"label ""Defects & Correction"" used by 1 served rows",Structure & Defects of Vision,agent mapping,
(label),,human-eye-and-colourful-world,,concept-label-mapping,"label ""Structure of Eye"" used by 1 served rows",Structure & Defects of Vision,agent mapping,
(label),,human-eye-and-colourful-world,,concept-label-mapping,"label ""Structure & Defects of Vision"" used by 1 served rows",Structure & Defects of Vision,agent mapping,
(label),,life-processes,,concept-label-mapping,"label ""Nutrition"" used by 78 served rows",Nutrition & Respiration (Human + Plants),agent mapping,
(label),,life-processes,,concept-label-mapping,"label ""Transportation"" used by 73 served rows",Transportation & Excretion in Humans,agent mapping,
(label),,life-processes,,concept-label-mapping,"label ""Respiration"" used by 63 served rows",Nutrition & Respiration (Human + Plants),agent mapping,
(label),,life-processes,,concept-label-mapping,"label ""Chapter Practice — Life Processes"" used by 44 served rows",UNMAPPABLE: generic whole-chapter label spanning both concepts - propose re-labelling per item,agent mapping,
(label),,life-processes,,concept-label-mapping,"label ""Excretion"" used by 40 served rows",Transportation & Excretion in Humans,agent mapping,
(label),,life-processes,,concept-label-mapping,"label ""Photosynthesis"" used by 24 served rows",Nutrition & Respiration (Human + Plants),agent mapping,
(label),,life-processes,,concept-label-mapping,"label ""General"" used by 13 served rows",UNMAPPABLE: generic whole-chapter label spanning both concepts - propose re-labelling per item,agent mapping,
(label),,life-processes,,concept-label-mapping,"label ""(none)"" used by 10 served rows",UNMAPPABLE: generic whole-chapter label spanning both concepts - propose re-labelling per item,agent mapping,
(label),,life-processes,,concept-label-mapping,"label ""Plant Transport"" used by 8 served rows","UNMAPPABLE: plant transport/excretion not covered by ""in Humans"" concept - propose ""Transportation & Excretion in Plants""",agent mapping,
(label),,life-processes,,concept-label-mapping,"label ""Stomata"" used by 7 served rows",Nutrition & Respiration (Human + Plants),agent mapping,
(label),,life-processes,,concept-label-mapping,"label ""Digestion"" used by 6 served rows",Nutrition & Respiration (Human + Plants),agent mapping,
(label),,life-processes,,concept-label-mapping,"label ""Life Processes Overview"" used by 4 served rows",UNMAPPABLE: generic whole-chapter label spanning both concepts - propose re-labelling per item,agent mapping,
(label),,life-processes,,concept-label-mapping,"label ""Heart"" used by 4 served rows",Transportation & Excretion in Humans,agent mapping,
(label),,life-processes,,concept-label-mapping,"label ""Double Circulation"" used by 3 served rows",Transportation & Excretion in Humans,agent mapping,
(label),,life-processes,,concept-label-mapping,"label ""Kidneys"" used by 3 served rows",Transportation & Excretion in Humans,agent mapping,
(label),,life-processes,,concept-label-mapping,"label ""Anaerobic Respiration"" used by 3 served rows",Nutrition & Respiration (Human + Plants),agent mapping,
(label),,life-processes,,concept-label-mapping,"label ""Nutrition — Photosynthesis"" used by 3 served rows",Nutrition & Respiration (Human + Plants),agent mapping,
(label),,life-processes,,concept-label-mapping,"label ""Human Digestive System"" used by 3 served rows",Nutrition & Respiration (Human + Plants),agent mapping,
(label),,life-processes,,concept-label-mapping,"label ""Nutrition Types"" used by 2 served rows",Nutrition & Respiration (Human + Plants),agent mapping,
(label),,life-processes,,concept-label-mapping,"label ""Small Intestine"" used by 2 served rows",Nutrition & Respiration (Human + Plants),agent mapping,
(label),,life-processes,,concept-label-mapping,"label ""Plant Excretion"" used by 2 served rows","UNMAPPABLE: plant transport/excretion not covered by ""in Humans"" concept - propose ""Transportation & Excretion in Plants""",agent mapping,
(label),,life-processes,,concept-label-mapping,"label ""Fat Digestion"" used by 2 served rows",Nutrition & Respiration (Human + Plants),agent mapping,
(label),,life-processes,,concept-label-mapping,"label ""Plant Nutrition"" used by 2 served rows",Nutrition & Respiration (Human + Plants),agent mapping,
(label),,life-processes,,concept-label-mapping,"label ""Heart Chambers"" used by 2 served rows",Transportation & Excretion in Humans,agent mapping,
(label),,life-processes,,concept-label-mapping,"label ""Transpiration"" used by 2 served rows","UNMAPPABLE: plant transport/excretion not covered by ""in Humans"" concept - propose ""Transportation & Excretion in Plants""",agent mapping,
(label),,life-processes,,concept-label-mapping,"label ""Nutrition — Digestion"" used by 2 served rows",Nutrition & Respiration (Human + Plants),agent mapping,
(label),,life-processes,,concept-label-mapping,"label ""Human Heart and Double Circulation"" used by 2 served rows",Transportation & Excretion in Humans,agent mapping,
(label),,life-processes,,concept-label-mapping,"label ""Transport of Oxygen in Blood"" used by 2 served rows",Transportation & Excretion in Humans,agent mapping,
(label),,life-processes,,concept-label-mapping,"label ""Aerobic and Anaerobic Respiration"" used by 2 served rows",Nutrition & Respiration (Human + Plants),agent mapping,
(label),,life-processes,,concept-label-mapping,"label ""Transportation in Humans"" used by 2 served rows",Transportation & Excretion in Humans,agent mapping,
(label),,life-processes,,concept-label-mapping,"label ""Excretion in Humans"" used by 2 served rows",Transportation & Excretion in Humans,agent mapping,
(label),,life-processes,,concept-label-mapping,"label ""Circulation"" used by 2 served rows",Transportation & Excretion in Humans,agent mapping,
(label),,life-processes,,concept-label-mapping,"label ""Nutrition, Respiration, Transportation"" used by 1 served rows",UNMAPPABLE: generic whole-chapter label spanning both concepts - propose re-labelling per item,agent mapping,
(label),,life-processes,,concept-label-mapping,"label ""Respiration, Transportation, Excretion"" used by 1 served rows",UNMAPPABLE: generic whole-chapter label spanning both concepts - propose re-labelling per item,agent mapping,
(label),,life-processes,,concept-label-mapping,"label ""Acidity in Stomach"" used by 1 served rows",Nutrition & Respiration (Human + Plants),agent mapping,
(label),,life-processes,,concept-label-mapping,"label ""Digestive Enzymes"" used by 1 served rows",Nutrition & Respiration (Human + Plants),agent mapping,
(label),,life-processes,,concept-label-mapping,"label ""Lungs"" used by 1 served rows",Nutrition & Respiration (Human + Plants),agent mapping,
(label),,life-processes,,concept-label-mapping,"label ""Urine Composition"" used by 1 served rows",Transportation & Excretion in Humans,agent mapping,
(label),,life-processes,,concept-label-mapping,"label ""Respiration Site"" used by 1 served rows",Nutrition & Respiration (Human + Plants),agent mapping,
(label),,life-processes,,concept-label-mapping,"label ""Saliva"" used by 1 served rows",Nutrition & Respiration (Human + Plants),agent mapping,
(label),,life-processes,,concept-label-mapping,"label ""Photosynthesis Requirements"" used by 1 served rows",Nutrition & Respiration (Human + Plants),agent mapping,
(label),,life-processes,,concept-label-mapping,"label ""Aerobic vs Anaerobic Respiration"" used by 1 served rows",Nutrition & Respiration (Human + Plants),agent mapping,
(label),,life-processes,,concept-label-mapping,"label ""Alveoli"" used by 1 served rows",Nutrition & Respiration (Human + Plants),agent mapping,
(label),,life-processes,,concept-label-mapping,"label ""Haemoglobin"" used by 1 served rows",Transportation & Excretion in Humans,agent mapping,
(label),,life-processes,,concept-label-mapping,"label ""Xylem vs Phloem"" used by 1 served rows","UNMAPPABLE: plant transport/excretion not covered by ""in Humans"" concept - propose ""Transportation & Excretion in Plants""",agent mapping,
(label),,life-processes,,concept-label-mapping,"label ""Alveoli vs Nephron"" used by 1 served rows",Transportation & Excretion in Humans,agent mapping,
(label),,life-processes,,concept-label-mapping,"label ""Stomach"" used by 1 served rows",Nutrition & Respiration (Human + Plants),agent mapping,
(label),,life-processes,,concept-label-mapping,"label ""Enzymes"" used by 1 served rows",Nutrition & Respiration (Human + Plants),agent mapping,
(label),,life-processes,,concept-label-mapping,"label ""Bile"" used by 1 served rows",Nutrition & Respiration (Human + Plants),agent mapping,
(label),,life-processes,,concept-label-mapping,"label ""Photosynthesis Process"" used by 1 served rows",Nutrition & Respiration (Human + Plants),agent mapping,
(label),,life-processes,,concept-label-mapping,"label ""Excretion Plants"" used by 1 served rows","UNMAPPABLE: plant transport/excretion not covered by ""in Humans"" concept - propose ""Transportation & Excretion in Plants""",agent mapping,
(label),,life-processes,,concept-label-mapping,"label ""Blood Cells"" used by 1 served rows",Transportation & Excretion in Humans,agent mapping,
(label),,life-processes,,concept-label-mapping,"label ""Phloem"" used by 1 served rows","UNMAPPABLE: plant transport/excretion not covered by ""in Humans"" concept - propose ""Transportation & Excretion in Plants""",agent mapping,
(label),,life-processes,,concept-label-mapping,"label ""Xylem"" used by 1 served rows","UNMAPPABLE: plant transport/excretion not covered by ""in Humans"" concept - propose ""Transportation & Excretion in Plants""",agent mapping,
(label),,life-processes,,concept-label-mapping,"label ""Plant Hormones"" used by 1 served rows",OTHER-CHAPTER: control-and-coordination (label; the row carrying it is actually a haemoglobin item),agent mapping,
(label),,life-processes,,concept-label-mapping,"label ""Photosynthesis vs Respiration"" used by 1 served rows",Nutrition & Respiration (Human + Plants),agent mapping,
(label),,life-processes,,concept-label-mapping,"label ""Plant Respiration"" used by 1 served rows",Nutrition & Respiration (Human + Plants),agent mapping,
(label),,life-processes,,concept-label-mapping,"label ""Plant Importance"" used by 1 served rows",UNMAPPABLE: generic whole-chapter label spanning both concepts - propose re-labelling per item,agent mapping,
(label),,life-processes,,concept-label-mapping,"label ""Aerobic vs Anaerobic"" used by 1 served rows",Nutrition & Respiration (Human + Plants),agent mapping,
(label),,life-processes,,concept-label-mapping,"label ""Nutrition Modes"" used by 1 served rows",Nutrition & Respiration (Human + Plants),agent mapping,
(label),,life-processes,,concept-label-mapping,"label ""Arteries vs Veins"" used by 1 served rows",Transportation & Excretion in Humans,agent mapping,
(label),,life-processes,,concept-label-mapping,"label ""Leaf Adaptations"" used by 1 served rows",Nutrition & Respiration (Human + Plants),agent mapping,
(label),,life-processes,,concept-label-mapping,"label ""Mucus"" used by 1 served rows",Nutrition & Respiration (Human + Plants),agent mapping,
(label),,life-processes,,concept-label-mapping,"label ""Peristalsis"" used by 1 served rows",Nutrition & Respiration (Human + Plants),agent mapping,
(label),,life-processes,,concept-label-mapping,"label ""Body Tissues"" used by 1 served rows",OUT: Class 9 Tissues (not a Class 10 concept),agent mapping,
(label),,life-processes,,concept-label-mapping,"label ""Aquatic Respiration"" used by 1 served rows",Nutrition & Respiration (Human + Plants),agent mapping,
(label),,life-processes,,concept-label-mapping,"label ""Photosynthesis Events"" used by 1 served rows",Nutrition & Respiration (Human + Plants),agent mapping,
(label),,life-processes,,concept-label-mapping,"label ""Photosynthesis Rate"" used by 1 served rows",Nutrition & Respiration (Human + Plants),agent mapping,
(label),,life-processes,,concept-label-mapping,"label ""ATP"" used by 1 served rows",Nutrition & Respiration (Human + Plants),agent mapping,
(label),,life-processes,,concept-label-mapping,"label ""Parasites"" used by 1 served rows",Nutrition & Respiration (Human + Plants),agent mapping,
(label),,life-processes,,concept-label-mapping,"label ""Mouth Digestion"" used by 1 served rows",Nutrition & Respiration (Human + Plants),agent mapping,
(label),,life-processes,,concept-label-mapping,"label ""Gastric Glands"" used by 1 served rows",Nutrition & Respiration (Human + Plants),agent mapping,
(label),,life-processes,,concept-label-mapping,"label ""Digestive Glands"" used by 1 served rows",Nutrition & Respiration (Human + Plants),agent mapping,
(label),,life-processes,,concept-label-mapping,"label ""Enzymes Substrates"" used by 1 served rows",Nutrition & Respiration (Human + Plants),agent mapping,
(label),,life-processes,,concept-label-mapping,"label ""Veins Walls"" used by 1 served rows",Transportation & Excretion in Humans,agent mapping,
(label),,life-processes,,concept-label-mapping,"label ""Blood Clotting"" used by 1 served rows",Transportation & Excretion in Humans,agent mapping,
(label),,life-processes,,concept-label-mapping,"label ""Plant Energy Needs"" used by 1 served rows",Nutrition & Respiration (Human + Plants),agent mapping,
(label),,life-processes,,concept-label-mapping,"label ""Root Pressure"" used by 1 served rows","UNMAPPABLE: plant transport/excretion not covered by ""in Humans"" concept - propose ""Transportation & Excretion in Plants""",agent mapping,
(label),,life-processes,,concept-label-mapping,"label ""Amoeba Nutrition"" used by 1 served rows",Nutrition & Respiration (Human + Plants),agent mapping,
(label),,life-processes,,concept-label-mapping,"label ""Alimentary Canal"" used by 1 served rows",Nutrition & Respiration (Human + Plants),agent mapping,
(label),,life-processes,,concept-label-mapping,"label ""Breathing"" used by 1 served rows",Nutrition & Respiration (Human + Plants),agent mapping,
(label),,life-processes,,concept-label-mapping,"label ""Plants and Soil"" used by 1 served rows",Nutrition & Respiration (Human + Plants),agent mapping,
(label),,life-processes,,concept-label-mapping,"label ""Alimentary Canal Diagram"" used by 1 served rows",Nutrition & Respiration (Human + Plants),agent mapping,
(label),,life-processes,,concept-label-mapping,"label ""Photosynthesis Mechanism"" used by 1 served rows",Nutrition & Respiration (Human + Plants),agent mapping,
(label),,life-processes,,concept-label-mapping,"label ""Respiration Pathways"" used by 1 served rows",Nutrition & Respiration (Human + Plants),agent mapping,
(label),,life-processes,,concept-label-mapping,"label ""Blood Flow in Heart"" used by 1 served rows",Transportation & Excretion in Humans,agent mapping,
(label),,life-processes,,concept-label-mapping,"label ""Urine Formation"" used by 1 served rows",Transportation & Excretion in Humans,agent mapping,
(label),,life-processes,,concept-label-mapping,"label ""Nutrition — Saprophytic Mode (External Digestion)"" used by 1 served rows",Nutrition & Respiration (Human + Plants),agent mapping,
(label),,life-processes,,concept-label-mapping,"label ""Respiration — Anaerobic in Muscles (Lactic Acid)"" used by 1 served rows",Nutrition & Respiration (Human + Plants),agent mapping,
(label),,life-processes,,concept-label-mapping,"label ""Excretion — Urine and Urinary System (or Circulation — Arteries vs Veins)"" used by 1 served rows",Transportation & Excretion in Humans,agent mapping,
(label),,life-processes,,concept-label-mapping,"label ""Photosynthesis as a Reduction Reaction"" used by 1 served rows",Nutrition & Respiration (Human + Plants),agent mapping,
(label),,life-processes,,concept-label-mapping,"label ""Excretion — Pathway of Urine"" used by 1 served rows",Transportation & Excretion in Humans,agent mapping,
(label),,life-processes,,concept-label-mapping,"label ""Photosynthesis — Balanced Equation"" used by 1 served rows",Nutrition & Respiration (Human + Plants),agent mapping,
(label),,life-processes,,concept-label-mapping,"label ""Human Digestive System Organs"" used by 1 served rows",Nutrition & Respiration (Human + Plants),agent mapping,
(label),,life-processes,,concept-label-mapping,"label ""Balanced Diet - Dietary Fibre"" used by 1 served rows",Nutrition & Respiration (Human + Plants),agent mapping,
(label),,life-processes,,concept-label-mapping,"label ""Balanced Equation for Photosynthesis"" used by 1 served rows",Nutrition & Respiration (Human + Plants),agent mapping,
(label),,life-processes,,concept-label-mapping,"label ""Photosynthesis in Leaves"" used by 1 served rows",Nutrition & Respiration (Human + Plants),agent mapping,
(label),,life-processes,,concept-label-mapping,"label ""Availability of Reactants in Leaves (Transport)"" used by 1 served rows","UNMAPPABLE: plant transport/excretion not covered by ""in Humans"" concept - propose ""Transportation & Excretion in Plants""",agent mapping,
(label),,life-processes,,concept-label-mapping,"label ""Aerobic Respiration"" used by 1 served rows",Nutrition & Respiration (Human + Plants),agent mapping,
(label),,life-processes,,concept-label-mapping,"label ""Removal of Respiration Products in Plants"" used by 1 served rows",Nutrition & Respiration (Human + Plants),agent mapping,
(label),,life-processes,,concept-label-mapping,"label ""Photosynthesis in Producers"" used by 1 served rows",Nutrition & Respiration (Human + Plants),agent mapping,
(label),,life-processes,,concept-label-mapping,"label ""Water Uptake and Transport in Plants"" used by 1 served rows","UNMAPPABLE: plant transport/excretion not covered by ""in Humans"" concept - propose ""Transportation & Excretion in Plants""",agent mapping,
(label),,life-processes,,concept-label-mapping,"label ""Photosynthesis and Respiration Sustaining Life"" used by 1 served rows",Nutrition & Respiration (Human + Plants),agent mapping,
(label),,life-processes,,concept-label-mapping,"label ""Respiration — anaerobic in muscles"" used by 1 served rows",Nutrition & Respiration (Human + Plants),agent mapping,
(label),,life-processes,,concept-label-mapping,"label ""Digestion — enzymes in the stomach"" used by 1 served rows",Nutrition & Respiration (Human + Plants),agent mapping,
(label),,life-processes,,concept-label-mapping,"label ""Transportation — water balance in blood"" used by 1 served rows",Transportation & Excretion in Humans,agent mapping,
(label),,life-processes,,concept-label-mapping,"label ""Digestion in the stomach — gastric secretions"" used by 1 served rows",Nutrition & Respiration (Human + Plants),agent mapping,
(label),,life-processes,,concept-label-mapping,"label ""Modes of Nutrition"" used by 1 served rows",Nutrition & Respiration (Human + Plants),agent mapping,
(label),,life-processes,,concept-label-mapping,"label ""Transportation (Heart and Blood)"" used by 1 served rows",Transportation & Excretion in Humans,agent mapping,
(label),,life-processes,,concept-label-mapping,"label ""Water Uptake in Plants — Osmosis"" used by 1 served rows","UNMAPPABLE: plant transport/excretion not covered by ""in Humans"" concept - propose ""Transportation & Excretion in Plants""",agent mapping,
(label),,life-processes,,concept-label-mapping,"label ""Oxygen Saturation vs Altitude"" used by 1 served rows",Nutrition & Respiration (Human + Plants),agent mapping,
(label),,life-processes,,concept-label-mapping,"label ""Digestion — Pancreas Function"" used by 1 served rows",Nutrition & Respiration (Human + Plants),agent mapping,
(label),,life-processes,,concept-label-mapping,"label ""Photosynthesis and Respiration Coupling"" used by 1 served rows",Nutrition & Respiration (Human + Plants),agent mapping,
(label),,life-processes,,concept-label-mapping,"label ""Excretion — Nephron Function"" used by 1 served rows",Transportation & Excretion in Humans,agent mapping,
(label),,life-processes,,concept-label-mapping,"label ""Digestion — Role of HCl in Stomach"" used by 1 served rows",Nutrition & Respiration (Human + Plants),agent mapping,
(label),,life-processes,,concept-label-mapping,"label ""Peristalsis in Alimentary Canal"" used by 1 served rows",Nutrition & Respiration (Human + Plants),agent mapping,
(label),,life-processes,,concept-label-mapping,"label ""Gas Exchange in Lungs — Alveoli and Blood"" used by 1 served rows",Nutrition & Respiration (Human + Plants),agent mapping,
(label),,life-processes,,concept-label-mapping,"label ""Mineral Ion Uptake by Roots — Active Transport"" used by 1 served rows","UNMAPPABLE: plant transport/excretion not covered by ""in Humans"" concept - propose ""Transportation & Excretion in Plants""",agent mapping,
(label),,life-processes,,concept-label-mapping,"label ""Excretion — Water Reabsorption in Summer"" used by 1 served rows",Transportation & Excretion in Humans,agent mapping,
(label),,life-processes,,concept-label-mapping,"label ""Transportation — Four-Chambered Heart Advantage"" used by 1 served rows",Transportation & Excretion in Humans,agent mapping,
(label),,life-processes,,concept-label-mapping,"label ""Heart Anatomy — Chambers and Vessels"" used by 1 served rows",Transportation & Excretion in Humans,agent mapping,
(label),,life-processes,,concept-label-mapping,"label ""Heart — Oxygenated Blood Inlet and Septum Significance"" used by 1 served rows",Transportation & Excretion in Humans,agent mapping,
(label),,life-processes,,concept-label-mapping,"label ""Carbohydrates"" used by 1 served rows",Nutrition & Respiration (Human + Plants),agent mapping,
(label),,life-processes,,concept-label-mapping,"label ""Excretion - Structure of the Nephron"" used by 1 served rows",Transportation & Excretion in Humans,agent mapping,
(label),,life-processes,,concept-label-mapping,"label ""Translocation in Plants"" used by 1 served rows","UNMAPPABLE: plant transport/excretion not covered by ""in Humans"" concept - propose ""Transportation & Excretion in Plants""",agent mapping,
(label),,life-processes,,concept-label-mapping,"label ""Hormonal Control of Blood Glucose"" used by 1 served rows",OTHER-CHAPTER: control-and-coordination,agent mapping,
(label),,life-processes,,concept-label-mapping,"label ""Photosynthesis and Transpiration"" used by 1 served rows",Nutrition & Respiration (Human + Plants),agent mapping,
(label),,life-processes,,concept-label-mapping,"label ""Reflex Action"" used by 1 served rows",OTHER-CHAPTER: control-and-coordination,agent mapping,
(label),,life-processes,,concept-label-mapping,"label ""Photosynthesis and Respiration"" used by 1 served rows",Nutrition & Respiration (Human + Plants),agent mapping,
(label),,life-processes,,concept-label-mapping,"label ""Blood Vessels"" used by 1 served rows",Transportation & Excretion in Humans,agent mapping,
(label),,life-processes,,concept-label-mapping,"label ""Digestion in the Stomach"" used by 1 served rows",Nutrition & Respiration (Human + Plants),agent mapping,
(label),,life-processes,,concept-label-mapping,"label ""Placenta and Embryonic Nutrition"" used by 1 served rows",OTHER-CHAPTER: how-do-organisms-reproduce,agent mapping,
(label),,life-processes,,concept-label-mapping,"label ""Life Processes"" used by 1 served rows",UNMAPPABLE: generic whole-chapter label spanning both concepts - propose re-labelling per item,agent mapping,
(label),,life-processes,,concept-label-mapping,"label ""Nutrition in Humans"" used by 1 served rows",Nutrition & Respiration (Human + Plants),agent mapping,
(label),,life-processes,,concept-label-mapping,"label ""Integrated Life Processes"" used by 1 served rows",UNMAPPABLE: generic whole-chapter label spanning both concepts - propose re-labelling per item,agent mapping,
(label),,life-processes,,concept-label-mapping,"label ""Double Circulation & Importance"" used by 1 served rows",Transportation & Excretion in Humans,agent mapping,
(label),,life-processes,,concept-label-mapping,"label ""Human Circulatory System"" used by 1 served rows",Transportation & Excretion in Humans,agent mapping,
(label),,life-processes,,concept-label-mapping,"label ""Nutrition & Lifestyle Diseases"" used by 1 served rows",Nutrition & Respiration (Human + Plants),agent mapping,
(label),,life-processes,,concept-label-mapping,"label ""Cell organelles"" used by 1 served rows",OUT: Class 9 Fundamental Unit of Life (not a Class 10 concept),agent mapping,
(label),,life-processes,,concept-label-mapping,"label ""Nutrition & Respiration (Human + Plants)"" used by 1 served rows",Nutrition & Respiration (Human + Plants),agent mapping,
(label),,life-processes,,concept-label-mapping,"label ""Nutrition in Plants"" used by 1 served rows",Nutrition & Respiration (Human + Plants),agent mapping,
(label),,light-reflection-and-refraction,,concept-label-mapping,"label ""Spherical Mirrors"" used by 65 served rows",Mirror / Lens Formula & Ray Diagrams,agent mapping,
(label),,light-reflection-and-refraction,,concept-label-mapping,"label ""Lens Formula and Magnification"" used by 57 served rows",Mirror / Lens Formula & Ray Diagrams,agent mapping,
(label),,light-reflection-and-refraction,,concept-label-mapping,"label ""Mirror Formula and Magnification"" used by 53 served rows",Mirror / Lens Formula & Ray Diagrams,agent mapping,
(label),,light-reflection-and-refraction,,concept-label-mapping,"label ""Spherical Lenses"" used by 47 served rows",Mirror / Lens Formula & Ray Diagrams,agent mapping,
(label),,light-reflection-and-refraction,,concept-label-mapping,"label ""Refraction"" used by 34 served rows",UNMAPPABLE: laws of refraction / refractive index / speed of light not covered by concept list - propose 'Refraction Laws & Refractive Index',agent mapping,
(label),,light-reflection-and-refraction,,concept-label-mapping,"label ""Power of a Lens"" used by 32 served rows","UNMAPPABLE: power of a lens (P=1/f, P1+P2) not covered - propose 'Power of a Lens'",agent mapping,
(label),,light-reflection-and-refraction,,concept-label-mapping,"label ""Chapter Practice — Light - Reflection and Refraction"" used by 32 served rows",UNMAPPABLE: generic catch-all label spanning several concepts - re-tag per row,agent mapping,
(label),,light-reflection-and-refraction,,concept-label-mapping,"label ""Refractive Index"" used by 29 served rows",UNMAPPABLE: laws of refraction / refractive index / speed of light not covered by concept list - propose 'Refraction Laws & Refractive Index',agent mapping,
(label),,light-reflection-and-refraction,,concept-label-mapping,"label ""Reflection"" used by 19 served rows",UNMAPPABLE: laws of reflection / plane mirror not covered - propose 'Reflection & Plane Mirrors',agent mapping,
(label),,light-reflection-and-refraction,,concept-label-mapping,"label ""Refraction through a Glass Slab"" used by 15 served rows",Refraction through Glass Slab / Prism,agent mapping,
(label),,light-reflection-and-refraction,,concept-label-mapping,"label ""Lens Formula"" used by 13 served rows",Mirror / Lens Formula & Ray Diagrams,agent mapping,
(label),,light-reflection-and-refraction,,concept-label-mapping,"label ""Laws of Reflection"" used by 12 served rows",UNMAPPABLE: laws of reflection / plane mirror not covered - propose 'Reflection & Plane Mirrors',agent mapping,
(label),,light-reflection-and-refraction,,concept-label-mapping,"label ""Refraction of Light"" used by 11 served rows",UNMAPPABLE: laws of refraction / refractive index / speed of light not covered by concept list - propose 'Refraction Laws & Refractive Index',agent mapping,
(label),,light-reflection-and-refraction,,concept-label-mapping,"label ""(none)"" used by 10 served rows",UNMAPPABLE: generic catch-all label spanning several concepts - re-tag per row,agent mapping,
(label),,light-reflection-and-refraction,,concept-label-mapping,"label ""Refraction and Refractive Index"" used by 9 served rows",UNMAPPABLE: laws of refraction / refractive index / speed of light not covered by concept list - propose 'Refraction Laws & Refractive Index',agent mapping,
(label),,light-reflection-and-refraction,,concept-label-mapping,"label ""Mirror Formula"" used by 8 served rows",Mirror / Lens Formula & Ray Diagrams,agent mapping,
(label),,light-reflection-and-refraction,,concept-label-mapping,"label ""Concave Mirror"" used by 8 served rows",Mirror / Lens Formula & Ray Diagrams,agent mapping,
(label),,light-reflection-and-refraction,,concept-label-mapping,"label ""Focal Length of Concave Mirror (Experiment)"" used by 7 served rows",Mirror / Lens Formula & Ray Diagrams,agent mapping,
(label),,light-reflection-and-refraction,,concept-label-mapping,"label ""Image Formation by Concave Mirror"" used by 7 served rows",Mirror / Lens Formula & Ray Diagrams,agent mapping,
(label),,light-reflection-and-refraction,,concept-label-mapping,"label ""Mirrors"" used by 6 served rows",Mirror / Lens Formula & Ray Diagrams,agent mapping,
(label),,light-reflection-and-refraction,,concept-label-mapping,"label ""Lenses"" used by 6 served rows",Mirror / Lens Formula & Ray Diagrams,agent mapping,
(label),,light-reflection-and-refraction,,concept-label-mapping,"label ""General"" used by 6 served rows",UNMAPPABLE: generic catch-all label spanning several concepts - re-tag per row,agent mapping,
(label),,light-reflection-and-refraction,,concept-label-mapping,"label ""Image Formation by Convex Lens"" used by 6 served rows",Mirror / Lens Formula & Ray Diagrams,agent mapping,
(label),,light-reflection-and-refraction,,concept-label-mapping,"label ""Uses of Mirrors"" used by 6 served rows",Mirror / Lens Formula & Ray Diagrams,agent mapping,
(label),,light-reflection-and-refraction,,concept-label-mapping,"label ""Plane Mirror"" used by 6 served rows",UNMAPPABLE: laws of reflection / plane mirror not covered - propose 'Reflection & Plane Mirrors',agent mapping,
(label),,light-reflection-and-refraction,,concept-label-mapping,"label ""Refraction through a Prism"" used by 6 served rows",Refraction through Glass Slab / Prism,agent mapping,
(label),,light-reflection-and-refraction,,concept-label-mapping,"label ""Convex Lens"" used by 5 served rows",Mirror / Lens Formula & Ray Diagrams,agent mapping,
(label),,light-reflection-and-refraction,,concept-label-mapping,"label ""Plane Mirrors"" used by 5 served rows",UNMAPPABLE: laws of reflection / plane mirror not covered - propose 'Reflection & Plane Mirrors',agent mapping,
(label),,light-reflection-and-refraction,,concept-label-mapping,"label ""Uses of Spherical Mirrors"" used by 4 served rows",Mirror / Lens Formula & Ray Diagrams,agent mapping,
(label),,light-reflection-and-refraction,,concept-label-mapping,"label ""Magnification"" used by 4 served rows",Mirror / Lens Formula & Ray Diagrams,agent mapping,
(label),,light-reflection-and-refraction,,concept-label-mapping,"label ""Concave Lens"" used by 4 served rows",Mirror / Lens Formula & Ray Diagrams,agent mapping,
(label),,light-reflection-and-refraction,,concept-label-mapping,"label ""Plane Mirror and Laws of Reflection"" used by 4 served rows",UNMAPPABLE: laws of reflection / plane mirror not covered - propose 'Reflection & Plane Mirrors',agent mapping,
(label),,light-reflection-and-refraction,,concept-label-mapping,"label ""Refraction through a Glass Slab (Experiment)"" used by 4 served rows",Refraction through Glass Slab / Prism,agent mapping,
(label),,light-reflection-and-refraction,,concept-label-mapping,"label ""Focal Length of Convex Lens (Experiment)"" used by 4 served rows",Mirror / Lens Formula & Ray Diagrams,agent mapping,
(label),,light-reflection-and-refraction,,concept-label-mapping,"label ""Reflection of Light"" used by 4 served rows",UNMAPPABLE: laws of reflection / plane mirror not covered - propose 'Reflection & Plane Mirrors',agent mapping,
(label),,light-reflection-and-refraction,,concept-label-mapping,"label ""Convex Mirror Numerical"" used by 3 served rows",Mirror / Lens Formula & Ray Diagrams,agent mapping,
(label),,light-reflection-and-refraction,,concept-label-mapping,"label ""Concave Mirror Numerical"" used by 3 served rows",Mirror / Lens Formula & Ray Diagrams,agent mapping,
(label),,light-reflection-and-refraction,,concept-label-mapping,"label ""Refraction through Slab"" used by 3 served rows",Refraction through Glass Slab / Prism,agent mapping,
(label),,light-reflection-and-refraction,,concept-label-mapping,"label ""Laws of Refraction"" used by 3 served rows",UNMAPPABLE: laws of refraction / refractive index / speed of light not covered by concept list - propose 'Refraction Laws & Refractive Index',agent mapping,
(label),,light-reflection-and-refraction,,concept-label-mapping,"label ""Image Formation by Convex Mirror"" used by 3 served rows",Mirror / Lens Formula & Ray Diagrams,agent mapping,
(label),,light-reflection-and-refraction,,concept-label-mapping,"label ""Convex Mirror"" used by 3 served rows",Mirror / Lens Formula & Ray Diagrams,agent mapping,
(label),,light-reflection-and-refraction,,concept-label-mapping,"label ""Spherical Mirrors and Lenses"" used by 3 served rows",Mirror / Lens Formula & Ray Diagrams,agent mapping,
(label),,light-reflection-and-refraction,,concept-label-mapping,"label ""New Cartesian Sign Convention"" used by 3 served rows",Mirror / Lens Formula & Ray Diagrams,agent mapping,
(label),,light-reflection-and-refraction,,concept-label-mapping,"label ""Practical Skills: Mirrors and Lenses"" used by 3 served rows",Mirror / Lens Formula & Ray Diagrams,agent mapping,
(label),,light-reflection-and-refraction,,concept-label-mapping,"label ""Concave Mirror Image"" used by 2 served rows",Mirror / Lens Formula & Ray Diagrams,agent mapping,
(label),,light-reflection-and-refraction,,concept-label-mapping,"label ""Convex Mirror Uses"" used by 2 served rows",Mirror / Lens Formula & Ray Diagrams,agent mapping,
(label),,light-reflection-and-refraction,,concept-label-mapping,"label ""Concave Lens Numerical"" used by 2 served rows",Mirror / Lens Formula & Ray Diagrams,agent mapping,
(label),,light-reflection-and-refraction,,concept-label-mapping,"label ""Convex Lens Numerical"" used by 2 served rows",Mirror / Lens Formula & Ray Diagrams,agent mapping,
(label),,light-reflection-and-refraction,,concept-label-mapping,"label ""Power and Focal Length"" used by 2 served rows","UNMAPPABLE: power of a lens (P=1/f, P1+P2) not covered - propose 'Power of a Lens'",agent mapping,
(label),,light-reflection-and-refraction,,concept-label-mapping,"label ""Concave Mirror Image Formation"" used by 2 served rows",Mirror / Lens Formula & Ray Diagrams,agent mapping,
(label),,light-reflection-and-refraction,,concept-label-mapping,"label ""Lens Formula & Magnification"" used by 2 served rows",Mirror / Lens Formula & Ray Diagrams,agent mapping,
(label),,light-reflection-and-refraction,,concept-label-mapping,"label ""Image Formation by Lenses"" used by 2 served rows",Mirror / Lens Formula & Ray Diagrams,agent mapping,
(label),,light-reflection-and-refraction,,concept-label-mapping,"label ""Convex Lens - Principal Focus"" used by 2 served rows",Mirror / Lens Formula & Ray Diagrams,agent mapping,
(label),,light-reflection-and-refraction,,concept-label-mapping,"label ""Power of a Lens (Combination)"" used by 2 served rows","UNMAPPABLE: power of a lens (P=1/f, P1+P2) not covered - propose 'Power of a Lens'",agent mapping,
(label),,light-reflection-and-refraction,,concept-label-mapping,"label ""Magnification by Convex Mirror"" used by 2 served rows",Mirror / Lens Formula & Ray Diagrams,agent mapping,
(label),,light-reflection-and-refraction,,concept-label-mapping,"label ""Reflection and Refraction"" used by 2 served rows",UNMAPPABLE: generic catch-all label spanning several concepts - re-tag per row,agent mapping,
(label),,light-reflection-and-refraction,,concept-label-mapping,"label ""Mirror Formula & Images"" used by 2 served rows",Mirror / Lens Formula & Ray Diagrams,agent mapping,
(label),,light-reflection-and-refraction,,concept-label-mapping,"label ""Defects of Vision"" used by 1 served rows",OTHER-CHAPTER: human-eye-and-colourful-world,agent mapping,
(label),,light-reflection-and-refraction,,concept-label-mapping,"label ""Principal Focus"" used by 1 served rows",Mirror / Lens Formula & Ray Diagrams,agent mapping,
(label),,light-reflection-and-refraction,,concept-label-mapping,"label ""Focal Length & Radius of Curvature"" used by 1 served rows",Mirror / Lens Formula & Ray Diagrams,agent mapping,
(label),,light-reflection-and-refraction,,concept-label-mapping,"label ""Convex Mirror Focal Length"" used by 1 served rows",Mirror / Lens Formula & Ray Diagrams,agent mapping,
(label),,light-reflection-and-refraction,,concept-label-mapping,"label ""Refraction Direction"" used by 1 served rows",UNMAPPABLE: laws of refraction / refractive index / speed of light not covered by concept list - propose 'Refraction Laws & Refractive Index',agent mapping,
(label),,light-reflection-and-refraction,,concept-label-mapping,"label ""Refractive Index and Speed"" used by 1 served rows",UNMAPPABLE: laws of refraction / refractive index / speed of light not covered by concept list - propose 'Refraction Laws & Refractive Index',agent mapping,
(label),,light-reflection-and-refraction,,concept-label-mapping,"label ""Optical Density"" used by 1 served rows",UNMAPPABLE: laws of refraction / refractive index / speed of light not covered by concept list - propose 'Refraction Laws & Refractive Index',agent mapping,
(label),,light-reflection-and-refraction,,concept-label-mapping,"label ""Speed and Refractive Index"" used by 1 served rows",UNMAPPABLE: laws of refraction / refractive index / speed of light not covered by concept list - propose 'Refraction Laws & Refractive Index',agent mapping,
(label),,light-reflection-and-refraction,,concept-label-mapping,"label ""Meaning of Refractive Index"" used by 1 served rows",UNMAPPABLE: laws of refraction / refractive index / speed of light not covered by concept list - propose 'Refraction Laws & Refractive Index',agent mapping,
(label),,light-reflection-and-refraction,,concept-label-mapping,"label ""Convex Lens & Power"" used by 1 served rows","UNMAPPABLE: power of a lens (P=1/f, P1+P2) not covered - propose 'Power of a Lens'",agent mapping,
(label),,light-reflection-and-refraction,,concept-label-mapping,"label ""Power of Concave Lens"" used by 1 served rows","UNMAPPABLE: power of a lens (P=1/f, P1+P2) not covered - propose 'Power of a Lens'",agent mapping,
(label),,light-reflection-and-refraction,,concept-label-mapping,"label ""Lens Material"" used by 1 served rows",Mirror / Lens Formula & Ray Diagrams,agent mapping,
(label),,light-reflection-and-refraction,,concept-label-mapping,"label ""Convex Lens Image"" used by 1 served rows",Mirror / Lens Formula & Ray Diagrams,agent mapping,
(label),,light-reflection-and-refraction,,concept-label-mapping,"label ""Sign Convention"" used by 1 served rows",Mirror / Lens Formula & Ray Diagrams,agent mapping,
(label),,light-reflection-and-refraction,,concept-label-mapping,"label ""Always Erect Image"" used by 1 served rows",Mirror / Lens Formula & Ray Diagrams,agent mapping,
(label),,light-reflection-and-refraction,,concept-label-mapping,"label ""Magnifying Glass"" used by 1 served rows",Mirror / Lens Formula & Ray Diagrams,agent mapping,
(label),,light-reflection-and-refraction,,concept-label-mapping,"label ""Erect Image Concave Mirror"" used by 1 served rows",Mirror / Lens Formula & Ray Diagrams,agent mapping,
(label),,light-reflection-and-refraction,,concept-label-mapping,"label ""Half-covered Lens"" used by 1 served rows",Mirror / Lens Formula & Ray Diagrams,agent mapping,
(label),,light-reflection-and-refraction,,concept-label-mapping,"label ""Plane Mirror Magnification"" used by 1 served rows",UNMAPPABLE: laws of reflection / plane mirror not covered - propose 'Reflection & Plane Mirrors',agent mapping,
(label),,light-reflection-and-refraction,,concept-label-mapping,"label ""Spherical Mirrors & Lenses"" used by 1 served rows",Mirror / Lens Formula & Ray Diagrams,agent mapping,
(label),,light-reflection-and-refraction,,concept-label-mapping,"label ""Mirror Formula / Magnification"" used by 1 served rows",Mirror / Lens Formula & Ray Diagrams,agent mapping,
(label),,light-reflection-and-refraction,,concept-label-mapping,"label ""Mirrors — Field of View"" used by 1 served rows",Mirror / Lens Formula & Ray Diagrams,agent mapping,
(label),,light-reflection-and-refraction,,concept-label-mapping,"label ""Concave Mirror — Applications"" used by 1 served rows",Mirror / Lens Formula & Ray Diagrams,agent mapping,
(label),,light-reflection-and-refraction,,concept-label-mapping,"label ""Refractive Index — Bending of Light"" used by 1 served rows",UNMAPPABLE: laws of refraction / refractive index / speed of light not covered by concept list - propose 'Refraction Laws & Refractive Index',agent mapping,
(label),,light-reflection-and-refraction,,concept-label-mapping,"label ""Ray Diagrams — Concave Mirror"" used by 1 served rows",Mirror / Lens Formula & Ray Diagrams,agent mapping,
(label),,light-reflection-and-refraction,,concept-label-mapping,"label ""Ray Diagrams — Lens"" used by 1 served rows",Mirror / Lens Formula & Ray Diagrams,agent mapping,
(label),,light-reflection-and-refraction,,concept-label-mapping,"label ""Mirrors — Image Properties"" used by 1 served rows",Mirror / Lens Formula & Ray Diagrams,agent mapping,
(label),,light-reflection-and-refraction,,concept-label-mapping,"label ""Image at Infinity"" used by 1 served rows",Mirror / Lens Formula & Ray Diagrams,agent mapping,
(label),,light-reflection-and-refraction,,concept-label-mapping,"label ""Identification of Mirror/Lens"" used by 1 served rows",Mirror / Lens Formula & Ray Diagrams,agent mapping,
(label),,light-reflection-and-refraction,,concept-label-mapping,"label ""Refractive Index Comparison"" used by 1 served rows",UNMAPPABLE: laws of refraction / refractive index / speed of light not covered by concept list - propose 'Refraction Laws & Refractive Index',agent mapping,
(label),,light-reflection-and-refraction,,concept-label-mapping,"label ""Refractive Index — Definition"" used by 1 served rows",UNMAPPABLE: laws of refraction / refractive index / speed of light not covered by concept list - propose 'Refraction Laws & Refractive Index',agent mapping,
(label),,light-reflection-and-refraction,,concept-label-mapping,"label ""Relative Refractive Index"" used by 1 served rows",UNMAPPABLE: laws of refraction / refractive index / speed of light not covered by concept list - propose 'Refraction Laws & Refractive Index',agent mapping,
(label),,light-reflection-and-refraction,,concept-label-mapping,"label ""Convex Lens — Image Formation"" used by 1 served rows",Mirror / Lens Formula & Ray Diagrams,agent mapping,
(label),,light-reflection-and-refraction,,concept-label-mapping,"label ""Focal Length — Distant Object"" used by 1 served rows",Mirror / Lens Formula & Ray Diagrams,agent mapping,
(label),,light-reflection-and-refraction,,concept-label-mapping,"label ""Plane Mirrors at an Angle"" used by 1 served rows",OUT: inclined-mirror image counts are beyond Class X (2026-27 out list),agent mapping,
(label),,light-reflection-and-refraction,,concept-label-mapping,"label ""Refraction at Plane Surfaces"" used by 1 served rows",UNMAPPABLE: laws of refraction / refractive index / speed of light not covered by concept list - propose 'Refraction Laws & Refractive Index',agent mapping,
(label),,light-reflection-and-refraction,,concept-label-mapping,"label ""Concave Mirror — All Object Positions"" used by 1 served rows",Mirror / Lens Formula & Ray Diagrams,agent mapping,
(label),,light-reflection-and-refraction,,concept-label-mapping,"label ""Convex Lens — All Object Positions"" used by 1 served rows",Mirror / Lens Formula & Ray Diagrams,agent mapping,
(label),,light-reflection-and-refraction,,concept-label-mapping,"label ""Concave Lens — Image Formation"" used by 1 served rows",Mirror / Lens Formula & Ray Diagrams,agent mapping,
(label),,light-reflection-and-refraction,,concept-label-mapping,"label ""Convex Mirror — Image Formation"" used by 1 served rows",Mirror / Lens Formula & Ray Diagrams,agent mapping,
(label),,light-reflection-and-refraction,,concept-label-mapping,"label ""Mirror Formula & Magnification"" used by 1 served rows",Mirror / Lens Formula & Ray Diagrams,agent mapping,
(label),,light-reflection-and-refraction,,concept-label-mapping,"label ""Lens Formula — Lab Setup"" used by 1 served rows",Mirror / Lens Formula & Ray Diagrams,agent mapping,
(label),,light-reflection-and-refraction,,concept-label-mapping,"label ""Refraction — Lenses"" used by 1 served rows",Mirror / Lens Formula & Ray Diagrams,agent mapping,
(label),,light-reflection-and-refraction,,concept-label-mapping,"label ""Refraction Direction and Speed of Light"" used by 1 served rows",UNMAPPABLE: laws of refraction / refractive index / speed of light not covered by concept list - propose 'Refraction Laws & Refractive Index',agent mapping,
(label),,light-reflection-and-refraction,,concept-label-mapping,"label ""Refractive Index Reasoning and Semi-Circular Block"" used by 1 served rows",UNMAPPABLE: laws of refraction / refractive index / speed of light not covered by concept list - propose 'Refraction Laws & Refractive Index',agent mapping,
(label),,light-reflection-and-refraction,,concept-label-mapping,"label ""Lens / Concave Mirror — Image Position via Formula"" used by 1 served rows",Mirror / Lens Formula & Ray Diagrams,agent mapping,
(label),,light-reflection-and-refraction,,concept-label-mapping,"label ""Virtual Images"" used by 1 served rows",Mirror / Lens Formula & Ray Diagrams,agent mapping,
(label),,light-reflection-and-refraction,,concept-label-mapping,"label ""Identifying Convex and Concave Lenses"" used by 1 served rows",Mirror / Lens Formula & Ray Diagrams,agent mapping,
(label),,light-reflection-and-refraction,,concept-label-mapping,"label ""Focal Length of a Lens"" used by 1 served rows",Mirror / Lens Formula & Ray Diagrams,agent mapping,
(label),,light-reflection-and-refraction,,concept-label-mapping,"label ""Nature of Image Formed by a Lens"" used by 1 served rows",Mirror / Lens Formula & Ray Diagrams,agent mapping,
(label),,light-reflection-and-refraction,,concept-label-mapping,"label ""Magnification of a Lens"" used by 1 served rows",Mirror / Lens Formula & Ray Diagrams,agent mapping,
(label),,light-reflection-and-refraction,,concept-label-mapping,"label ""Refraction and Speed of Light in Media"" used by 1 served rows",UNMAPPABLE: laws of refraction / refractive index / speed of light not covered by concept list - propose 'Refraction Laws & Refractive Index',agent mapping,
(label),,light-reflection-and-refraction,,concept-label-mapping,"label ""Lenses in Telescopes and Microscopes"" used by 1 served rows",Mirror / Lens Formula & Ray Diagrams,agent mapping,
(label),,light-reflection-and-refraction,,concept-label-mapping,"label ""Refractive Index and Speed of Light"" used by 1 served rows",UNMAPPABLE: laws of refraction / refractive index / speed of light not covered by concept list - propose 'Refraction Laws & Refractive Index',agent mapping,
(label),,light-reflection-and-refraction,,concept-label-mapping,"label ""Lens Formula — Focal Length"" used by 1 served rows",Mirror / Lens Formula & Ray Diagrams,agent mapping,
(label),,light-reflection-and-refraction,,concept-label-mapping,"label ""Lens Formula — Image Distance"" used by 1 served rows",Mirror / Lens Formula & Ray Diagrams,agent mapping,
(label),,light-reflection-and-refraction,,concept-label-mapping,"label ""Nature and Size of Image in a Concave Mirror"" used by 1 served rows",Mirror / Lens Formula & Ray Diagrams,agent mapping,
(label),,light-reflection-and-refraction,,concept-label-mapping,"label ""Cause of Refraction"" used by 1 served rows",UNMAPPABLE: laws of refraction / refractive index / speed of light not covered by concept list - propose 'Refraction Laws & Refractive Index',agent mapping,
(label),,light-reflection-and-refraction,,concept-label-mapping,"label ""Snell's Law / Refractive Index"" used by 1 served rows",UNMAPPABLE: laws of refraction / refractive index / speed of light not covered by concept list - propose 'Refraction Laws & Refractive Index',agent mapping,
(label),,light-reflection-and-refraction,,concept-label-mapping,"label ""Uses of Convex Lenses"" used by 1 served rows",Mirror / Lens Formula & Ray Diagrams,agent mapping,
(label),,light-reflection-and-refraction,,concept-label-mapping,"label ""Magnification and Lens Formula for a Convex Lens"" used by 1 served rows",Mirror / Lens Formula & Ray Diagrams,agent mapping,
(label),,light-reflection-and-refraction,,concept-label-mapping,"label ""Image Formation by a Concave Mirror — Ray Diagram"" used by 1 served rows",Mirror / Lens Formula & Ray Diagrams,agent mapping,
(label),,light-reflection-and-refraction,,concept-label-mapping,"label ""Refraction Through a Glass Block"" used by 1 served rows",Refraction through Glass Slab / Prism,agent mapping,
(label),,light-reflection-and-refraction,,concept-label-mapping,"label ""Nature of Image Formed by Convex Lens"" used by 1 served rows",Mirror / Lens Formula & Ray Diagrams,agent mapping,
(label),,light-reflection-and-refraction,,concept-label-mapping,"label ""Convex Lens as a Magnifying Glass — Ray Diagram"" used by 1 served rows",Mirror / Lens Formula & Ray Diagrams,agent mapping,
(label),,light-reflection-and-refraction,,concept-label-mapping,"label ""Convex Lens Ray Diagram"" used by 1 served rows",Mirror / Lens Formula & Ray Diagrams,agent mapping,
(label),,light-reflection-and-refraction,,concept-label-mapping,"label ""Real and virtual images"" used by 1 served rows",Mirror / Lens Formula & Ray Diagrams,agent mapping,
(label),,light-reflection-and-refraction,,concept-label-mapping,"label ""Power of combination of lenses"" used by 1 served rows","UNMAPPABLE: power of a lens (P=1/f, P1+P2) not covered - propose 'Power of a Lens'",agent mapping,
(label),,light-reflection-and-refraction,,concept-label-mapping,"label ""Refractive index and speed of light"" used by 1 served rows",UNMAPPABLE: laws of refraction / refractive index / speed of light not covered by concept list - propose 'Refraction Laws & Refractive Index',agent mapping,
(label),,light-reflection-and-refraction,,concept-label-mapping,"label ""Reflection by Spherical Mirrors"" used by 1 served rows",Mirror / Lens Formula & Ray Diagrams,agent mapping,
(label),,light-reflection-and-refraction,,concept-label-mapping,"label ""Lenses and Refraction through a Glass Slab"" used by 1 served rows",Refraction through Glass Slab / Prism,agent mapping,
(label),,light-reflection-and-refraction,,concept-label-mapping,"label ""Concave Mirror — Image Position"" used by 1 served rows",Mirror / Lens Formula & Ray Diagrams,agent mapping,
(label),,light-reflection-and-refraction,,concept-label-mapping,"label ""Convex Mirror — Search Mirror Application"" used by 1 served rows",Mirror / Lens Formula & Ray Diagrams,agent mapping,
(label),,light-reflection-and-refraction,,concept-label-mapping,"label ""Refractive Index — Speed of Light"" used by 1 served rows",UNMAPPABLE: laws of refraction / refractive index / speed of light not covered by concept list - propose 'Refraction Laws & Refractive Index',agent mapping,
(label),,light-reflection-and-refraction,,concept-label-mapping,"label ""Refractive Index — Speed of Light Calculation"" used by 1 served rows",UNMAPPABLE: laws of refraction / refractive index / speed of light not covered by concept list - propose 'Refraction Laws & Refractive Index',agent mapping,
(label),,light-reflection-and-refraction,,concept-label-mapping,"label ""Convex Mirror — Sign Conventions"" used by 1 served rows",Mirror / Lens Formula & Ray Diagrams,agent mapping,
(label),,light-reflection-and-refraction,,concept-label-mapping,"label ""Convex Lens — Image Position and Magnification"" used by 1 served rows",Mirror / Lens Formula & Ray Diagrams,agent mapping,
(label),,light-reflection-and-refraction,,concept-label-mapping,"label ""Concave Lens — Image Distance and Ray Diagram"" used by 1 served rows",Mirror / Lens Formula & Ray Diagrams,agent mapping,
(label),,light-reflection-and-refraction,,concept-label-mapping,"label ""Power of Lens"" used by 1 served rows","UNMAPPABLE: power of a lens (P=1/f, P1+P2) not covered - propose 'Power of a Lens'",agent mapping,
(label),,light-reflection-and-refraction,,concept-label-mapping,"label ""Real and Virtual Images"" used by 1 served rows",Mirror / Lens Formula & Ray Diagrams,agent mapping,
(label),,light-reflection-and-refraction,,concept-label-mapping,"label ""Image Formation by Spherical Mirrors"" used by 1 served rows",Mirror / Lens Formula & Ray Diagrams,agent mapping,
(label),,light-reflection-and-refraction,,concept-label-mapping,"label ""Image Formation by Mirrors"" used by 1 served rows",Mirror / Lens Formula & Ray Diagrams,agent mapping,
(label),,light-reflection-and-refraction,,concept-label-mapping,"label ""Image Formation by Concave Lens"" used by 1 served rows",Mirror / Lens Formula & Ray Diagrams,agent mapping,
(label),,light-reflection-and-refraction,,concept-label-mapping,"label ""Uses of Lenses"" used by 1 served rows",Mirror / Lens Formula & Ray Diagrams,agent mapping,
(label),,light-reflection-and-refraction,,concept-label-mapping,"label ""Lens and Mirror Formula"" used by 1 served rows",Mirror / Lens Formula & Ray Diagrams,agent mapping,
(label),,light-reflection-and-refraction,,concept-label-mapping,"label ""Propagation of Light"" used by 1 served rows",UNMAPPABLE: laws of reflection / plane mirror not covered - propose 'Reflection & Plane Mirrors',agent mapping,
(label),,light-reflection-and-refraction,,concept-label-mapping,"label ""Spherical Mirrors (Focal Length)"" used by 1 served rows",Mirror / Lens Formula & Ray Diagrams,agent mapping,
(label),,light-reflection-and-refraction,,concept-label-mapping,"label ""Ray Diagrams (Concave Mirror)"" used by 1 served rows",Mirror / Lens Formula & Ray Diagrams,agent mapping,
(label),,light-reflection-and-refraction,,concept-label-mapping,"label ""Mirror Formula and Magnification (Convex Mirror)"" used by 1 served rows",Mirror / Lens Formula & Ray Diagrams,agent mapping,
(label),,light-reflection-and-refraction,,concept-label-mapping,"label ""Lens Formula (Application)"" used by 1 served rows",Mirror / Lens Formula & Ray Diagrams,agent mapping,
(label),,light-reflection-and-refraction,,concept-label-mapping,"label ""Ray Diagrams and Lens Formula (Convex Lens)"" used by 1 served rows",Mirror / Lens Formula & Ray Diagrams,agent mapping,
(label),,light-reflection-and-refraction,,concept-label-mapping,"label ""Focal Length of a Convex Lens"" used by 1 served rows",Mirror / Lens Formula & Ray Diagrams,agent mapping,
(label),,light-reflection-and-refraction,,concept-label-mapping,"label ""Refraction and Refractive Index (Lens in a Liquid)"" used by 1 served rows",UNMAPPABLE: laws of refraction / refractive index / speed of light not covered by concept list - propose 'Refraction Laws & Refractive Index',agent mapping,
(label),,light-reflection-and-refraction,,concept-label-mapping,"label ""Refraction and Speed of Light"" used by 1 served rows",UNMAPPABLE: laws of refraction / refractive index / speed of light not covered by concept list - propose 'Refraction Laws & Refractive Index',agent mapping,
(label),,light-reflection-and-refraction,,concept-label-mapping,"label ""Reflection from Curved Surfaces"" used by 1 served rows",Mirror / Lens Formula & Ray Diagrams,agent mapping,
(label),,light-reflection-and-refraction,,concept-label-mapping,"label ""Mirror Formula (Convex Mirror)"" used by 1 served rows",Mirror / Lens Formula & Ray Diagrams,agent mapping,
(label),,light-reflection-and-refraction,,concept-label-mapping,"label ""Lens Formula (Concave Lens)"" used by 1 served rows",Mirror / Lens Formula & Ray Diagrams,agent mapping,
(label),,light-reflection-and-refraction,,concept-label-mapping,"label ""Lens Formula and Magnification (Camera)"" used by 1 served rows",Mirror / Lens Formula & Ray Diagrams,agent mapping,
(label),,light-reflection-and-refraction,,concept-label-mapping,"label ""Ray Diagrams for Mirrors and Lenses"" used by 1 served rows",Mirror / Lens Formula & Ray Diagrams,agent mapping,
(label),,light-reflection-and-refraction,,concept-label-mapping,"label ""Ray Diagrams: Mirrors and Lenses"" used by 1 served rows",Mirror / Lens Formula & Ray Diagrams,agent mapping,
(label),,light-reflection-and-refraction,,concept-label-mapping,"label ""Ray Diagrams (Mirrors and Lenses)"" used by 1 served rows",Mirror / Lens Formula & Ray Diagrams,agent mapping,
(label),,light-reflection-and-refraction,,concept-label-mapping,"label ""Light – Reflection and Refraction"" used by 1 served rows",UNMAPPABLE: generic catch-all label spanning several concepts - re-tag per row,agent mapping,
(label),,light-reflection-and-refraction,,concept-label-mapping,"label ""Lens Formula & Numericals"" used by 1 served rows",Mirror / Lens Formula & Ray Diagrams,agent mapping,
(label),,light-reflection-and-refraction,,concept-label-mapping,"label ""Ray Diagrams"" used by 1 served rows",Mirror / Lens Formula & Ray Diagrams,agent mapping,
(label),,light-reflection-and-refraction,,concept-label-mapping,"label ""Refraction through Glass Slab & Prism"" used by 1 served rows",Refraction through Glass Slab / Prism,agent mapping,
(label),,light-reflection-and-refraction,,concept-label-mapping,"label ""Magnification & Sign Convention"" used by 1 served rows",Mirror / Lens Formula & Ray Diagrams,agent mapping,
(label),,light-reflection-and-refraction,,concept-label-mapping,"label ""Refraction & Snell’s Law"" used by 1 served rows",UNMAPPABLE: laws of refraction / refractive index / speed of light not covered by concept list - propose 'Refraction Laws & Refractive Index',agent mapping,
(label),,light-reflection-and-refraction,,concept-label-mapping,"label ""Mirror Formula & Sign Convention"" used by 1 served rows",Mirror / Lens Formula & Ray Diagrams,agent mapping,
(label),,light-reflection-and-refraction,,concept-label-mapping,"label ""Refraction through Glass Slab"" used by 1 served rows",Refraction through Glass Slab / Prism,agent mapping,
(label),,light-reflection-and-refraction,,concept-label-mapping,"label ""Ray Diagrams & Image Types"" used by 1 served rows",Mirror / Lens Formula & Ray Diagrams,agent mapping,
(label),,light-reflection-and-refraction,,concept-label-mapping,"label ""Power of Lens & Combination"" used by 1 served rows","UNMAPPABLE: power of a lens (P=1/f, P1+P2) not covered - propose 'Power of a Lens'",agent mapping,
(label),,light-reflection-and-refraction,,concept-label-mapping,"label ""Mirror Formula & Diagrams"" used by 1 served rows",Mirror / Lens Formula & Ray Diagrams,agent mapping,
(label),,light-reflection-and-refraction,,concept-label-mapping,"label ""Lens Formula & Diagrams"" used by 1 served rows",Mirror / Lens Formula & Ray Diagrams,agent mapping,
(label),,light-reflection-and-refraction,,concept-label-mapping,"label ""Refraction/Sign Convention"" used by 1 served rows",Mirror / Lens Formula & Ray Diagrams,agent mapping,
(label),,light-reflection-and-refraction,,concept-label-mapping,"label ""Mirror / Lens Formula & Ray Diagrams"" used by 1 served rows",Mirror / Lens Formula & Ray Diagrams,agent mapping,
(label),,light-reflection-and-refraction,,concept-label-mapping,"label ""Refraction through Glass Slab / Prism"" used by 1 served rows",Refraction through Glass Slab / Prism,agent mapping,
(label),,magnetic-effects-of-electric-current,,concept-label-mapping,"label ""Chapter Practice — Magnetic Effects of Electric Current"" used by 39 served rows",UNMAPPABLE: generic catch-all label spanning the whole chapter; needs per-row re-labelling,agent mapping,
(label),,magnetic-effects-of-electric-current,,concept-label-mapping,"label ""Magnetic Field Lines"" used by 12 served rows",Right-hand Rules & Field Lines,agent mapping,
(label),,magnetic-effects-of-electric-current,,concept-label-mapping,"label ""Electromagnet"" used by 11 served rows","UNMAPPABLE: propose 'Electromagnets (soft-iron core, strength factors)'",agent mapping,
(label),,magnetic-effects-of-electric-current,,concept-label-mapping,"label ""Magnetic Field"" used by 9 served rows",Right-hand Rules & Field Lines,agent mapping,
(label),,magnetic-effects-of-electric-current,,concept-label-mapping,"label ""Solenoid"" used by 8 served rows",Right-hand Rules & Field Lines,agent mapping,
(label),,magnetic-effects-of-electric-current,,concept-label-mapping,"label ""(none)"" used by 7 served rows",UNMAPPABLE: generic catch-all label spanning the whole chapter; needs per-row re-labelling,agent mapping,
(label),,magnetic-effects-of-electric-current,,concept-label-mapping,"label ""AC and DC"" used by 5 served rows",UNMAPPABLE: propose 'AC vs DC & Advantages of AC',agent mapping,
(label),,magnetic-effects-of-electric-current,,concept-label-mapping,"label ""Domestic Circuits"" used by 4 served rows","UNMAPPABLE: propose 'Domestic Circuits & Safety (fuse, MCB, earthing, overloading, short circuit)'",agent mapping,
(label),,magnetic-effects-of-electric-current,,concept-label-mapping,"label ""Electromagnetism"" used by 4 served rows",UNMAPPABLE: generic catch-all label spanning the whole chapter; needs per-row re-labelling,agent mapping,
(label),,magnetic-effects-of-electric-current,,concept-label-mapping,"label ""Magnetic Field due to Circular Loop"" used by 4 served rows",Right-hand Rules & Field Lines,agent mapping,
(label),,magnetic-effects-of-electric-current,,concept-label-mapping,"label ""Magnetic Field due to Solenoid"" used by 4 served rows",Right-hand Rules & Field Lines,agent mapping,
(label),,magnetic-effects-of-electric-current,,concept-label-mapping,"label ""Magnetic Field due to Straight Conductor"" used by 4 served rows",Right-hand Rules & Field Lines,agent mapping,
(label),,magnetic-effects-of-electric-current,,concept-label-mapping,"label ""Fleming Rules"" used by 3 served rows",UNMAPPABLE: in-syllabus force on conductor/moving charge; propose 'Force on Conductor & Fleming's Left-hand Rule',agent mapping,
(label),,magnetic-effects-of-electric-current,,concept-label-mapping,"label ""Force on Current-carrying Conductor"" used by 3 served rows",UNMAPPABLE: in-syllabus force on conductor/moving charge; propose 'Force on Conductor & Fleming's Left-hand Rule',agent mapping,
(label),,magnetic-effects-of-electric-current,,concept-label-mapping,"label ""Fleming's Left-hand Rule"" used by 3 served rows",UNMAPPABLE: in-syllabus force on conductor/moving charge; propose 'Force on Conductor & Fleming's Left-hand Rule',agent mapping,
(label),,magnetic-effects-of-electric-current,,concept-label-mapping,"label ""Right-hand Thumb Rule"" used by 3 served rows",Right-hand Rules & Field Lines,agent mapping,
(label),,magnetic-effects-of-electric-current,,concept-label-mapping,"label ""General"" used by 3 served rows",UNMAPPABLE: generic catch-all label spanning the whole chapter; needs per-row re-labelling,agent mapping,
(label),,magnetic-effects-of-electric-current,,concept-label-mapping,"label ""Fleming's Left-Hand Rule and Force on Conductor"" used by 2 served rows",UNMAPPABLE: in-syllabus force on conductor/moving charge; propose 'Force on Conductor & Fleming's Left-hand Rule',agent mapping,
(label),,magnetic-effects-of-electric-current,,concept-label-mapping,"label ""Force on Moving Charge"" used by 2 served rows",UNMAPPABLE: in-syllabus force on conductor/moving charge; propose 'Force on Conductor & Fleming's Left-hand Rule',agent mapping,
(label),,magnetic-effects-of-electric-current,,concept-label-mapping,"label ""Domestic Circuit Safety"" used by 2 served rows","UNMAPPABLE: propose 'Domestic Circuits & Safety (fuse, MCB, earthing, overloading, short circuit)'",agent mapping,
(label),,magnetic-effects-of-electric-current,,concept-label-mapping,"label ""Short Circuit"" used by 2 served rows","UNMAPPABLE: propose 'Domestic Circuits & Safety (fuse, MCB, earthing, overloading, short circuit)'",agent mapping,
(label),,magnetic-effects-of-electric-current,,concept-label-mapping,"label ""Bar Magnet"" used by 2 served rows",Right-hand Rules & Field Lines,agent mapping,
(label),,magnetic-effects-of-electric-current,,concept-label-mapping,"label ""Force on Conductor"" used by 1 served rows",UNMAPPABLE: in-syllabus force on conductor/moving charge; propose 'Force on Conductor & Fleming's Left-hand Rule',agent mapping,
(label),,magnetic-effects-of-electric-current,,concept-label-mapping,"label ""Uniform Magnetic Field"" used by 1 served rows",Right-hand Rules & Field Lines,agent mapping,
(label),,magnetic-effects-of-electric-current,,concept-label-mapping,"label ""Overloading and Fuse Rating"" used by 1 served rows","UNMAPPABLE: propose 'Domestic Circuits & Safety (fuse, MCB, earthing, overloading, short circuit)'",agent mapping,
(label),,magnetic-effects-of-electric-current,,concept-label-mapping,"label ""Avoiding Overloading"" used by 1 served rows","UNMAPPABLE: propose 'Domestic Circuits & Safety (fuse, MCB, earthing, overloading, short circuit)'",agent mapping,
(label),,magnetic-effects-of-electric-current,,concept-label-mapping,"label ""True or False"" used by 1 served rows",UNMAPPABLE: generic catch-all label spanning the whole chapter; needs per-row re-labelling,agent mapping,
(label),,magnetic-effects-of-electric-current,,concept-label-mapping,"label ""Producing Magnetic Field"" used by 1 served rows",Right-hand Rules & Field Lines,agent mapping,
(label),,magnetic-effects-of-electric-current,,concept-label-mapping,"label ""Earthing"" used by 1 served rows","UNMAPPABLE: propose 'Domestic Circuits & Safety (fuse, MCB, earthing, overloading, short circuit)'",agent mapping,
(label),,magnetic-effects-of-electric-current,,concept-label-mapping,"label ""Magnetic Field of Moving Charges"" used by 1 served rows",UNMAPPABLE: in-syllabus force on conductor/moving charge; propose 'Force on Conductor & Fleming's Left-hand Rule',agent mapping,
(label),,magnetic-effects-of-electric-current,,concept-label-mapping,"label ""Right-hand Thumb Rule vs Fleming's Left-hand Rule"" used by 1 served rows",Right-hand Rules & Field Lines,agent mapping,
(label),,magnetic-effects-of-electric-current,,concept-label-mapping,"label ""AC vs DC"" used by 1 served rows",UNMAPPABLE: propose 'AC vs DC & Advantages of AC',agent mapping,
(label),,magnetic-effects-of-electric-current,,concept-label-mapping,"label ""Fuse"" used by 1 served rows","UNMAPPABLE: propose 'Domestic Circuits & Safety (fuse, MCB, earthing, overloading, short circuit)'",agent mapping,
(label),,magnetic-effects-of-electric-current,,concept-label-mapping,"label ""Domestic Circuit and Fuse"" used by 1 served rows","UNMAPPABLE: propose 'Domestic Circuits & Safety (fuse, MCB, earthing, overloading, short circuit)'",agent mapping,
(label),,magnetic-effects-of-electric-current,,concept-label-mapping,"label ""Magnetic Field Around Current-Carrying Conductor"" used by 1 served rows",Right-hand Rules & Field Lines,agent mapping,
(label),,magnetic-effects-of-electric-current,,concept-label-mapping,"label ""Magnetic Field Around a Current-Carrying Conductor"" used by 1 served rows",Right-hand Rules & Field Lines,agent mapping,
(label),,magnetic-effects-of-electric-current,,concept-label-mapping,"label ""Solenoid with Soft Iron Core"" used by 1 served rows",Right-hand Rules & Field Lines,agent mapping,
(label),,magnetic-effects-of-electric-current,,concept-label-mapping,"label ""Magnetic Field Strength and Current Direction"" used by 1 served rows",Right-hand Rules & Field Lines,agent mapping,
(label),,magnetic-effects-of-electric-current,,concept-label-mapping,"label ""Magnetic Field of a Current-Carrying Coil"" used by 1 served rows",Right-hand Rules & Field Lines,agent mapping,
(label),,magnetic-effects-of-electric-current,,concept-label-mapping,"label ""Identifying Alternating Current"" used by 1 served rows",UNMAPPABLE: propose 'AC vs DC & Advantages of AC',agent mapping,
(label),,magnetic-effects-of-electric-current,,concept-label-mapping,"label ""Advantages of AC over DC"" used by 1 served rows",UNMAPPABLE: propose 'AC vs DC & Advantages of AC',agent mapping,
(label),,magnetic-effects-of-electric-current,,concept-label-mapping,"label ""Fleming's Left-Hand Rule (Motor Effect)"" used by 1 served rows",UNMAPPABLE: in-syllabus force on conductor/moving charge; propose 'Force on Conductor & Fleming's Left-hand Rule',agent mapping,
(label),,magnetic-effects-of-electric-current,,concept-label-mapping,"label ""Magnetic field lines"" used by 1 served rows",Right-hand Rules & Field Lines,agent mapping,
(label),,magnetic-effects-of-electric-current,,concept-label-mapping,"label ""Electromagnets — core material"" used by 1 served rows","UNMAPPABLE: propose 'Electromagnets (soft-iron core, strength factors)'",agent mapping,
(label),,magnetic-effects-of-electric-current,,concept-label-mapping,"label ""Magnetic Field around a Straight Conductor"" used by 1 served rows",Right-hand Rules & Field Lines,agent mapping,
(label),,magnetic-effects-of-electric-current,,concept-label-mapping,"label ""Magnetic Field inside a Solenoid"" used by 1 served rows",Right-hand Rules & Field Lines,agent mapping,
(label),,magnetic-effects-of-electric-current,,concept-label-mapping,"label ""Domestic Electric Circuits — Earth Wire and Current Rating"" used by 1 served rows","UNMAPPABLE: propose 'Domestic Circuits & Safety (fuse, MCB, earthing, overloading, short circuit)'",agent mapping,
(label),,magnetic-effects-of-electric-current,,concept-label-mapping,"label ""Right-Hand Thumb Rule — Current Loop"" used by 1 served rows",Right-hand Rules & Field Lines,agent mapping,
(label),,magnetic-effects-of-electric-current,,concept-label-mapping,"label ""Solenoid Magnetic Field; Overloading Precautions"" used by 1 served rows",Right-hand Rules & Field Lines,agent mapping,
(label),,magnetic-effects-of-electric-current,,concept-label-mapping,"label ""Current-Carrying Conductors"" used by 1 served rows",Right-hand Rules & Field Lines,agent mapping,
(label),,magnetic-effects-of-electric-current,,concept-label-mapping,"label ""Magnetic Effects of Electric Current"" used by 1 served rows",UNMAPPABLE: generic catch-all label spanning the whole chapter; needs per-row re-labelling,agent mapping,
(label),,magnetic-effects-of-electric-current,,concept-label-mapping,"label ""Field Lines & Right-hand Rule"" used by 1 served rows",Right-hand Rules & Field Lines,agent mapping,
(label),,magnetic-effects-of-electric-current,,concept-label-mapping,"label ""Field Lines around a Straight Conductor"" used by 1 served rows",Right-hand Rules & Field Lines,agent mapping,
(label),,magnetic-effects-of-electric-current,,concept-label-mapping,"label ""Electromagnets & Uses"" used by 1 served rows","UNMAPPABLE: propose 'Electromagnets (soft-iron core, strength factors)'",agent mapping,
(label),,magnetic-effects-of-electric-current,,concept-label-mapping,"label ""Domestic Use of Electromagnets"" used by 1 served rows","UNMAPPABLE: propose 'Electromagnets (soft-iron core, strength factors)'",agent mapping,
(label),,magnetic-effects-of-electric-current,,concept-label-mapping,"label ""Field Lines & Rules"" used by 1 served rows",Right-hand Rules & Field Lines,agent mapping,
(label),,magnetic-effects-of-electric-current,,concept-label-mapping,"label ""Electromagnet & Solenoid"" used by 1 served rows","UNMAPPABLE: propose 'Electromagnets (soft-iron core, strength factors)'",agent mapping,
(label),,metals-and-non-metals,,concept-label-mapping,"label ""Reactivity Series"" used by 44 served rows",Reactivity Series & Displacement,agent mapping,
(label),,metals-and-non-metals,,concept-label-mapping,"label ""Extraction of Metals"" used by 40 served rows",UNMAPPABLE: metallurgy — propose 'Occurrence & Extraction of Metals (Metallurgy)',agent mapping,
(label),,metals-and-non-metals,,concept-label-mapping,"label ""Chapter Practice — Metals and Non-metals"" used by 40 served rows","UNMAPPABLE: generic catch-all label, mixed content — needs per-row retagging",agent mapping,
(label),,metals-and-non-metals,,concept-label-mapping,"label ""Chemical Properties"" used by 38 served rows",UNMAPPABLE: physical/chemical properties of metals & non-metals — propose 'Properties of Metals and Non-metals',agent mapping,
(label),,metals-and-non-metals,,concept-label-mapping,"label ""Physical Properties"" used by 30 served rows",UNMAPPABLE: physical/chemical properties of metals & non-metals — propose 'Properties of Metals and Non-metals',agent mapping,
(label),,metals-and-non-metals,,concept-label-mapping,"label ""Corrosion"" used by 30 served rows",Corrosion & Prevention,agent mapping,
(label),,metals-and-non-metals,,concept-label-mapping,"label ""Alloys"" used by 23 served rows",UNMAPPABLE: alloys — propose 'Alloys',agent mapping,
(label),,metals-and-non-metals,,concept-label-mapping,"label ""(none)"" used by 10 served rows","UNMAPPABLE: generic catch-all label, mixed content — needs per-row retagging",agent mapping,
(label),,metals-and-non-metals,,concept-label-mapping,"label ""Displacement Reactions"" used by 9 served rows",Reactivity Series & Displacement,agent mapping,
(label),,metals-and-non-metals,,concept-label-mapping,"label ""Ionic Bonding"" used by 8 served rows",UNMAPPABLE: ionic compounds — propose 'Ionic Compounds: Formation & Properties',agent mapping,
(label),,metals-and-non-metals,,concept-label-mapping,"label ""Extraction/Metallurgy"" used by 8 served rows",UNMAPPABLE: metallurgy — propose 'Occurrence & Extraction of Metals (Metallurgy)',agent mapping,
(label),,metals-and-non-metals,,concept-label-mapping,"label ""Electrolytic Refining"" used by 8 served rows",UNMAPPABLE: metallurgy — propose 'Occurrence & Extraction of Metals (Metallurgy)',agent mapping,
(label),,metals-and-non-metals,,concept-label-mapping,"label ""Occurrence and Ores"" used by 8 served rows",UNMAPPABLE: metallurgy — propose 'Occurrence & Extraction of Metals (Metallurgy)',agent mapping,
(label),,metals-and-non-metals,,concept-label-mapping,"label ""General"" used by 8 served rows","UNMAPPABLE: generic catch-all label, mixed content — needs per-row retagging",agent mapping,
(label),,metals-and-non-metals,,concept-label-mapping,"label ""Properties of Ionic Compounds"" used by 7 served rows",UNMAPPABLE: ionic compounds — propose 'Ionic Compounds: Formation & Properties',agent mapping,
(label),,metals-and-non-metals,,concept-label-mapping,"label ""Ionic Compounds"" used by 6 served rows",UNMAPPABLE: ionic compounds — propose 'Ionic Compounds: Formation & Properties',agent mapping,
(label),,metals-and-non-metals,,concept-label-mapping,"label ""Chemical Properties of Metals"" used by 6 served rows",UNMAPPABLE: physical/chemical properties of metals & non-metals — propose 'Properties of Metals and Non-metals',agent mapping,
(label),,metals-and-non-metals,,concept-label-mapping,"label ""Amphoteric Oxides"" used by 5 served rows",UNMAPPABLE: physical/chemical properties of metals & non-metals — propose 'Properties of Metals and Non-metals',agent mapping,
(label),,metals-and-non-metals,,concept-label-mapping,"label ""Non-metals"" used by 4 served rows",UNMAPPABLE: physical/chemical properties of metals & non-metals — propose 'Properties of Metals and Non-metals',agent mapping,
(label),,metals-and-non-metals,,concept-label-mapping,"label ""Aqua Regia"" used by 3 served rows",UNMAPPABLE: physical/chemical properties of metals & non-metals — propose 'Properties of Metals and Non-metals',agent mapping,
(label),,metals-and-non-metals,,concept-label-mapping,"label ""Non-metals and their Oxides"" used by 3 served rows",UNMAPPABLE: physical/chemical properties of metals & non-metals — propose 'Properties of Metals and Non-metals',agent mapping,
(label),,metals-and-non-metals,,concept-label-mapping,"label ""Reactivity Series and Displacement"" used by 3 served rows",Reactivity Series & Displacement,agent mapping,
(label),,metals-and-non-metals,,concept-label-mapping,"label ""Reactivity Series & Displacement"" used by 3 served rows",Reactivity Series & Displacement,agent mapping,
(label),,metals-and-non-metals,,concept-label-mapping,"label ""Non-metals and Acidic Oxides"" used by 2 served rows",UNMAPPABLE: physical/chemical properties of metals & non-metals — propose 'Properties of Metals and Non-metals',agent mapping,
(label),,metals-and-non-metals,,concept-label-mapping,"label ""Corrosion Prevention"" used by 2 served rows",Corrosion & Prevention,agent mapping,
(label),,metals-and-non-metals,,concept-label-mapping,"label ""Thermite Reaction"" used by 2 served rows",Reactivity Series & Displacement,agent mapping,
(label),,metals-and-non-metals,,concept-label-mapping,"label ""Ionic Compound Formation"" used by 2 served rows",UNMAPPABLE: ionic compounds — propose 'Ionic Compounds: Formation & Properties',agent mapping,
(label),,metals-and-non-metals,,concept-label-mapping,"label ""Metals with Water"" used by 2 served rows",UNMAPPABLE: physical/chemical properties of metals & non-metals — propose 'Properties of Metals and Non-metals',agent mapping,
(label),,metals-and-non-metals,,concept-label-mapping,"label ""Metals with HNO3"" used by 2 served rows",UNMAPPABLE: physical/chemical properties of metals & non-metals — propose 'Properties of Metals and Non-metals',agent mapping,
(label),,metals-and-non-metals,,concept-label-mapping,"label ""Extraction"" used by 2 served rows",UNMAPPABLE: metallurgy — propose 'Occurrence & Extraction of Metals (Metallurgy)',agent mapping,
(label),,metals-and-non-metals,,concept-label-mapping,"label ""Displacement Reactions of Metals"" used by 2 served rows",Reactivity Series & Displacement,agent mapping,
(label),,metals-and-non-metals,,concept-label-mapping,"label ""Electrolytic Refining of Copper"" used by 2 served rows",UNMAPPABLE: metallurgy — propose 'Occurrence & Extraction of Metals (Metallurgy)',agent mapping,
(label),,metals-and-non-metals,,concept-label-mapping,"label ""Corrosion and Its Prevention"" used by 2 served rows",Corrosion & Prevention,agent mapping,
(label),,metals-and-non-metals,,concept-label-mapping,"label ""Metals and Non-Metals"" used by 2 served rows","UNMAPPABLE: generic catch-all label, mixed content — needs per-row retagging",agent mapping,
(label),,metals-and-non-metals,,concept-label-mapping,"label ""Corrosion & Prevention"" used by 2 served rows",Corrosion & Prevention,agent mapping,
(label),,metals-and-non-metals,,concept-label-mapping,"label ""Physical & Chemical Properties"" used by 2 served rows",UNMAPPABLE: physical/chemical properties of metals & non-metals — propose 'Properties of Metals and Non-metals',agent mapping,
(label),,metals-and-non-metals,,concept-label-mapping,"label ""Ionic Bonds"" used by 1 served rows",UNMAPPABLE: ionic compounds — propose 'Ionic Compounds: Formation & Properties',agent mapping,
(label),,metals-and-non-metals,,concept-label-mapping,"label ""Acids with Metals"" used by 1 served rows",UNMAPPABLE: physical/chemical properties of metals & non-metals — propose 'Properties of Metals and Non-metals',agent mapping,
(label),,metals-and-non-metals,,concept-label-mapping,"label ""Ionic Bond Formation"" used by 1 served rows",UNMAPPABLE: ionic compounds — propose 'Ionic Compounds: Formation & Properties',agent mapping,
(label),,metals-and-non-metals,,concept-label-mapping,"label ""Reactivity Series Applications"" used by 1 served rows",Reactivity Series & Displacement,agent mapping,
(label),,metals-and-non-metals,,concept-label-mapping,"label ""Acids with Carbonates"" used by 1 served rows",OTHER-CHAPTER: acids-bases-and-salts,agent mapping,
(label),,metals-and-non-metals,,concept-label-mapping,"label ""Metals vs Non-metals"" used by 1 served rows",UNMAPPABLE: physical/chemical properties of metals & non-metals — propose 'Properties of Metals and Non-metals',agent mapping,
(label),,metals-and-non-metals,,concept-label-mapping,"label ""Nature of Oxides"" used by 1 served rows",UNMAPPABLE: physical/chemical properties of metals & non-metals — propose 'Properties of Metals and Non-metals',agent mapping,
(label),,metals-and-non-metals,,concept-label-mapping,"label ""Reaction of Metal Oxides"" used by 1 served rows",UNMAPPABLE: physical/chemical properties of metals & non-metals — propose 'Properties of Metals and Non-metals',agent mapping,
(label),,metals-and-non-metals,,concept-label-mapping,"label ""Reaction with Water"" used by 1 served rows",UNMAPPABLE: physical/chemical properties of metals & non-metals — propose 'Properties of Metals and Non-metals',agent mapping,
(label),,metals-and-non-metals,,concept-label-mapping,"label ""Reaction with Acids"" used by 1 served rows",UNMAPPABLE: physical/chemical properties of metals & non-metals — propose 'Properties of Metals and Non-metals',agent mapping,
(label),,metals-and-non-metals,,concept-label-mapping,"label ""Concentration of Ore"" used by 1 served rows",UNMAPPABLE: metallurgy — propose 'Occurrence & Extraction of Metals (Metallurgy)',agent mapping,
(label),,metals-and-non-metals,,concept-label-mapping,"label ""Reduction by Reactivity"" used by 1 served rows",Reactivity Series & Displacement,agent mapping,
(label),,metals-and-non-metals,,concept-label-mapping,"label ""Extraction of Mercury"" used by 1 served rows",UNMAPPABLE: metallurgy — propose 'Occurrence & Extraction of Metals (Metallurgy)',agent mapping,
(label),,metals-and-non-metals,,concept-label-mapping,"label ""Extraction by Electrolysis"" used by 1 served rows",UNMAPPABLE: metallurgy — propose 'Occurrence & Extraction of Metals (Metallurgy)',agent mapping,
(label),,metals-and-non-metals,,concept-label-mapping,"label ""Extraction of Aluminium"" used by 1 served rows",UNMAPPABLE: metallurgy — propose 'Occurrence & Extraction of Metals (Metallurgy)',agent mapping,
(label),,metals-and-non-metals,,concept-label-mapping,"label ""Prevention of Corrosion"" used by 1 served rows",Corrosion & Prevention,agent mapping,
(label),,metals-and-non-metals,,concept-label-mapping,"label ""Chemical Properties of Non-metals"" used by 1 served rows",UNMAPPABLE: physical/chemical properties of metals & non-metals — propose 'Properties of Metals and Non-metals',agent mapping,
(label),,metals-and-non-metals,,concept-label-mapping,"label ""Corrosion Resistance of Aluminium"" used by 1 served rows",Corrosion & Prevention,agent mapping,
(label),,metals-and-non-metals,,concept-label-mapping,"label ""Identification from Clues"" used by 1 served rows","UNMAPPABLE: generic catch-all label, mixed content — needs per-row retagging",agent mapping,
(label),,metals-and-non-metals,,concept-label-mapping,"label ""Roasting, Calcination & Reduction"" used by 1 served rows",UNMAPPABLE: metallurgy — propose 'Occurrence & Extraction of Metals (Metallurgy)',agent mapping,
(label),,metals-and-non-metals,,concept-label-mapping,"label ""Reactivity and Native Metals"" used by 1 served rows",UNMAPPABLE: metallurgy — propose 'Occurrence & Extraction of Metals (Metallurgy)',agent mapping,
(label),,metals-and-non-metals,,concept-label-mapping,"label ""Iron with Steam"" used by 1 served rows",UNMAPPABLE: physical/chemical properties of metals & non-metals — propose 'Properties of Metals and Non-metals',agent mapping,
(label),,metals-and-non-metals,,concept-label-mapping,"label ""Calcium with Water"" used by 1 served rows",UNMAPPABLE: physical/chemical properties of metals & non-metals — propose 'Properties of Metals and Non-metals',agent mapping,
(label),,metals-and-non-metals,,concept-label-mapping,"label ""Occurrence of Metals"" used by 1 served rows",UNMAPPABLE: metallurgy — propose 'Occurrence & Extraction of Metals (Metallurgy)',agent mapping,
(label),,metals-and-non-metals,,concept-label-mapping,"label ""Galvanisation"" used by 1 served rows",Corrosion & Prevention,agent mapping,
(label),,metals-and-non-metals,,concept-label-mapping,"label ""Electrolytic Cell"" used by 1 served rows",UNMAPPABLE: metallurgy — propose 'Occurrence & Extraction of Metals (Metallurgy)',agent mapping,
(label),,metals-and-non-metals,,concept-label-mapping,"label ""Magnesium with Water"" used by 1 served rows",UNMAPPABLE: physical/chemical properties of metals & non-metals — propose 'Properties of Metals and Non-metals',agent mapping,
(label),,metals-and-non-metals,,concept-label-mapping,"label ""Electronic Configurations"" used by 1 served rows",UNMAPPABLE: ionic compounds — propose 'Ionic Compounds: Formation & Properties',agent mapping,
(label),,metals-and-non-metals,,concept-label-mapping,"label ""Insulating Materials"" used by 1 served rows",UNMAPPABLE: physical/chemical properties of metals & non-metals — propose 'Properties of Metals and Non-metals',agent mapping,
(label),,metals-and-non-metals,,concept-label-mapping,"label ""Amphoteric Metals"" used by 1 served rows",UNMAPPABLE: physical/chemical properties of metals & non-metals — propose 'Properties of Metals and Non-metals',agent mapping,
(label),,metals-and-non-metals,,concept-label-mapping,"label ""Allotropes"" used by 1 served rows",OTHER-CHAPTER: carbon-and-its-compounds,agent mapping,
(label),,metals-and-non-metals,,concept-label-mapping,"label ""Oxidation-Reduction"" used by 1 served rows",OTHER-CHAPTER: chemical-reactions-and-equations,agent mapping,
(label),,metals-and-non-metals,,concept-label-mapping,"label ""Calcium Compounds"" used by 1 served rows",UNMAPPABLE: physical/chemical properties of metals & non-metals — propose 'Properties of Metals and Non-metals',agent mapping,
(label),,metals-and-non-metals,,concept-label-mapping,"label ""Alkali Metals"" used by 1 served rows",UNMAPPABLE: physical/chemical properties of metals & non-metals — propose 'Properties of Metals and Non-metals',agent mapping,
(label),,metals-and-non-metals,,concept-label-mapping,"label ""Extraction of Zinc"" used by 1 served rows",UNMAPPABLE: metallurgy — propose 'Occurrence & Extraction of Metals (Metallurgy)',agent mapping,
(label),,metals-and-non-metals,,concept-label-mapping,"label ""Acidic Oxides"" used by 1 served rows",UNMAPPABLE: physical/chemical properties of metals & non-metals — propose 'Properties of Metals and Non-metals',agent mapping,
(label),,metals-and-non-metals,,concept-label-mapping,"label ""Metal Properties"" used by 1 served rows",UNMAPPABLE: physical/chemical properties of metals & non-metals — propose 'Properties of Metals and Non-metals',agent mapping,
(label),,metals-and-non-metals,,concept-label-mapping,"label ""Extraction of Copper"" used by 1 served rows",UNMAPPABLE: metallurgy — propose 'Occurrence & Extraction of Metals (Metallurgy)',agent mapping,
(label),,metals-and-non-metals,,concept-label-mapping,"label ""Sodium Chemistry"" used by 1 served rows",UNMAPPABLE: physical/chemical properties of metals & non-metals — propose 'Properties of Metals and Non-metals',agent mapping,
(label),,metals-and-non-metals,,concept-label-mapping,"label ""Extraction from Ores"" used by 1 served rows",UNMAPPABLE: metallurgy — propose 'Occurrence & Extraction of Metals (Metallurgy)',agent mapping,
(label),,metals-and-non-metals,,concept-label-mapping,"label ""Reaction of Reactive Metal with Dilute Acid"" used by 1 served rows",UNMAPPABLE: physical/chemical properties of metals & non-metals — propose 'Properties of Metals and Non-metals',agent mapping,
(label),,metals-and-non-metals,,concept-label-mapping,"label ""Thermite Reaction — Reactivity Series Application"" used by 1 served rows",Reactivity Series & Displacement,agent mapping,
(label),,metals-and-non-metals,,concept-label-mapping,"label ""Ionic Bonding and Electrical Conductivity — Group 13 Metal"" used by 1 served rows",UNMAPPABLE: ionic compounds — propose 'Ionic Compounds: Formation & Properties',agent mapping,
(label),,metals-and-non-metals,,concept-label-mapping,"label ""Ionic and Covalent Compounds (Properties)"" used by 1 served rows",UNMAPPABLE: ionic compounds — propose 'Ionic Compounds: Formation & Properties',agent mapping,
(label),,metals-and-non-metals,,concept-label-mapping,"label ""Role of Cryolite in Aluminium Extraction"" used by 1 served rows",UNMAPPABLE: metallurgy — propose 'Occurrence & Extraction of Metals (Metallurgy)',agent mapping,
(label),,metals-and-non-metals,,concept-label-mapping,"label ""Reactivity and Displacement (Storage of Reagents)"" used by 1 served rows",Reactivity Series & Displacement,agent mapping,
(label),,metals-and-non-metals,,concept-label-mapping,"label ""Electrolytic Extraction of Aluminium (Electrode Half-Equations)"" used by 1 served rows",UNMAPPABLE: metallurgy — propose 'Occurrence & Extraction of Metals (Metallurgy)',agent mapping,
(label),,metals-and-non-metals,,concept-label-mapping,"label ""Carbon Anode Replacement in Aluminium Extraction"" used by 1 served rows",UNMAPPABLE: metallurgy — propose 'Occurrence & Extraction of Metals (Metallurgy)',agent mapping,
(label),,metals-and-non-metals,,concept-label-mapping,"label ""Ionic Bonding in Aluminium Oxide (Dot-Cross Diagram)"" used by 1 served rows",UNMAPPABLE: ionic compounds — propose 'Ionic Compounds: Formation & Properties',agent mapping,
(label),,metals-and-non-metals,,concept-label-mapping,"label ""Reactivity of metals with water"" used by 1 served rows",Reactivity Series & Displacement,agent mapping,
(label),,metals-and-non-metals,,concept-label-mapping,"label ""Galvanisation vs alloying"" used by 1 served rows",Corrosion & Prevention,agent mapping,
(label),,metals-and-non-metals,,concept-label-mapping,"label ""Conditions for rusting of iron"" used by 1 served rows",Corrosion & Prevention,agent mapping,
(label),,metals-and-non-metals,,concept-label-mapping,"label ""Reactivity series — displacement reactions"" used by 1 served rows",Reactivity Series & Displacement,agent mapping,
(label),,metals-and-non-metals,,concept-label-mapping,"label ""Reactivity Series and Corrosion"" used by 1 served rows",Corrosion & Prevention,agent mapping,
(label),,metals-and-non-metals,,concept-label-mapping,"label ""Corrosion — Galvanisation"" used by 1 served rows",Corrosion & Prevention,agent mapping,
(label),,metals-and-non-metals,,concept-label-mapping,"label ""Reactivity Series — Tarnishing"" used by 1 served rows",Corrosion & Prevention,agent mapping,
(label),,metals-and-non-metals,,concept-label-mapping,"label ""Reduction of Zinc Oxide"" used by 1 served rows",UNMAPPABLE: metallurgy — propose 'Occurrence & Extraction of Metals (Metallurgy)',agent mapping,
(label),,metals-and-non-metals,,concept-label-mapping,"label ""Reactive Metal Storage"" used by 1 served rows",Reactivity Series & Displacement,agent mapping,
(label),,metals-and-non-metals,,concept-label-mapping,"label ""Corrosion — Iron vs Aluminium"" used by 1 served rows",Corrosion & Prevention,agent mapping,
(label),,metals-and-non-metals,,concept-label-mapping,"label ""Electronic Configuration — Ionic Compounds"" used by 1 served rows",UNMAPPABLE: ionic compounds — propose 'Ionic Compounds: Formation & Properties',agent mapping,
(label),,metals-and-non-metals,,concept-label-mapping,"label ""Reactivity Series — Photolytic Decomposition"" used by 1 served rows",OTHER-CHAPTER: chemical-reactions-and-equations (photolytic decomposition of silver salts),agent mapping,
(label),,metals-and-non-metals,,concept-label-mapping,"label ""Reactivity with Water — Hot vs Cold"" used by 1 served rows",Reactivity Series & Displacement,agent mapping,
(label),,metals-and-non-metals,,concept-label-mapping,"label ""Reaction of Metal with Acid — Hydrogen Test"" used by 1 served rows",UNMAPPABLE: physical/chemical properties of metals & non-metals — propose 'Properties of Metals and Non-metals',agent mapping,
(label),,metals-and-non-metals,,concept-label-mapping,"label ""Electrorefining of Copper"" used by 1 served rows",UNMAPPABLE: metallurgy — propose 'Occurrence & Extraction of Metals (Metallurgy)',agent mapping,
(label),,metals-and-non-metals,,concept-label-mapping,"label ""Reactivity Series — Displacement Reactions"" used by 1 served rows",Reactivity Series & Displacement,agent mapping,
(label),,metals-and-non-metals,,concept-label-mapping,"label ""Amphoteric Oxides — Aluminium and Thermite"" used by 1 served rows",Reactivity Series & Displacement,agent mapping,
(label),,metals-and-non-metals,,concept-label-mapping,"label ""Electrolytic Reduction of Sodium Chloride; Thermite"" used by 1 served rows",UNMAPPABLE: metallurgy — propose 'Occurrence & Extraction of Metals (Metallurgy)',agent mapping,
(label),,metals-and-non-metals,,concept-label-mapping,"label ""Electrolysis and Electroplating"" used by 1 served rows",UNMAPPABLE: metallurgy — propose 'Occurrence & Extraction of Metals (Metallurgy)',agent mapping,
(label),,metals-and-non-metals,,concept-label-mapping,"label ""Occurrence of Metals in Nature"" used by 1 served rows",UNMAPPABLE: metallurgy — propose 'Occurrence & Extraction of Metals (Metallurgy)',agent mapping,
(label),,metals-and-non-metals,,concept-label-mapping,"label ""Extraction of Metals - Reduction with Carbon"" used by 1 served rows",UNMAPPABLE: metallurgy — propose 'Occurrence & Extraction of Metals (Metallurgy)',agent mapping,
(label),,metals-and-non-metals,,concept-label-mapping,"label ""Extraction of Highly Reactive Metals"" used by 1 served rows",UNMAPPABLE: metallurgy — propose 'Occurrence & Extraction of Metals (Metallurgy)',agent mapping,
(label),,metals-and-non-metals,,concept-label-mapping,"label ""Properties & Uses"" used by 1 served rows",UNMAPPABLE: physical/chemical properties of metals & non-metals — propose 'Properties of Metals and Non-metals',agent mapping,
(label),,metals-and-non-metals,,concept-label-mapping,"label ""Extraction & Reactivity"" used by 1 served rows",UNMAPPABLE: metallurgy — propose 'Occurrence & Extraction of Metals (Metallurgy)',agent mapping,
(label),,metals-and-non-metals,,concept-label-mapping,"label ""Extraction of Metals & Reactivity"" used by 1 served rows",UNMAPPABLE: metallurgy — propose 'Occurrence & Extraction of Metals (Metallurgy)',agent mapping,
(label),,metals-and-non-metals,,concept-label-mapping,"label ""Ores & Extraction"" used by 1 served rows",UNMAPPABLE: metallurgy — propose 'Occurrence & Extraction of Metals (Metallurgy)',agent mapping,
(label),,metals-and-non-metals,,concept-label-mapping,"label ""Reactivity series"" used by 1 served rows",Reactivity Series & Displacement,agent mapping,
(label),,metals-and-non-metals,,concept-label-mapping,"label ""Displacement reactions"" used by 1 served rows",Reactivity Series & Displacement,agent mapping,
(label),,our-environment,,concept-label-mapping,"label ""Chapter Practice — Our Environment"" used by 37 served rows",UNMAPPABLE: generic catch-all label spanning both concepts — re-tag per row,agent mapping,
(label),,our-environment,,concept-label-mapping,"label ""Ozone Layer Depletion"" used by 19 served rows","Pollution, Waste Management & Ozone Depletion",agent mapping,
(label),,our-environment,,concept-label-mapping,"label ""Biodegradability"" used by 18 served rows","Pollution, Waste Management & Ozone Depletion",agent mapping,
(label),,our-environment,,concept-label-mapping,"label ""Food Chain and Food Web"" used by 15 served rows","Food Chains, Trophic Levels & Energy Flow",agent mapping,
(label),,our-environment,,concept-label-mapping,"label ""Energy Flow Levels"" used by 15 served rows","Food Chains, Trophic Levels & Energy Flow",agent mapping,
(label),,our-environment,,concept-label-mapping,"label ""Ecological Systems"" used by 14 served rows","UNMAPPABLE: ecosystem definition/components (biotic-abiotic, natural-artificial, producers-consumers-decomposers roles) — propose concept ""Ecosystem & Its Components""",agent mapping,
(label),,our-environment,,concept-label-mapping,"label ""Ecosystem — producers, consumers, decomposers"" used by 11 served rows","UNMAPPABLE: ecosystem definition/components (biotic-abiotic, natural-artificial, producers-consumers-decomposers roles) — propose concept ""Ecosystem & Its Components""",agent mapping,
(label),,our-environment,,concept-label-mapping,"label ""(none)"" used by 10 served rows",UNMAPPABLE: generic catch-all label spanning both concepts — re-tag per row,agent mapping,
(label),,our-environment,,concept-label-mapping,"label ""Food chains and trophic levels"" used by 9 served rows","Food Chains, Trophic Levels & Energy Flow",agent mapping,
(label),,our-environment,,concept-label-mapping,"label ""Food Chain"" used by 9 served rows","Food Chains, Trophic Levels & Energy Flow",agent mapping,
(label),,our-environment,,concept-label-mapping,"label ""Flow of energy (10% law)"" used by 5 served rows","Food Chains, Trophic Levels & Energy Flow",agent mapping,
(label),,our-environment,,concept-label-mapping,"label ""Biological magnification"" used by 5 served rows","Pollution, Waste Management & Ozone Depletion",agent mapping,
(label),,our-environment,,concept-label-mapping,"label ""Biodegradable and Non-biodegradable Waste"" used by 5 served rows","Pollution, Waste Management & Ozone Depletion",agent mapping,
(label),,our-environment,,concept-label-mapping,"label ""Biodegradable and Non-biodegradable"" used by 5 served rows","Pollution, Waste Management & Ozone Depletion",agent mapping,
(label),,our-environment,,concept-label-mapping,"label ""Flow of Energy (10% Law)"" used by 4 served rows","Food Chains, Trophic Levels & Energy Flow",agent mapping,
(label),,our-environment,,concept-label-mapping,"label ""Ecosystems"" used by 4 served rows","UNMAPPABLE: ecosystem definition/components (biotic-abiotic, natural-artificial, producers-consumers-decomposers roles) — propose concept ""Ecosystem & Its Components""",agent mapping,
(label),,our-environment,,concept-label-mapping,"label ""General"" used by 4 served rows",UNMAPPABLE: generic catch-all label spanning both concepts — re-tag per row,agent mapping,
(label),,our-environment,,concept-label-mapping,"label ""Waste — biodegradable and non-biodegradable"" used by 3 served rows","Pollution, Waste Management & Ozone Depletion",agent mapping,
(label),,our-environment,,concept-label-mapping,"label ""Ecosystem — natural and artificial"" used by 3 served rows","UNMAPPABLE: ecosystem definition/components (biotic-abiotic, natural-artificial, producers-consumers-decomposers roles) — propose concept ""Ecosystem & Its Components""",agent mapping,
(label),,our-environment,,concept-label-mapping,"label ""Food chains and food webs"" used by 3 served rows","Food Chains, Trophic Levels & Energy Flow",agent mapping,
(label),,our-environment,,concept-label-mapping,"label ""Biological Magnification"" used by 3 served rows","Pollution, Waste Management & Ozone Depletion",agent mapping,
(label),,our-environment,,concept-label-mapping,"label ""Decomposers and Nutrient Cycling"" used by 3 served rows","UNMAPPABLE: ecosystem definition/components (biotic-abiotic, natural-artificial, producers-consumers-decomposers roles) — propose concept ""Ecosystem & Its Components""",agent mapping,
(label),,our-environment,,concept-label-mapping,"label ""Ecosystem - Components"" used by 3 served rows","UNMAPPABLE: ecosystem definition/components (biotic-abiotic, natural-artificial, producers-consumers-decomposers roles) — propose concept ""Ecosystem & Its Components""",agent mapping,
(label),,our-environment,,concept-label-mapping,"label ""Food Chain and Trophic Levels"" used by 3 served rows","Food Chains, Trophic Levels & Energy Flow",agent mapping,
(label),,our-environment,,concept-label-mapping,"label ""Ecosystem Imbalance"" used by 3 served rows","Food Chains, Trophic Levels & Energy Flow",agent mapping,
(label),,our-environment,,concept-label-mapping,"label ""Ozone Layer"" used by 3 served rows","Pollution, Waste Management & Ozone Depletion",agent mapping,
(label),,our-environment,,concept-label-mapping,"label ""Trophic Levels"" used by 3 served rows","Food Chains, Trophic Levels & Energy Flow",agent mapping,
(label),,our-environment,,concept-label-mapping,"label ""Flow of energy (ten per cent law)"" used by 2 served rows","Food Chains, Trophic Levels & Energy Flow",agent mapping,
(label),,our-environment,,concept-label-mapping,"label ""Ecosystem — structure and function"" used by 2 served rows","UNMAPPABLE: ecosystem definition/components (biotic-abiotic, natural-artificial, producers-consumers-decomposers roles) — propose concept ""Ecosystem & Its Components""",agent mapping,
(label),,our-environment,,concept-label-mapping,"label ""Waste — disposal and its effects"" used by 2 served rows","Pollution, Waste Management & Ozone Depletion",agent mapping,
(label),,our-environment,,concept-label-mapping,"label ""Ecosystem — abiotic and biotic components"" used by 2 served rows","UNMAPPABLE: ecosystem definition/components (biotic-abiotic, natural-artificial, producers-consumers-decomposers roles) — propose concept ""Ecosystem & Its Components""",agent mapping,
(label),,our-environment,,concept-label-mapping,"label ""Ozone layer and its depletion"" used by 2 served rows","Pollution, Waste Management & Ozone Depletion",agent mapping,
(label),,our-environment,,concept-label-mapping,"label ""Food Chains and Food Webs"" used by 2 served rows","Food Chains, Trophic Levels & Energy Flow",agent mapping,
(label),,our-environment,,concept-label-mapping,"label ""Flow of Energy in an Ecosystem"" used by 2 served rows","Food Chains, Trophic Levels & Energy Flow",agent mapping,
(label),,our-environment,,concept-label-mapping,"label ""Flow of energy (producers as transducers)"" used by 1 served rows","Food Chains, Trophic Levels & Energy Flow",agent mapping,
(label),,our-environment,,concept-label-mapping,"label ""Waste — effects on the environment"" used by 1 served rows","Pollution, Waste Management & Ozone Depletion",agent mapping,
(label),,our-environment,,concept-label-mapping,"label ""Trophic Level Energy Analysis"" used by 1 served rows","Food Chains, Trophic Levels & Energy Flow",agent mapping,
(label),,our-environment,,concept-label-mapping,"label ""Meaning of Arrows in a Food Chain"" used by 1 served rows","Food Chains, Trophic Levels & Energy Flow",agent mapping,
(label),,our-environment,,concept-label-mapping,"label ""Primary Source of Energy in an Ecosystem"" used by 1 served rows","Food Chains, Trophic Levels & Energy Flow",agent mapping,
(label),,our-environment,,concept-label-mapping,"label ""Producers in a Food Web"" used by 1 served rows","Food Chains, Trophic Levels & Energy Flow",agent mapping,
(label),,our-environment,,concept-label-mapping,"label ""Food Chains and Energy Transfer"" used by 1 served rows","Food Chains, Trophic Levels & Energy Flow",agent mapping,
(label),,our-environment,,concept-label-mapping,"label ""Effects of Fertiliser Run-off on Lake Ecosystems (Eutrophication)"" used by 1 served rows","Pollution, Waste Management & Ozone Depletion",agent mapping,
(label),,our-environment,,concept-label-mapping,"label ""Drawing a Food Chain"" used by 1 served rows","Food Chains, Trophic Levels & Energy Flow",agent mapping,
(label),,our-environment,,concept-label-mapping,"label ""Constructing a Food Chain"" used by 1 served rows","Food Chains, Trophic Levels & Energy Flow",agent mapping,
(label),,our-environment,,concept-label-mapping,"label ""Producers and Consumers in a Food Web"" used by 1 served rows","Food Chains, Trophic Levels & Energy Flow",agent mapping,
(label),,our-environment,,concept-label-mapping,"label ""Meaning of an Ecosystem"" used by 1 served rows","UNMAPPABLE: ecosystem definition/components (biotic-abiotic, natural-artificial, producers-consumers-decomposers roles) — propose concept ""Ecosystem & Its Components""",agent mapping,
(label),,our-environment,,concept-label-mapping,"label ""Impact of Pesticides and Bioaccumulation on a Food Web"" used by 1 served rows","Pollution, Waste Management & Ozone Depletion",agent mapping,
(label),,our-environment,,concept-label-mapping,"label ""Effect of Pesticide on a Food Chain and Bioaccumulation"" used by 1 served rows","Pollution, Waste Management & Ozone Depletion",agent mapping,
(label),,our-environment,,concept-label-mapping,"label ""Pollutants and Ecosystem Impact (Eutrophication)"" used by 1 served rows","Pollution, Waste Management & Ozone Depletion",agent mapping,
(label),,our-environment,,concept-label-mapping,"label ""Food Chains and Biomagnification"" used by 1 served rows","Pollution, Waste Management & Ozone Depletion",agent mapping,
(label),,our-environment,,concept-label-mapping,"label ""Ozone Depletion"" used by 1 served rows","Pollution, Waste Management & Ozone Depletion",agent mapping,
(label),,our-environment,,concept-label-mapping,"label ""Energy Flow in Ecosystems (10% Law)"" used by 1 served rows","Food Chains, Trophic Levels & Energy Flow",agent mapping,
(label),,our-environment,,concept-label-mapping,"label ""Trophic Energy Transfer"" used by 1 served rows","Food Chains, Trophic Levels & Energy Flow",agent mapping,
(label),,our-environment,,concept-label-mapping,"label ""Ozone Layer Formation"" used by 1 served rows","Pollution, Waste Management & Ozone Depletion",agent mapping,
(label),,our-environment,,concept-label-mapping,"label ""Trophic Levels — Omnivores"" used by 1 served rows","Food Chains, Trophic Levels & Energy Flow",agent mapping,
(label),,our-environment,,concept-label-mapping,"label ""Ecological Pyramids — Aquatic Inverted Pyramid"" used by 1 served rows","Food Chains, Trophic Levels & Energy Flow",agent mapping,
(label),,our-environment,,concept-label-mapping,"label ""Food Chain — Impact of Removing a Trophic Level"" used by 1 served rows","Food Chains, Trophic Levels & Energy Flow",agent mapping,
(label),,our-environment,,concept-label-mapping,"label ""Biomagnification of Non-degradable Chemicals"" used by 1 served rows","Pollution, Waste Management & Ozone Depletion",agent mapping,
(label),,our-environment,,concept-label-mapping,"label ""Biodegradable vs Non-biodegradable Waste — Composting"" used by 1 served rows","Pollution, Waste Management & Ozone Depletion",agent mapping,
(label),,our-environment,,concept-label-mapping,"label ""Ozone Layer Depletion — CFCs and Health Effects"" used by 1 served rows","Pollution, Waste Management & Ozone Depletion",agent mapping,
(label),,our-environment,,concept-label-mapping,"label ""Waste Management"" used by 1 served rows","Pollution, Waste Management & Ozone Depletion",agent mapping,
(label),,our-environment,,concept-label-mapping,"label ""Human Impact on the Environment"" used by 1 served rows","Pollution, Waste Management & Ozone Depletion",agent mapping,
(label),,our-environment,,concept-label-mapping,"label ""Predator and Prey Adaptations"" used by 1 served rows","Food Chains, Trophic Levels & Energy Flow",agent mapping,
(label),,our-environment,,concept-label-mapping,"label ""Ozone Layer and Its Depletion"" used by 1 served rows","Pollution, Waste Management & Ozone Depletion",agent mapping,
(label),,our-environment,,concept-label-mapping,"label ""Food Chains and Trophic Levels"" used by 1 served rows","Food Chains, Trophic Levels & Energy Flow",agent mapping,
(label),,our-environment,,concept-label-mapping,"label ""Our Environment"" used by 1 served rows",UNMAPPABLE: generic catch-all label spanning both concepts — re-tag per row,agent mapping,
(label),,our-environment,,concept-label-mapping,"label ""Food chains & webs"" used by 1 served rows","Food Chains, Trophic Levels & Energy Flow",agent mapping,
(label),,pair-of-linear-equations,,concept-label-mapping,"label ""Word Problems on Linear Equations"" used by 89 served rows",Word & Application Problems,agent mapping,
(label),,pair-of-linear-equations,,concept-label-mapping,"label ""Graphical Method"" used by 29 served rows",Graphical Solutions/Nature,agent mapping,
(label),,pair-of-linear-equations,,concept-label-mapping,"label ""Algebraic Solution Methods"" used by 22 served rows",Algebraic Solution Methods,agent mapping,
(label),,pair-of-linear-equations,,concept-label-mapping,"label ""Elimination Method"" used by 21 served rows",Algebraic Solution Methods,agent mapping,
(label),,pair-of-linear-equations,,concept-label-mapping,"label ""Word & Application Problems"" used by 20 served rows",Word & Application Problems,agent mapping,
(label),,pair-of-linear-equations,,concept-label-mapping,"label ""Substitution Method"" used by 20 served rows",Algebraic Solution Methods,agent mapping,
(label),,pair-of-linear-equations,,concept-label-mapping,"label ""Graphical Solutions/Nature"" used by 17 served rows",Graphical Solutions/Nature,agent mapping,
(label),,pair-of-linear-equations,,concept-label-mapping,"label ""Consistency of Equations"" used by 17 served rows",Graphical Solutions/Nature,agent mapping,
(label),,pair-of-linear-equations,,concept-label-mapping,"label ""Word Problems"" used by 12 served rows",Word & Application Problems,agent mapping,
(label),,pair-of-linear-equations,,concept-label-mapping,"label ""(none)"" used by 10 served rows",UNMAPPABLE: generic label spanning all concepts - relabel per row,agent mapping,
(label),,pair-of-linear-equations,,concept-label-mapping,"label ""Real-Life Problems on Linear Equations"" used by 8 served rows",Word & Application Problems,agent mapping,
(label),,pair-of-linear-equations,,concept-label-mapping,"label ""General"" used by 8 served rows",UNMAPPABLE: generic label spanning all concepts - relabel per row,agent mapping,
(label),,pair-of-linear-equations,,concept-label-mapping,"label ""Word Problem (Two-digit Number)"" used by 5 served rows",Word & Application Problems,agent mapping,
(label),,pair-of-linear-equations,,concept-label-mapping,"label ""Conditions for Infinitely Many Solutions"" used by 4 served rows",Graphical Solutions/Nature,agent mapping,
(label),,pair-of-linear-equations,,concept-label-mapping,"label ""Word Problem (Ages)"" used by 4 served rows",Word & Application Problems,agent mapping,
(label),,pair-of-linear-equations,,concept-label-mapping,"label ""Conditions for No Solution"" used by 3 served rows",Graphical Solutions/Nature,agent mapping,
(label),,pair-of-linear-equations,,concept-label-mapping,"label ""Conditions for Unique Solution"" used by 3 served rows",Graphical Solutions/Nature,agent mapping,
(label),,pair-of-linear-equations,,concept-label-mapping,"label ""Consistency of Linear Equations"" used by 3 served rows",Graphical Solutions/Nature,agent mapping,
(label),,pair-of-linear-equations,,concept-label-mapping,"label ""Conditions for Solvability"" used by 3 served rows",Graphical Solutions/Nature,agent mapping,
(label),,pair-of-linear-equations,,concept-label-mapping,"label ""Linear Equations (Break-even Application)"" used by 3 served rows",Word & Application Problems,agent mapping,
(label),,pair-of-linear-equations,,concept-label-mapping,"label ""Linear Equations in Two Variables (Mixture Problem)"" used by 3 served rows",Word & Application Problems,agent mapping,
(label),,pair-of-linear-equations,,concept-label-mapping,"label ""Graphical Solution of Linear Equations"" used by 3 served rows",Graphical Solutions/Nature,agent mapping,
(label),,pair-of-linear-equations,,concept-label-mapping,"label ""Algebraic Solution"" used by 2 served rows",Algebraic Solution Methods,agent mapping,
(label),,pair-of-linear-equations,,concept-label-mapping,"label ""Geometry Application (Cyclic Quadrilateral)"" used by 2 served rows",Word & Application Problems,agent mapping,
(label),,pair-of-linear-equations,,concept-label-mapping,"label ""Geometry Application (Triangle Angles)"" used by 2 served rows",Word & Application Problems,agent mapping,
(label),,pair-of-linear-equations,,concept-label-mapping,"label ""Word Problem (Fixed and Per-unit Charges)"" used by 2 served rows",Word & Application Problems,agent mapping,
(label),,pair-of-linear-equations,,concept-label-mapping,"label ""Linear Equations in Two Variables (Word Problem)"" used by 2 served rows",Word & Application Problems,agent mapping,
(label),,pair-of-linear-equations,,concept-label-mapping,"label ""Conditions for Parallel Lines"" used by 2 served rows",Graphical Solutions/Nature,agent mapping,
(label),,pair-of-linear-equations,,concept-label-mapping,"label ""Formulating Linear Equations from a Word Problem"" used by 2 served rows",Word & Application Problems,agent mapping,
(label),,pair-of-linear-equations,,concept-label-mapping,"label ""Nature of solutions"" used by 2 served rows",Graphical Solutions/Nature,agent mapping,
(label),,pair-of-linear-equations,,concept-label-mapping,"label ""Problem Solving"" used by 1 served rows",Word & Application Problems,agent mapping,
(label),,pair-of-linear-equations,,concept-label-mapping,"label ""Nature of Solutions"" used by 1 served rows",Graphical Solutions/Nature,agent mapping,
(label),,pair-of-linear-equations,,concept-label-mapping,"label ""Homogeneous System"" used by 1 served rows",Graphical Solutions/Nature,agent mapping,
(label),,pair-of-linear-equations,,concept-label-mapping,"label ""Word Problem (Geometry)"" used by 1 served rows",Word & Application Problems,agent mapping,
(label),,pair-of-linear-equations,,concept-label-mapping,"label ""Word Problem (Fraction)"" used by 1 served rows",Word & Application Problems,agent mapping,
(label),,pair-of-linear-equations,,concept-label-mapping,"label ""Word Problem (Coins)"" used by 1 served rows",Word & Application Problems,agent mapping,
(label),,pair-of-linear-equations,,concept-label-mapping,"label ""Word Problem (Profit and Loss)"" used by 1 served rows",Word & Application Problems,agent mapping,
(label),,pair-of-linear-equations,,concept-label-mapping,"label ""Word Problem (Numbers)"" used by 1 served rows",Word & Application Problems,agent mapping,
(label),,pair-of-linear-equations,,concept-label-mapping,"label ""Word Problem (Salary and Increment)"" used by 1 served rows",Word & Application Problems,agent mapping,
(label),,pair-of-linear-equations,,concept-label-mapping,"label ""Algebraic Solution (Symmetric Coefficients)"" used by 1 served rows",Algebraic Solution Methods,agent mapping,
(label),,pair-of-linear-equations,,concept-label-mapping,"label ""Word Problem (Exchange)"" used by 1 served rows",Word & Application Problems,agent mapping,
(label),,pair-of-linear-equations,,concept-label-mapping,"label ""Word Problem (Boat and Stream)"" used by 1 served rows",Word & Application Problems,agent mapping,
(label),,pair-of-linear-equations,,concept-label-mapping,"label ""Linear Equations in Two Variables (Speed Problem)"" used by 1 served rows",Word & Application Problems,agent mapping,
(label),,pair-of-linear-equations,,concept-label-mapping,"label ""Linear Equations in Two Variables (Alloy Problem)"" used by 1 served rows",Word & Application Problems,agent mapping,
(label),,pair-of-linear-equations,,concept-label-mapping,"label ""Conditions for Consistency"" used by 1 served rows",Graphical Solutions/Nature,agent mapping,
(label),,pair-of-linear-equations,,concept-label-mapping,"label ""Word Problems on Two-Digit Numbers"" used by 1 served rows",Word & Application Problems,agent mapping,
(label),,pair-of-linear-equations,,concept-label-mapping,"label ""Conditions for Consistency of Linear Equations"" used by 1 served rows",Graphical Solutions/Nature,agent mapping,
(label),,pair-of-linear-equations,,concept-label-mapping,"label ""Algebraic Methods — Substitution"" used by 1 served rows",Algebraic Solution Methods,agent mapping,
(label),,pair-of-linear-equations,,concept-label-mapping,"label ""Conditions for Infinite Solutions"" used by 1 served rows",Graphical Solutions/Nature,agent mapping,
(label),,pair-of-linear-equations,,concept-label-mapping,"label ""Solving Linear Equations (Elimination)"" used by 1 served rows",Algebraic Solution Methods,agent mapping,
(label),,pair-of-linear-equations,,concept-label-mapping,"label ""Word Problems (Ages)"" used by 1 served rows",Word & Application Problems,agent mapping,
(label),,pair-of-linear-equations,,concept-label-mapping,"label ""Word Problems (Fixed and Variable Charges)"" used by 1 served rows",Word & Application Problems,agent mapping,
(label),,pair-of-linear-equations,,concept-label-mapping,"label ""Word Problems (Area of Rectangle)"" used by 1 served rows",Word & Application Problems,agent mapping,
(label),,pair-of-linear-equations,,concept-label-mapping,"label ""Word Problems (Numbers)"" used by 1 served rows",Word & Application Problems,agent mapping,
(label),,pair-of-linear-equations,,concept-label-mapping,"label ""Word Problem (Two Variables)"" used by 1 served rows",Word & Application Problems,agent mapping,
(label),,pair-of-linear-equations,,concept-label-mapping,"label ""Equation from Graph"" used by 1 served rows",Graphical Solutions/Nature,agent mapping,
(label),,pair-of-linear-equations,,concept-label-mapping,"label ""Consistency Conditions"" used by 1 served rows",Graphical Solutions/Nature,agent mapping,
(label),,pair-of-linear-equations,,concept-label-mapping,"label ""Word Problem — Two Variables"" used by 1 served rows",Word & Application Problems,agent mapping,
(label),,pair-of-linear-equations,,concept-label-mapping,"label ""Conditions for Solution Existence"" used by 1 served rows",Graphical Solutions/Nature,agent mapping,
(label),,pair-of-linear-equations,,concept-label-mapping,"label ""Word Problem — Rectangle"" used by 1 served rows",Word & Application Problems,agent mapping,
(label),,pair-of-linear-equations,,concept-label-mapping,"label ""Consistency — Infinitely Many Solutions"" used by 1 served rows",Graphical Solutions/Nature,agent mapping,
(label),,pair-of-linear-equations,,concept-label-mapping,"label ""Common Point of Three Lines"" used by 1 served rows",Algebraic Solution Methods,agent mapping,
(label),,pair-of-linear-equations,,concept-label-mapping,"label ""Line from Graph + Point of Intersection"" used by 1 served rows",Graphical Solutions/Nature,agent mapping,
(label),,pair-of-linear-equations,,concept-label-mapping,"label ""Word Problem — Combo Prices"" used by 1 served rows",Word & Application Problems,agent mapping,
(label),,pair-of-linear-equations,,concept-label-mapping,"label ""Conditions for Inconsistency"" used by 1 served rows",Graphical Solutions/Nature,agent mapping,
(label),,pair-of-linear-equations,,concept-label-mapping,"label ""Pair of Linear Equations in Two Variables"" used by 1 served rows",UNMAPPABLE: generic label spanning all concepts - relabel per row,agent mapping,
(label),,pair-of-linear-equations,,concept-label-mapping,"label ""Consistency & Graphical Meaning"" used by 1 served rows",Graphical Solutions/Nature,agent mapping,
(label),,pair-of-linear-equations,,concept-label-mapping,"label ""Word Problems/Two Variables"" used by 1 served rows",Word & Application Problems,agent mapping,
(label),,pair-of-linear-equations,,concept-label-mapping,"label ""Consistency/Graph"" used by 1 served rows",Graphical Solutions/Nature,agent mapping,
(label),,pair-of-linear-equations,,concept-label-mapping,"label ""Graph+Word mix"" used by 1 served rows",Word & Application Problems,agent mapping,
(label),,pair-of-linear-equations,,concept-label-mapping,"label ""Algebraic solution"" used by 1 served rows",Algebraic Solution Methods,agent mapping,
(label),,pair-of-linear-equations,,concept-label-mapping,"label ""Word problems"" used by 1 served rows",Word & Application Problems,agent mapping,
(label),,pair-of-linear-equations,,concept-label-mapping,"label ""Application"" used by 1 served rows",Word & Application Problems,agent mapping,
(label),,pair-of-linear-equations,,concept-label-mapping,"label ""Pair of Linear Equations"" used by 1 served rows",UNMAPPABLE: generic label spanning all concepts - relabel per row,agent mapping,
(label),,pair-of-linear-equations,,concept-label-mapping,"label ""Consistency of System"" used by 1 served rows",Graphical Solutions/Nature,agent mapping,
(label),,polynomials,,concept-label-mapping,"label ""Relationship between Zeroes and Coefficients"" used by 49 served rows",Coefficient–root Relations,agent mapping,
(label),,polynomials,,concept-label-mapping,"label ""Zeroes of Polynomial"" used by 31 served rows",Zeros & Factorisation,agent mapping,
(label),,polynomials,,concept-label-mapping,"label ""Coefficient–root Relations"" used by 30 served rows",Coefficient–root Relations,agent mapping,
(label),,polynomials,,concept-label-mapping,"label ""Zeros & Factorisation"" used by 25 served rows",Zeros & Factorisation,agent mapping,
(label),,polynomials,,concept-label-mapping,"label ""Constructing a Polynomial"" used by 22 served rows",Coefficient–root Relations,agent mapping,
(label),,polynomials,,concept-label-mapping,"label ""Graph & Type of Polynomial"" used by 16 served rows",Graph & Type of Polynomial,agent mapping,
(label),,polynomials,,concept-label-mapping,"label ""(none)"" used by 9 served rows",UNMAPPABLE: missing label; rows need individual tagging,agent mapping,
(label),,polynomials,,concept-label-mapping,"label ""Relationship Between Zeroes and Coefficients"" used by 8 served rows",Coefficient–root Relations,agent mapping,
(label),,polynomials,,concept-label-mapping,"label ""Zeroes & Coefficient Relationship"" used by 5 served rows",Coefficient–root Relations,agent mapping,
(label),,polynomials,,concept-label-mapping,"label ""Geometrical Meaning"" used by 5 served rows",Graph & Type of Polynomial,agent mapping,
(label),,polynomials,,concept-label-mapping,"label ""Zeroes by Factorisation"" used by 5 served rows",Zeros & Factorisation,agent mapping,
(label),,polynomials,,concept-label-mapping,"label ""Sum and Product of Zeroes"" used by 4 served rows",Coefficient–root Relations,agent mapping,
(label),,polynomials,,concept-label-mapping,"label ""Zeros of Polynomial"" used by 3 served rows",Zeros & Factorisation,agent mapping,
(label),,polynomials,,concept-label-mapping,"label ""Relationship Between Zeros"" used by 3 served rows",Coefficient–root Relations,agent mapping,
(label),,polynomials,,concept-label-mapping,"label ""Zeroes of Quadratic Polynomial"" used by 3 served rows",Zeros & Factorisation,agent mapping,
(label),,polynomials,,concept-label-mapping,"label ""Quadratic Polynomial"" used by 3 served rows",Zeros & Factorisation,agent mapping,
(label),,polynomials,,concept-label-mapping,"label ""General"" used by 3 served rows",UNMAPPABLE: generic label spanning reciprocal-zero (CRR) and degree-of-polynomial rows; retag per row,agent mapping,
(label),,polynomials,,concept-label-mapping,"label ""Type of Polynomial"" used by 2 served rows",Graph & Type of Polynomial,agent mapping,
(label),,polynomials,,concept-label-mapping,"label ""Number of Zeroes from Graph"" used by 2 served rows",Graph & Type of Polynomial,agent mapping,
(label),,polynomials,,concept-label-mapping,"label ""Finding Unknown Coefficient"" used by 2 served rows",Coefficient–root Relations,agent mapping,
(label),,polynomials,,concept-label-mapping,"label ""Signs of Zeroes"" used by 2 served rows",Coefficient–root Relations,agent mapping,
(label),,polynomials,,concept-label-mapping,"label ""Equal Zeroes"" used by 2 served rows",Coefficient–root Relations,agent mapping,
(label),,polynomials,,concept-label-mapping,"label ""Forming a Quadratic Polynomial from its Zeroes"" used by 2 served rows",Coefficient–root Relations,agent mapping,
(label),,polynomials,,concept-label-mapping,"label ""Zeroes and Coefficients"" used by 2 served rows",Coefficient–root Relations,agent mapping,
(label),,polynomials,,concept-label-mapping,"label ""Zeroes & Coefficients"" used by 2 served rows",Coefficient–root Relations,agent mapping,
(label),,polynomials,,concept-label-mapping,"label ""Degree of Polynomial"" used by 1 served rows",Graph & Type of Polynomial,agent mapping,
(label),,polynomials,,concept-label-mapping,"label ""Value of a Polynomial at a Point"" used by 1 served rows",Zeros & Factorisation,agent mapping,
(label),,polynomials,,concept-label-mapping,"label ""Zeroes of Linear Polynomial"" used by 1 served rows",Zeros & Factorisation,agent mapping,
(label),,polynomials,,concept-label-mapping,"label ""Maximum Number of Zeroes"" used by 1 served rows",Graph & Type of Polynomial,agent mapping,
(label),,polynomials,,concept-label-mapping,"label ""Counting Polynomials with Given Zeroes"" used by 1 served rows",Coefficient–root Relations,agent mapping,
(label),,polynomials,,concept-label-mapping,"label ""Symmetry of Zeroes"" used by 1 served rows",Coefficient–root Relations,agent mapping,
(label),,polynomials,,concept-label-mapping,"label ""Zeroes of a Linear Polynomial"" used by 1 served rows",Graph & Type of Polynomial,agent mapping,
(label),,polynomials,,concept-label-mapping,"label ""Forming a Polynomial from Reciprocal Zeroes"" used by 1 served rows",Coefficient–root Relations,agent mapping,
(label),,polynomials,,concept-label-mapping,"label ""Number of Zeroes of a Polynomial"" used by 1 served rows",Graph & Type of Polynomial,agent mapping,
(label),,polynomials,,concept-label-mapping,"label ""Forming a Polynomial from Transformed Zeroes"" used by 1 served rows",Coefficient–root Relations,agent mapping,
(label),,polynomials,,concept-label-mapping,"label ""Graph of Polynomial"" used by 1 served rows",Graph & Type of Polynomial,agent mapping,
(label),,polynomials,,concept-label-mapping,"label ""Quadratic from Zeroes"" used by 1 served rows",Coefficient–root Relations,agent mapping,
(label),,polynomials,,concept-label-mapping,"label ""Quadratic from Transformed Zeroes"" used by 1 served rows",Coefficient–root Relations,agent mapping,
(label),,polynomials,,concept-label-mapping,"label ""Real-world Quadratic — Parabolic Path"" used by 1 served rows",Coefficient–root Relations,agent mapping,
(label),,polynomials,,concept-label-mapping,"label ""Factor from Polynomial Graph"" used by 1 served rows",Graph & Type of Polynomial,agent mapping,
(label),,polynomials,,concept-label-mapping,"label ""Sum/Product of Zeroes Identities"" used by 1 served rows",Coefficient–root Relations,agent mapping,
(label),,polynomials,,concept-label-mapping,"label ""Relationship Between Coefficients and Zeros"" used by 1 served rows",Coefficient–root Relations,agent mapping,
(label),,polynomials,,concept-label-mapping,"label ""Zeros & Graph Behaviour"" used by 1 served rows",Graph & Type of Polynomial,agent mapping,
(label),,polynomials,,concept-label-mapping,"label ""Zeroes & Graph link"" used by 1 served rows",Graph & Type of Polynomial,agent mapping,
(label),,probability,,concept-label-mapping,"label ""Single Event Probability"" used by 38 served rows",Single Event Probability,agent mapping,
(label),,probability,,concept-label-mapping,"label ""Classical Probability"" used by 29 served rows",Single Event Probability,agent mapping,
(label),,probability,,concept-label-mapping,"label ""Combined/Word Problem Probability"" used by 20 served rows",Combined/Word Problem Probability,agent mapping,
(label),,probability,,concept-label-mapping,"label ""Complementary Events"" used by 16 served rows",Single Event Probability,agent mapping,
(label),,probability,,concept-label-mapping,"label ""(none)"" used by 10 served rows",UNMAPPABLE: no subtopic label set on these rows (needs per-row assignment),agent mapping,
(label),,probability,,concept-label-mapping,"label ""Basic Probability"" used by 9 served rows",Single Event Probability,agent mapping,
(label),,probability,,concept-label-mapping,"label ""General"" used by 7 served rows",Combined/Word Problem Probability,agent mapping,
(label),,probability,,concept-label-mapping,"label ""Impossible and Sure Events"" used by 6 served rows",Single Event Probability,agent mapping,
(label),,probability,,concept-label-mapping,"label ""Two Dice"" used by 5 served rows",Combined/Word Problem Probability,agent mapping,
(label),,probability,,concept-label-mapping,"label ""Range of Probability"" used by 4 served rows",Single Event Probability,agent mapping,
(label),,probability,,concept-label-mapping,"label ""Playing Cards"" used by 4 served rows",Single Event Probability,agent mapping,
(label),,probability,,concept-label-mapping,"label ""Probability with a Deck of Cards"" used by 4 served rows",Single Event Probability,agent mapping,
(label),,probability,,concept-label-mapping,"label ""Card Probability"" used by 4 served rows",Single Event Probability,agent mapping,
(label),,probability,,concept-label-mapping,"label ""Ball Probability"" used by 4 served rows",Combined/Word Problem Probability,agent mapping,
(label),,probability,,concept-label-mapping,"label ""Dice Probability"" used by 4 served rows",Combined/Word Problem Probability,agent mapping,
(label),,probability,,concept-label-mapping,"label ""Coloured Balls"" used by 3 served rows",Single Event Probability,agent mapping,
(label),,probability,,concept-label-mapping,"label ""Coins"" used by 3 served rows",Single Event Probability,agent mapping,
(label),,probability,,concept-label-mapping,"label ""Probability of Single Events (Area Model)"" used by 3 served rows",Single Event Probability,agent mapping,
(label),,probability,,concept-label-mapping,"label ""Complement of an Event"" used by 3 served rows",Single Event Probability,agent mapping,
(label),,probability,,concept-label-mapping,"label ""Probability from Number Cards"" used by 3 served rows",Single Event Probability,agent mapping,
(label),,probability,,concept-label-mapping,"label ""Coin Tossing"" used by 3 served rows",Combined/Word Problem Probability,agent mapping,
(label),,probability,,concept-label-mapping,"label ""Single Die"" used by 2 served rows",Single Event Probability,agent mapping,
(label),,probability,,concept-label-mapping,"label ""Sure and Impossible Events"" used by 2 served rows",Single Event Probability,agent mapping,
(label),,probability,,concept-label-mapping,"label ""Defective Items"" used by 2 served rows",Single Event Probability,agent mapping,
(label),,probability,,concept-label-mapping,"label ""Numbered Tickets"" used by 2 served rows",Single Event Probability,agent mapping,
(label),,probability,,concept-label-mapping,"label ""Word Problem"" used by 2 served rows",Combined/Word Problem Probability,agent mapping,
(label),,probability,,concept-label-mapping,"label ""Probability of an Event and its Complement"" used by 2 served rows",Single Event Probability,agent mapping,
(label),,probability,,concept-label-mapping,"label ""Probability of Single Events (Sample Space)"" used by 2 served rows",Single Event Probability,agent mapping,
(label),,probability,,concept-label-mapping,"label ""Probability from a Frequency Distribution"" used by 2 served rows",Combined/Word Problem Probability,agent mapping,
(label),,probability,,concept-label-mapping,"label ""Probability and Complement"" used by 2 served rows",Single Event Probability,agent mapping,
(label),,probability,,concept-label-mapping,"label ""Single event"" used by 2 served rows",Single Event Probability,agent mapping,
(label),,probability,,concept-label-mapping,"label ""Two Coins"" used by 1 served rows",Combined/Word Problem Probability,agent mapping,
(label),,probability,,concept-label-mapping,"label ""Marbles"" used by 1 served rows",Single Event Probability,agent mapping,
(label),,probability,,concept-label-mapping,"label ""Numbered Discs"" used by 1 served rows",Single Event Probability,agent mapping,
(label),,probability,,concept-label-mapping,"label ""Birthdays"" used by 1 served rows",Combined/Word Problem Probability,agent mapping,
(label),,probability,,concept-label-mapping,"label ""Calendar Probability"" used by 1 served rows",Combined/Word Problem Probability,agent mapping,
(label),,probability,,concept-label-mapping,"label ""Empirical Counts"" used by 1 served rows",Single Event Probability,agent mapping,
(label),,probability,,concept-label-mapping,"label ""Equally Likely Outcomes"" used by 1 served rows",Single Event Probability,agent mapping,
(label),,probability,,concept-label-mapping,"label ""Modified Deck"" used by 1 served rows",Single Event Probability,agent mapping,
(label),,probability,,concept-label-mapping,"label ""Numbered Cards"" used by 1 served rows",Single Event Probability,agent mapping,
(label),,probability,,concept-label-mapping,"label ""Probability of Single Events (Two-Way Table)"" used by 1 served rows",Combined/Word Problem Probability,agent mapping,
(label),,probability,,concept-label-mapping,"label ""Geometric Probability"" used by 1 served rows",Single Event Probability,agent mapping,
(label),,probability,,concept-label-mapping,"label ""Probability with Playing Cards"" used by 1 served rows",Single Event Probability,agent mapping,
(label),,probability,,concept-label-mapping,"label ""Range of Probability Values"" used by 1 served rows",Single Event Probability,agent mapping,
(label),,probability,,concept-label-mapping,"label ""Probability of an Event in Simple Problems"" used by 1 served rows",Single Event Probability,agent mapping,
(label),,probability,,concept-label-mapping,"label ""Tossing Coins"" used by 1 served rows",Combined/Word Problem Probability,agent mapping,
(label),,probability,,concept-label-mapping,"label ""Coin and Die Combined"" used by 1 served rows",Combined/Word Problem Probability,agent mapping,
(label),,probability,,concept-label-mapping,"label ""Probability as a Fraction in Lowest Terms"" used by 1 served rows",Single Event Probability,agent mapping,
(label),,probability,,concept-label-mapping,"label ""Probability in a Game (Spinner)"" used by 1 served rows",Single Event Probability,agent mapping,
(label),,probability,,concept-label-mapping,"label ""Probability in a Game (Die)"" used by 1 served rows",Single Event Probability,agent mapping,
(label),,probability,,concept-label-mapping,"label ""Probability of Simple Events"" used by 1 served rows",Single Event Probability,agent mapping,
(label),,probability,,concept-label-mapping,"label ""Probability and Equations"" used by 1 served rows",Combined/Word Problem Probability,agent mapping,
(label),,probability,,concept-label-mapping,"label ""Simple Probability"" used by 1 served rows",Single Event Probability,agent mapping,
(label),,probability,,concept-label-mapping,"label ""Probability of Compound Events"" used by 1 served rows",Combined/Word Problem Probability,agent mapping,
(label),,probability,,concept-label-mapping,"label ""Simple Events / Equally Likely Outcomes"" used by 1 served rows",Single Event Probability,agent mapping,
(label),,probability,,concept-label-mapping,"label ""Theoretical Probability"" used by 1 served rows",Single Event Probability,agent mapping,
(label),,probability,,concept-label-mapping,"label ""Compound Events — Dice"" used by 1 served rows",Combined/Word Problem Probability,agent mapping,
(label),,probability,,concept-label-mapping,"label ""Probability — Deck of Cards"" used by 1 served rows",Single Event Probability,agent mapping,
(label),,probability,,concept-label-mapping,"label ""Probability — Marbles"" used by 1 served rows",Combined/Word Problem Probability,agent mapping,
(label),,probability,,concept-label-mapping,"label ""Probability — Weighted Dartboard"" used by 1 served rows",Combined/Word Problem Probability,agent mapping,
(label),,probability,,concept-label-mapping,"label ""Probability"" used by 1 served rows",Single Event Probability,agent mapping,
(label),,probability,,concept-label-mapping,"label ""Probability Axioms"" used by 1 served rows",Single Event Probability,agent mapping,
(label),,probability,,concept-label-mapping,"label ""Classical Probability Applications"" used by 1 served rows",Combined/Word Problem Probability,agent mapping,
(label),,probability,,concept-label-mapping,"label ""Probability axioms"" used by 1 served rows",Single Event Probability,agent mapping,
(label),,probability,,concept-label-mapping,"label ""Combined events"" used by 1 served rows",Combined/Word Problem Probability,agent mapping,
(label),,quadratic-equations,,concept-label-mapping,"label ""Applications of Quadratic Equations"" used by 60 served rows",Word/Application Problems,agent mapping,
(label),,quadratic-equations,,concept-label-mapping,"label ""Word Problems on Quadratic Equations"" used by 35 served rows",Word/Application Problems,agent mapping,
(label),,quadratic-equations,,concept-label-mapping,"label ""Word Problems"" used by 32 served rows",Word/Application Problems,agent mapping,
(label),,quadratic-equations,,concept-label-mapping,"label ""Nature of Roots (Discriminant)"" used by 27 served rows",Nature of Roots (Discriminant),agent mapping,
(label),,quadratic-equations,,concept-label-mapping,"label ""Algebraic Solution"" used by 26 served rows",Algebraic Solution,agent mapping,
(label),,quadratic-equations,,concept-label-mapping,"label ""Discriminant and Nature of Roots"" used by 26 served rows",Nature of Roots (Discriminant),agent mapping,
(label),,quadratic-equations,,concept-label-mapping,"label ""Nature of Roots"" used by 22 served rows",Nature of Roots (Discriminant),agent mapping,
(label),,quadratic-equations,,concept-label-mapping,"label ""Word/Application Problems"" used by 17 served rows",Word/Application Problems,agent mapping,
(label),,quadratic-equations,,concept-label-mapping,"label ""Quadratic Formula"" used by 15 served rows",Algebraic Solution,agent mapping,
(label),,quadratic-equations,,concept-label-mapping,"label ""(none)"" used by 10 served rows",UNMAPPABLE: missing label; relabel per row,agent mapping,
(label),,quadratic-equations,,concept-label-mapping,"label ""Factorisation Method"" used by 8 served rows",Algebraic Solution,agent mapping,
(label),,quadratic-equations,,concept-label-mapping,"label ""Factorisation"" used by 8 served rows",Algebraic Solution,agent mapping,
(label),,quadratic-equations,,concept-label-mapping,"label ""Discriminant"" used by 7 served rows",Nature of Roots (Discriminant),agent mapping,
(label),,quadratic-equations,,concept-label-mapping,"label ""General"" used by 7 served rows",UNMAPPABLE: placeholder label on PYQ rows covering solving/discriminant/word problems; relabel per row,agent mapping,
(label),,quadratic-equations,,concept-label-mapping,"label ""Standard Form"" used by 6 served rows","UNMAPPABLE: identifying/reducing to standard form ax^2+bx+c=0 (propose concept ""Standard Form & Forming Quadratic Equations"")",agent mapping,
(label),,quadratic-equations,,concept-label-mapping,"label ""Assertion-Reasoning"" used by 5 served rows","UNMAPPABLE: format label, not a concept (rows are discriminant/factorisation items; relabel by content)",agent mapping,
(label),,quadratic-equations,,concept-label-mapping,"label ""Roots of a Quadratic Equation"" used by 4 served rows",Algebraic Solution,agent mapping,
(label),,quadratic-equations,,concept-label-mapping,"label ""Roots by Factorisation"" used by 3 served rows",Algebraic Solution,agent mapping,
(label),,quadratic-equations,,concept-label-mapping,"label ""Sum and Product of Roots"" used by 2 served rows",OTHER-CHAPTER: polynomials (zeroes-coefficient relation),agent mapping,
(label),,quadratic-equations,,concept-label-mapping,"label ""Quadratic Equations (Speed-Distance-Time Problems)"" used by 2 served rows",Word/Application Problems,agent mapping,
(label),,quadratic-equations,,concept-label-mapping,"label ""Nature of Roots — Discriminant"" used by 2 served rows",Nature of Roots (Discriminant),agent mapping,
(label),,quadratic-equations,,concept-label-mapping,"label ""Real-Life Quadratic Problems"" used by 2 served rows",Word/Application Problems,agent mapping,
(label),,quadratic-equations,,concept-label-mapping,"label ""Word Problem — Speed/Distance/Time"" used by 2 served rows",Word/Application Problems,agent mapping,
(label),,quadratic-equations,,concept-label-mapping,"label ""Word problems"" used by 2 served rows",Word/Application Problems,agent mapping,
(label),,quadratic-equations,,concept-label-mapping,"label ""Roots by Formula"" used by 1 served rows",Algebraic Solution,agent mapping,
(label),,quadratic-equations,,concept-label-mapping,"label ""Problem Solving"" used by 1 served rows",Word/Application Problems,agent mapping,
(label),,quadratic-equations,,concept-label-mapping,"label ""Solution by Factorisation"" used by 1 served rows",Algebraic Solution,agent mapping,
(label),,quadratic-equations,,concept-label-mapping,"label ""Quadratic Functions (Maximum/Break-even Applications)"" used by 1 served rows",OUT: optimisation/vertex of a quadratic function is beyond Class 10 2026-27 QE,agent mapping,
(label),,quadratic-equations,,concept-label-mapping,"label ""Quadratic Functions (Projectile Height / Maximum)"" used by 1 served rows",OUT: optimisation/vertex of a quadratic function is beyond Class 10 2026-27 QE,agent mapping,
(label),,quadratic-equations,,concept-label-mapping,"label ""Quadratic Functions (Maximum Profit Applications)"" used by 1 served rows",OUT: optimisation/vertex of a quadratic function is beyond Class 10 2026-27 QE,agent mapping,
(label),,quadratic-equations,,concept-label-mapping,"label ""Quadratic Functions (Projectile Height Applications)"" used by 1 served rows",Word/Application Problems,agent mapping,
(label),,quadratic-equations,,concept-label-mapping,"label ""Quadratic Functions (Maximum Area Applications)"" used by 1 served rows",OUT: optimisation/vertex of a quadratic function is beyond Class 10 2026-27 QE,agent mapping,
(label),,quadratic-equations,,concept-label-mapping,"label ""Quadratic Functions (Maximum Area with Partitions)"" used by 1 served rows",OUT: optimisation/vertex of a quadratic function is beyond Class 10 2026-27 QE,agent mapping,
(label),,quadratic-equations,,concept-label-mapping,"label ""Quadratic Equations (Area Word Problems)"" used by 1 served rows",Word/Application Problems,agent mapping,
(label),,quadratic-equations,,concept-label-mapping,"label ""Quadratic Equations (Area / Box Word Problems)"" used by 1 served rows",Word/Application Problems,agent mapping,
(label),,quadratic-equations,,concept-label-mapping,"label ""Forming Quadratic Equations"" used by 1 served rows",Word/Application Problems,agent mapping,
(label),,quadratic-equations,,concept-label-mapping,"label ""Word Problems Reducible to Quadratics"" used by 1 served rows",Word/Application Problems,agent mapping,
(label),,quadratic-equations,,concept-label-mapping,"label ""Solving a Quadratic Equation"" used by 1 served rows",Algebraic Solution,agent mapping,
(label),,quadratic-equations,,concept-label-mapping,"label ""Roots of Quadratic"" used by 1 served rows",Algebraic Solution,agent mapping,
(label),,quadratic-equations,,concept-label-mapping,"label ""Discriminant — Real Roots Condition"" used by 1 served rows",Nature of Roots (Discriminant),agent mapping,
(label),,quadratic-equations,,concept-label-mapping,"label ""Word Problem — Sales/Price"" used by 1 served rows",Word/Application Problems,agent mapping,
(label),,quadratic-equations,,concept-label-mapping,"label ""Word Problem — Geometric Area"" used by 1 served rows",Word/Application Problems,agent mapping,
(label),,quadratic-equations,,concept-label-mapping,"label ""Quadratic Equations"" used by 1 served rows",UNMAPPABLE: chapter-name placeholder; relabel per row,agent mapping,
(label),,quadratic-equations,,concept-label-mapping,"label ""Forming Equations"" used by 1 served rows","UNMAPPABLE: forming a quadratic from given roots/situation (propose concept ""Standard Form & Forming Quadratic Equations"")",agent mapping,
(label),,quadratic-equations,,concept-label-mapping,"label ""Roots sum & product"" used by 1 served rows",OTHER-CHAPTER: polynomials (zeroes-coefficient relation),agent mapping,
(label),,quadratic-equations,,concept-label-mapping,"label ""Coefficient–root Relations"" used by 1 served rows",OTHER-CHAPTER: polynomials (zeroes-coefficient relation),agent mapping,
(label),,quadratic-equations,,concept-label-mapping,"label ""Algebraic solution"" used by 1 served rows",Algebraic Solution,agent mapping,
(label),,real-numbers,,concept-label-mapping,"label ""Fundamental Theorem of Arithmetic"" used by 53 served rows",Fundamental Theorem of Arithmetic,agent mapping,
(label),,real-numbers,,concept-label-mapping,"label ""HCF and LCM"" used by 47 served rows",Fundamental Theorem of Arithmetic,agent mapping,
(label),,real-numbers,,concept-label-mapping,"label ""Irrationality Proofs"" used by 37 served rows",Irrationality Proofs,agent mapping,
(label),,real-numbers,,concept-label-mapping,"label ""HCF and LCM by Prime Factorisation"" used by 18 served rows",Fundamental Theorem of Arithmetic,agent mapping,
(label),,real-numbers,,concept-label-mapping,"label ""Irrational Numbers"" used by 14 served rows",Irrationality Proofs,agent mapping,
(label),,real-numbers,,concept-label-mapping,"label ""HCF and LCM (Applications)"" used by 10 served rows",Fundamental Theorem of Arithmetic,agent mapping,
(label),,real-numbers,,concept-label-mapping,"label ""Irrationality Proof"" used by 10 served rows",Irrationality Proofs,agent mapping,
(label),,real-numbers,,concept-label-mapping,"label ""(none)"" used by 9 served rows",UNMAPPABLE: unlabelled rows - assign per row (FTA/HCF-LCM or Irrationality),agent mapping,
(label),,real-numbers,,concept-label-mapping,"label ""Real-World HCF and LCM Application"" used by 7 served rows",Fundamental Theorem of Arithmetic,agent mapping,
(label),,real-numbers,,concept-label-mapping,"label ""HCF in Real-Life Context"" used by 7 served rows",Fundamental Theorem of Arithmetic,agent mapping,
(label),,real-numbers,,concept-label-mapping,"label ""Prime Factorisation"" used by 3 served rows",Fundamental Theorem of Arithmetic,agent mapping,
(label),,real-numbers,,concept-label-mapping,"label ""LCM in Real-Life Context"" used by 3 served rows",Fundamental Theorem of Arithmetic,agent mapping,
(label),,real-numbers,,concept-label-mapping,"label ""LCM"" used by 3 served rows",Fundamental Theorem of Arithmetic,agent mapping,
(label),,real-numbers,,concept-label-mapping,"label ""Assertion-Reasoning"" used by 2 served rows","UNMAPPABLE: format name, not a concept - rows are HCF (FTA) and irrationality; relabel per row",agent mapping,
(label),,real-numbers,,concept-label-mapping,"label ""HCF and LCM via Prime Factorisation"" used by 2 served rows",Fundamental Theorem of Arithmetic,agent mapping,
(label),,real-numbers,,concept-label-mapping,"label ""Divisibility"" used by 2 served rows",Fundamental Theorem of Arithmetic,agent mapping,
(label),,real-numbers,,concept-label-mapping,"label ""Irrational Numbers — Proof by Contradiction"" used by 1 served rows",Irrationality Proofs,agent mapping,
(label),,real-numbers,,concept-label-mapping,"label ""HCF Application — Real-World Grouping"" used by 1 served rows",Fundamental Theorem of Arithmetic,agent mapping,
(label),,real-numbers,,concept-label-mapping,"label ""Prime Factorisation (Fundamental Theorem of Arithmetic)"" used by 1 served rows",Fundamental Theorem of Arithmetic,agent mapping,
(label),,real-numbers,,concept-label-mapping,"label ""Prime Factorisation — Sum of Exponents"" used by 1 served rows",Fundamental Theorem of Arithmetic,agent mapping,
(label),,real-numbers,,concept-label-mapping,"label ""HCF Remainder in Real-Life Context"" used by 1 served rows",Fundamental Theorem of Arithmetic,agent mapping,
(label),,real-numbers,,concept-label-mapping,"label ""Properties of Prime and Composite Numbers"" used by 1 served rows",Fundamental Theorem of Arithmetic,agent mapping,
(label),,real-numbers,,concept-label-mapping,"label ""Factors and Divisibility"" used by 1 served rows",Fundamental Theorem of Arithmetic,agent mapping,
(label),,real-numbers,,concept-label-mapping,"label ""HCF and LCM Relationship"" used by 1 served rows",Fundamental Theorem of Arithmetic,agent mapping,
(label),,real-numbers,,concept-label-mapping,"label ""Irrational Numbers (Proof by Contradiction)"" used by 1 served rows",Irrationality Proofs,agent mapping,
(label),,real-numbers,,concept-label-mapping,"label ""Properties of Integers / Primes"" used by 1 served rows",Fundamental Theorem of Arithmetic,agent mapping,
(label),,real-numbers,,concept-label-mapping,"label ""HCF of Numbers"" used by 1 served rows",Fundamental Theorem of Arithmetic,agent mapping,
(label),,real-numbers,,concept-label-mapping,"label ""Properties of Integers / Divisibility"" used by 1 served rows",Fundamental Theorem of Arithmetic,agent mapping,
(label),,real-numbers,,concept-label-mapping,"label ""HCF and LCM Applications"" used by 1 served rows",Fundamental Theorem of Arithmetic,agent mapping,
(label),,real-numbers,,concept-label-mapping,"label ""HCF Application — Word Problem"" used by 1 served rows",Fundamental Theorem of Arithmetic,agent mapping,
(label),,real-numbers,,concept-label-mapping,"label ""Prime Numbers and Irrationality"" used by 1 served rows",Irrationality Proofs,agent mapping,
(label),,real-numbers,,concept-label-mapping,"label ""HCF — Word Problem"" used by 1 served rows",Fundamental Theorem of Arithmetic,agent mapping,
(label),,real-numbers,,concept-label-mapping,"label ""LCM via Prime Factorisation"" used by 1 served rows",Fundamental Theorem of Arithmetic,agent mapping,
(label),,real-numbers,,concept-label-mapping,"label ""HCF & LCM Applications"" used by 1 served rows",Fundamental Theorem of Arithmetic,agent mapping,
(label),,real-numbers,,concept-label-mapping,"label ""Irrational Numbers Proofs"" used by 1 served rows",Irrationality Proofs,agent mapping,
(label),,statistics,,concept-label-mapping,"label ""Median of Grouped Data"" used by 39 served rows",Median of Grouped Data,agent mapping,
(label),,statistics,,concept-label-mapping,"label ""Mode of Grouped Data"" used by 32 served rows",Mode of Grouped Data,agent mapping,
(label),,statistics,,concept-label-mapping,"label ""Mean of Grouped Data"" used by 26 served rows",Mean (Step Deviation),agent mapping,
(label),,statistics,,concept-label-mapping,"label ""Mean (Step Deviation)"" used by 25 served rows",Mean (Step Deviation),agent mapping,
(label),,statistics,,concept-label-mapping,"label ""Median"" used by 10 served rows",Median of Grouped Data,agent mapping,
(label),,statistics,,concept-label-mapping,"label ""(none)"" used by 10 served rows",UNMAPPABLE: generic/no label; rows need per-concept labels,agent mapping,
(label),,statistics,,concept-label-mapping,"label ""Mean"" used by 7 served rows",Mean (Step Deviation),agent mapping,
(label),,statistics,,concept-label-mapping,"label ""Mode"" used by 7 served rows",Mode of Grouped Data,agent mapping,
(label),,statistics,,concept-label-mapping,"label ""Mean, Median and Mode of Grouped Data (Applications)"" used by 5 served rows","UNMAPPABLE: spans mean/median/mode; propose ""Mean, Median & Mode — Combined Applications""",agent mapping,
(label),,statistics,,concept-label-mapping,"label ""Median and Mode of Grouped Data"" used by 3 served rows",Median of Grouped Data,agent mapping,
(label),,statistics,,concept-label-mapping,"label ""Mean, Median, Mode"" used by 2 served rows","UNMAPPABLE: spans mean/median/mode; propose ""Mean, Median & Mode — Combined Applications""",agent mapping,
(label),,statistics,,concept-label-mapping,"label ""Empirical Relationship"" used by 2 served rows","UNMAPPABLE: empirical relation is in-syllabus but not in concept list; propose ""Empirical Relation (Mean–Median–Mode)""",agent mapping,
(label),,statistics,,concept-label-mapping,"label ""Mean Mode Median Comparison"" used by 2 served rows","UNMAPPABLE: spans mean/median/mode; propose ""Mean, Median & Mode — Combined Applications""",agent mapping,
(label),,statistics,,concept-label-mapping,"label ""Mean (Inclusive Classes)"" used by 2 served rows",Mean (Step Deviation),agent mapping,
(label),,statistics,,concept-label-mapping,"label ""Frequency from Cumulative (less-than)"" used by 2 served rows",Median of Grouped Data,agent mapping,
(label),,statistics,,concept-label-mapping,"label ""Median of Grouped Data (from Cumulative Frequencies)"" used by 2 served rows",Median of Grouped Data,agent mapping,
(label),,statistics,,concept-label-mapping,"label ""Empirical Relation between Mean, Median and Mode"" used by 2 served rows","UNMAPPABLE: empirical relation is in-syllabus but not in concept list; propose ""Empirical Relation (Mean–Median–Mode)""",agent mapping,
(label),,statistics,,concept-label-mapping,"label ""General"" used by 2 served rows",UNMAPPABLE: generic/no label; rows need per-concept labels,agent mapping,
(label),,statistics,,concept-label-mapping,"label ""Statistics"" used by 2 served rows",UNMAPPABLE: generic/no label; rows need per-concept labels,agent mapping,
(label),,statistics,,concept-label-mapping,"label ""Class Mark"" used by 1 served rows",Mean (Step Deviation),agent mapping,
(label),,statistics,,concept-label-mapping,"label ""Cumulative Frequency"" used by 1 served rows",Median of Grouped Data,agent mapping,
(label),,statistics,,concept-label-mapping,"label ""Step-Deviation Variable"" used by 1 served rows",Mean (Step Deviation),agent mapping,
(label),,statistics,,concept-label-mapping,"label ""Sum of Lower Limits"" used by 1 served rows",Median of Grouped Data,agent mapping,
(label),,statistics,,concept-label-mapping,"label ""Modal Class"" used by 1 served rows",Mode of Grouped Data,agent mapping,
(label),,statistics,,concept-label-mapping,"label ""Class Frequency from Cumulative"" used by 1 served rows",Median of Grouped Data,agent mapping,
(label),,statistics,,concept-label-mapping,"label ""Sum of fᵢ(xᵢ − x̄)"" used by 1 served rows",Mean (Step Deviation),agent mapping,
(label),,statistics,,concept-label-mapping,"label ""Number of Families Range"" used by 1 served rows",Median of Grouped Data,agent mapping,
(label),,statistics,,concept-label-mapping,"label ""Grouped vs Ungrouped Mean"" used by 1 served rows",Mean (Step Deviation),agent mapping,
(label),,statistics,,concept-label-mapping,"label ""Median Class & Modal Class"" used by 1 served rows",Median of Grouped Data,agent mapping,
(label),,statistics,,concept-label-mapping,"label ""Assumed Mean Choice"" used by 1 served rows",Mean (Step Deviation),agent mapping,
(label),,statistics,,concept-label-mapping,"label ""Mean (Continuous Conversion)"" used by 1 served rows",Mean (Step Deviation),agent mapping,
(label),,statistics,,concept-label-mapping,"label ""Assumed Mean Deviations"" used by 1 served rows",Mean (Step Deviation),agent mapping,
(label),,statistics,,concept-label-mapping,"label ""Grouped Mean Assumption"" used by 1 served rows",Mean (Step Deviation),agent mapping,
(label),,statistics,,concept-label-mapping,"label ""Median Class (Inclusive Classes)"" used by 1 served rows",Median of Grouped Data,agent mapping,
(label),,statistics,,concept-label-mapping,"label ""Median and Modal Class"" used by 1 served rows",Median of Grouped Data,agent mapping,
(label),,statistics,,concept-label-mapping,"label ""Cumulative Count"" used by 1 served rows",Median of Grouped Data,agent mapping,
(label),,statistics,,concept-label-mapping,"label ""Median: Grouped vs Ungrouped"" used by 1 served rows",Median of Grouped Data,agent mapping,
(label),,statistics,,concept-label-mapping,"label ""Mean and Interpretation"" used by 1 served rows",Mean (Step Deviation),agent mapping,
(label),,statistics,,concept-label-mapping,"label ""Frequency from Cumulative (more-than)"" used by 1 served rows",Median of Grouped Data,agent mapping,
(label),,statistics,,concept-label-mapping,"label ""Unknown Cumulative Frequencies"" used by 1 served rows",Median of Grouped Data,agent mapping,
(label),,statistics,,concept-label-mapping,"label ""Modal Class from Cumulative Frequency Distribution"" used by 1 served rows",Mode of Grouped Data,agent mapping,
(label),,statistics,,concept-label-mapping,"label ""Mean of Grouped Data — Assumed Mean Method"" used by 1 served rows",Mean (Step Deviation),agent mapping,
(label),,statistics,,concept-label-mapping,"label ""Median and Mode of Grouped Data with Unknown Frequencies"" used by 1 served rows",Median of Grouped Data,agent mapping,
(label),,statistics,,concept-label-mapping,"label ""Modal Class / Highest Frequency"" used by 1 served rows",Mode of Grouped Data,agent mapping,
(label),,statistics,,concept-label-mapping,"label ""Modal Class of Grouped Data"" used by 1 served rows",Mode of Grouped Data,agent mapping,
(label),,statistics,,concept-label-mapping,"label ""Mean of Grouped Data (Direct Method)"" used by 1 served rows",Mean (Step Deviation),agent mapping,
(label),,statistics,,concept-label-mapping,"label ""Mean of Ungrouped Observations"" used by 1 served rows","UNMAPPABLE: ungrouped mean (prerequisite); propose ""Mean of Ungrouped Data""",agent mapping,
(label),,statistics,,concept-label-mapping,"label ""Mean of a Frequency Distribution (Missing Frequencies)"" used by 1 served rows",Mean (Step Deviation),agent mapping,
(label),,statistics,,concept-label-mapping,"label ""Empirical Relationship Between Mean, Median and Mode"" used by 1 served rows","UNMAPPABLE: empirical relation is in-syllabus but not in concept list; propose ""Empirical Relation (Mean–Median–Mode)""",agent mapping,
(label),,statistics,,concept-label-mapping,"label ""Effect of Change of Origin on Median"" used by 1 served rows",Median of Grouped Data,agent mapping,
(label),,statistics,,concept-label-mapping,"label ""Median of Grouped Data (Missing Frequencies)"" used by 1 served rows",Median of Grouped Data,agent mapping,
(label),,statistics,,concept-label-mapping,"label ""Empirical Relation (Mean, Median, Mode)"" used by 1 served rows","UNMAPPABLE: empirical relation is in-syllabus but not in concept list; propose ""Empirical Relation (Mean–Median–Mode)""",agent mapping,
(label),,statistics,,concept-label-mapping,"label ""Effect of Correcting an Observation on Mean & Median"" used by 1 served rows",Mean (Step Deviation),agent mapping,
(label),,statistics,,concept-label-mapping,"label ""Modal Class — Grouped Data"" used by 1 served rows",Mode of Grouped Data,agent mapping,
(label),,statistics,,concept-label-mapping,"label ""Mean–Median–Mode Relation"" used by 1 served rows","UNMAPPABLE: empirical relation is in-syllabus but not in concept list; propose ""Empirical Relation (Mean–Median–Mode)""",agent mapping,
(label),,statistics,,concept-label-mapping,"label ""Median and Class Frequencies"" used by 1 served rows",Median of Grouped Data,agent mapping,
(label),,statistics,,concept-label-mapping,"label ""Mode from Symmetric Grouped Frequency"" used by 1 served rows",Mode of Grouped Data,agent mapping,
(label),,statistics,,concept-label-mapping,"label ""Median — Finding Missing Frequency"" used by 1 served rows",Median of Grouped Data,agent mapping,
(label),,statistics,,concept-label-mapping,"label ""Mean of Grouped Data — Two Groups Comparison"" used by 1 served rows",Mean (Step Deviation),agent mapping,
(label),,statistics,,concept-label-mapping,"label ""Mean/Median/Mode"" used by 1 served rows","UNMAPPABLE: spans mean/median/mode; propose ""Mean, Median & Mode — Combined Applications""",agent mapping,
(label),,statistics,,concept-label-mapping,"label ""Mode (Grouped Data)"" used by 1 served rows",Mode of Grouped Data,agent mapping,
(label),,statistics,,concept-label-mapping,"label ""Mean/Median/Mode basics"" used by 1 served rows","UNMAPPABLE: spans mean/median/mode; propose ""Mean, Median & Mode — Combined Applications""",agent mapping,
(label),,statistics,,concept-label-mapping,"label ""Median of grouped data"" used by 1 served rows",Median of Grouped Data,agent mapping,
(label),,statistics,,concept-label-mapping,"label ""Mode (grouped)"" used by 1 served rows",Mode of Grouped Data,agent mapping,
(label),,statistics,,concept-label-mapping,"label ""Mean, Median, Mode of Grouped Data"" used by 1 served rows","UNMAPPABLE: spans mean/median/mode; propose ""Mean, Median & Mode — Combined Applications""",agent mapping,
(label),,surface-areas-and-volumes,,concept-label-mapping,"label ""Cylinder/Cone/Sphere"" used by 34 served rows",Cylinder/Cone/Sphere,agent mapping,
(label),,surface-areas-and-volumes,,concept-label-mapping,"label ""Combination/Transformation"" used by 24 served rows",Combination of Solids,agent mapping,
(label),,surface-areas-and-volumes,,concept-label-mapping,"label ""Combination of Solids"" used by 24 served rows",Combination of Solids,agent mapping,
(label),,surface-areas-and-volumes,,concept-label-mapping,"label ""Combined Solids"" used by 18 served rows",Combination of Solids,agent mapping,
(label),,surface-areas-and-volumes,,concept-label-mapping,"label ""Surface Area of Combined Solids"" used by 10 served rows",Combination of Solids,agent mapping,
(label),,surface-areas-and-volumes,,concept-label-mapping,"label ""Surface Area of Solids"" used by 9 served rows",Combination of Solids,agent mapping,
(label),,surface-areas-and-volumes,,concept-label-mapping,"label ""(none)"" used by 9 served rows",UNMAPPABLE: missing subtopic label — assign per row,agent mapping,
(label),,surface-areas-and-volumes,,concept-label-mapping,"label ""Volume of Combined Solids"" used by 7 served rows",Combination of Solids,agent mapping,
(label),,surface-areas-and-volumes,,concept-label-mapping,"label ""Total Surface Area"" used by 2 served rows",Cylinder/Cone/Sphere,agent mapping,
(label),,surface-areas-and-volumes,,concept-label-mapping,"label ""Volume of a Cylinder"" used by 2 served rows",Cylinder/Cone/Sphere,agent mapping,
(label),,surface-areas-and-volumes,,concept-label-mapping,"label ""General"" used by 2 served rows",Cylinder/Cone/Sphere,agent mapping,
(label),,surface-areas-and-volumes,,concept-label-mapping,"label ""Volume of Solids"" used by 2 served rows",Combination of Solids,agent mapping,
(label),,surface-areas-and-volumes,,concept-label-mapping,"label ""Curved Surface Area"" used by 1 served rows",Cylinder/Cone/Sphere,agent mapping,
(label),,surface-areas-and-volumes,,concept-label-mapping,"label ""Packing / Number of Spheres"" used by 1 served rows",Combination of Solids,agent mapping,
(label),,surface-areas-and-volumes,,concept-label-mapping,"label ""Number of Bricks"" used by 1 served rows","UNMAPPABLE: cube/cuboid-only volume — propose ""Cube/Cuboid Volume & Capacity""",agent mapping,
(label),,surface-areas-and-volumes,,concept-label-mapping,"label ""Cross-Section of a Cone"" used by 1 served rows",Cylinder/Cone/Sphere,agent mapping,
(label),,surface-areas-and-volumes,,concept-label-mapping,"label ""Ratio of Surface Areas of Spheres"" used by 1 served rows",Cylinder/Cone/Sphere,agent mapping,
(label),,surface-areas-and-volumes,,concept-label-mapping,"label ""Sphere Inscribed in a Cube"" used by 1 served rows",Combination of Solids,agent mapping,
(label),,surface-areas-and-volumes,,concept-label-mapping,"label ""Displacement of Water"" used by 1 served rows",Combination of Solids,agent mapping,
(label),,surface-areas-and-volumes,,concept-label-mapping,"label ""Number of Bricks (Mortar)"" used by 1 served rows","UNMAPPABLE: cube/cuboid-only volume — propose ""Cube/Cuboid Volume & Capacity""",agent mapping,
(label),,surface-areas-and-volumes,,concept-label-mapping,"label ""Water Transfer (Cuboid to Cylinder)"" used by 1 served rows","UNMAPPABLE: volume transfer / rate of flow between containers — propose ""Volume Transfer & Flow""",agent mapping,
(label),,surface-areas-and-volumes,,concept-label-mapping,"label ""Volume of Hollow Box + Weight"" used by 1 served rows","UNMAPPABLE: cube/cuboid-only volume — propose ""Cube/Cuboid Volume & Capacity""",agent mapping,
(label),,surface-areas-and-volumes,,concept-label-mapping,"label ""Volume of Cylinder (Ink Barrel)"" used by 1 served rows",Cylinder/Cone/Sphere,agent mapping,
(label),,surface-areas-and-volumes,,concept-label-mapping,"label ""Rate of Flow (Pipe filling Cone)"" used by 1 served rows","UNMAPPABLE: volume transfer / rate of flow between containers — propose ""Volume Transfer & Flow""",agent mapping,
(label),,surface-areas-and-volumes,,concept-label-mapping,"label ""Curved Surface Area (Cost)"" used by 1 served rows",Cylinder/Cone/Sphere,agent mapping,
(label),,surface-areas-and-volumes,,concept-label-mapping,"label ""Rate of Flow (Pipe filling Pond)"" used by 1 served rows","UNMAPPABLE: volume transfer / rate of flow between containers — propose ""Volume Transfer & Flow""",agent mapping,
(label),,surface-areas-and-volumes,,concept-label-mapping,"label ""Displacement (Rise of Water)"" used by 1 served rows","UNMAPPABLE: volume transfer / rate of flow between containers — propose ""Volume Transfer & Flow""",agent mapping,
(label),,surface-areas-and-volumes,,concept-label-mapping,"label ""Cylinder + Hemispherical Dome"" used by 1 served rows",Combination of Solids,agent mapping,
(label),,surface-areas-and-volumes,,concept-label-mapping,"label ""Hemispherical Bowl to Bottles"" used by 1 served rows","UNMAPPABLE: volume transfer / rate of flow between containers — propose ""Volume Transfer & Flow""",agent mapping,
(label),,surface-areas-and-volumes,,concept-label-mapping,"label ""Water Left after Immersing Cone"" used by 1 served rows",Combination of Solids,agent mapping,
(label),,surface-areas-and-volumes,,concept-label-mapping,"label ""Rate of Flow (Rise of Water)"" used by 1 served rows","UNMAPPABLE: volume transfer / rate of flow between containers — propose ""Volume Transfer & Flow""",agent mapping,
(label),,surface-areas-and-volumes,,concept-label-mapping,"label ""Rainfall from Roof Drainage"" used by 1 served rows","UNMAPPABLE: volume transfer / rate of flow between containers — propose ""Volume Transfer & Flow""",agent mapping,
(label),,surface-areas-and-volumes,,concept-label-mapping,"label ""Combination of a Cone and a Sphere"" used by 1 served rows",Combination of Solids,agent mapping,
(label),,surface-areas-and-volumes,,concept-label-mapping,"label ""Cylinder Volume and Curved Surface with a Sector Cross-Section"" used by 1 served rows",Cylinder/Cone/Sphere,agent mapping,
(label),,surface-areas-and-volumes,,concept-label-mapping,"label ""Surface Area and Volume of a Sphere (Applications)"" used by 1 served rows",Cylinder/Cone/Sphere,agent mapping,
(label),,surface-areas-and-volumes,,concept-label-mapping,"label ""Combination of Solids — Surface Area"" used by 1 served rows",Combination of Solids,agent mapping,
(label),,surface-areas-and-volumes,,concept-label-mapping,"label ""Volume of Combination of Solids — Real-World"" used by 1 served rows",Combination of Solids,agent mapping,
(label),,surface-areas-and-volumes,,concept-label-mapping,"label ""Combination of Solids — Sphere in a Cylinder"" used by 1 served rows",Cylinder/Cone/Sphere,agent mapping,
(label),,surface-areas-and-volumes,,concept-label-mapping,"label ""Ratio of Volumes of Cones"" used by 1 served rows",Cylinder/Cone/Sphere,agent mapping,
(label),,surface-areas-and-volumes,,concept-label-mapping,"label ""Packing Solids — Counting in a Cylinder"" used by 1 served rows",Combination of Solids,agent mapping,
(label),,surface-areas-and-volumes,,concept-label-mapping,"label ""Volume of a Cuboid — Unit Conversion"" used by 1 served rows","UNMAPPABLE: cube/cuboid-only volume — propose ""Cube/Cuboid Volume & Capacity""",agent mapping,
(label),,surface-areas-and-volumes,,concept-label-mapping,"label ""Volume of a Combination of Solids"" used by 1 served rows",Combination of Solids,agent mapping,
(label),,surface-areas-and-volumes,,concept-label-mapping,"label ""Volume of Cylinder with Hemispherical Ends"" used by 1 served rows",Combination of Solids,agent mapping,
(label),,surface-areas-and-volumes,,concept-label-mapping,"label ""Smallest Cuboidal Box Enclosing a Solid"" used by 1 served rows",Combination of Solids,agent mapping,
(label),,surface-areas-and-volumes,,concept-label-mapping,"label ""Volume of a Cylinder — Rate of Filling"" used by 1 served rows",Cylinder/Cone/Sphere,agent mapping,
(label),,surface-areas-and-volumes,,concept-label-mapping,"label ""Volume (Cylinder and Cuboid)"" used by 1 served rows","UNMAPPABLE: volume transfer / rate of flow between containers — propose ""Volume Transfer & Flow""",agent mapping,
(label),,surface-areas-and-volumes,,concept-label-mapping,"label ""Surface Area (Cylinder Surmounted by Cone)"" used by 1 served rows",Combination of Solids,agent mapping,
(label),,surface-areas-and-volumes,,concept-label-mapping,"label ""Volume of a Sphere"" used by 1 served rows",Cylinder/Cone/Sphere,agent mapping,
(label),,surface-areas-and-volumes,,concept-label-mapping,"label ""Diagonal of a Cube Inscribed in a Sphere"" used by 1 served rows",Combination of Solids,agent mapping,
(label),,surface-areas-and-volumes,,concept-label-mapping,"label ""Forming a Cylinder from a Sheet"" used by 1 served rows",Cylinder/Cone/Sphere,agent mapping,
(label),,surface-areas-and-volumes,,concept-label-mapping,"label ""Curved/Lateral Surface Area of a Cylinder"" used by 1 served rows",Cylinder/Cone/Sphere,agent mapping,
(label),,surface-areas-and-volumes,,concept-label-mapping,"label ""Total Surface Area of a Hemisphere"" used by 1 served rows",Cylinder/Cone/Sphere,agent mapping,
(label),,surface-areas-and-volumes,,concept-label-mapping,"label ""Submerged Sphere — Water Level Rise"" used by 1 served rows",Combination of Solids,agent mapping,
(label),,surface-areas-and-volumes,,concept-label-mapping,"label ""Surface Area of Joined Solids"" used by 1 served rows",Combination of Solids,agent mapping,
(label),,surface-areas-and-volumes,,concept-label-mapping,"label ""Volumes of Sphere and Hemisphere"" used by 1 served rows",Combination of Solids,agent mapping,
(label),,surface-areas-and-volumes,,concept-label-mapping,"label ""Cone — Slant Height Angle"" used by 1 served rows",Cylinder/Cone/Sphere,agent mapping,
(label),,surface-areas-and-volumes,,concept-label-mapping,"label ""CSA Ratio — Cylinder and Cone"" used by 1 served rows",Cylinder/Cone/Sphere,agent mapping,
(label),,surface-areas-and-volumes,,concept-label-mapping,"label ""Cylinders from Folded Sheets"" used by 1 served rows",Cylinder/Cone/Sphere,agent mapping,
(label),,surface-areas-and-volumes,,concept-label-mapping,"label ""TSA — Cylinder + Hemisphere Equals Sphere"" used by 1 served rows",Combination of Solids,agent mapping,
(label),,surface-areas-and-volumes,,concept-label-mapping,"label ""Volume Estimation — Ice-cream Servings"" used by 1 served rows",Combination of Solids,agent mapping,
(label),,surface-areas-and-volumes,,concept-label-mapping,"label ""Volume — Tanker, Cuboidal Tank, Spherical Matka"" used by 1 served rows","UNMAPPABLE: volume transfer / rate of flow between containers — propose ""Volume Transfer & Flow""",agent mapping,
(label),,surface-areas-and-volumes,,concept-label-mapping,"label ""Surface Areas and Volumes"" used by 1 served rows",UNMAPPABLE: generic chapter label — assign per row,agent mapping,
(label),,surface-areas-and-volumes,,concept-label-mapping,"label ""Right circular cylinder"" used by 1 served rows",Cylinder/Cone/Sphere,agent mapping,
(label),,triangles,,concept-label-mapping,"label ""Right-Triangle Lengths (a² + b² = c² as a tool)"" used by 61 served rows","UNMAPPABLE: Pythagoras used as a numeric tool (allowed in syllabus) - propose concept ""Right-Triangle Lengths (a²+b²=c² as a tool)""",agent mapping,
(label),,triangles,,concept-label-mapping,"label ""Basic Proportionality Theorem"" used by 40 served rows",BPT (Basic Proportionality Theorem),agent mapping,
(label),,triangles,,concept-label-mapping,"label ""Criteria for Similarity"" used by 35 served rows",Similarity Criteria,agent mapping,
(label),,triangles,,concept-label-mapping,"label ""Similarity criteria and correspondence"" used by 33 served rows",Similarity Criteria,agent mapping,
(label),,triangles,,concept-label-mapping,"label ""Similarity Criteria"" used by 25 served rows",Similarity Criteria,agent mapping,
(label),,triangles,,concept-label-mapping,"label ""Theorem recognition and first step"" used by 14 served rows","UNMAPPABLE: mixed BPT/similarity recognition items - propose concept ""Theorem recognition (BPT vs criteria)"" or split per item",agent mapping,
(label),,triangles,,concept-label-mapping,"label ""BPT and parallel-line relations"" used by 14 served rows",BPT (Basic Proportionality Theorem),agent mapping,
(label),,triangles,,concept-label-mapping,"label ""General"" used by 14 served rows","UNMAPPABLE: catch-all label covering BPT, similarity, coordinate-geometry and circles items - re-tag per item",agent mapping,
(label),,triangles,,concept-label-mapping,"label ""Similarity in Right Triangles"" used by 13 served rows",Similarity Criteria,agent mapping,
(label),,triangles,,concept-label-mapping,"label ""Proof structure and CPST"" used by 7 served rows",Similarity Criteria,agent mapping,
(label),,triangles,,concept-label-mapping,"label ""Similar Figures"" used by 7 served rows",Similarity Criteria,agent mapping,
(label),,triangles,,concept-label-mapping,"label ""Similarity Proofs"" used by 7 served rows",Similarity Criteria,agent mapping,
(label),,triangles,,concept-label-mapping,"label ""Similar Triangles"" used by 6 served rows",Similarity Criteria,agent mapping,
(label),,triangles,,concept-label-mapping,"label ""(none)"" used by 5 served rows",UNMAPPABLE: no label - re-tag per item,agent mapping,
(label),,triangles,,concept-label-mapping,"label ""Board-style proof checking"" used by 3 served rows","UNMAPPABLE: board-presentation/meta items - propose concept ""Proof presentation & step marking""",agent mapping,
(label),,triangles,,concept-label-mapping,"label ""Converse of BPT"" used by 3 served rows",BPT (Basic Proportionality Theorem),agent mapping,
(label),,triangles,,concept-label-mapping,"label ""Similar Triangles (Applications)"" used by 3 served rows",Similarity Criteria,agent mapping,
(label),,triangles,,concept-label-mapping,"label ""Similar Triangles (Shadow and Height)"" used by 3 served rows",Similarity Criteria,agent mapping,
(label),,triangles,,concept-label-mapping,"label ""Similarity criteria"" used by 3 served rows",Similarity Criteria,agent mapping,
(label),,triangles,,concept-label-mapping,"label ""Basic Proportionality Theorem (Thales)"" used by 2 served rows",BPT (Basic Proportionality Theorem),agent mapping,
(label),,triangles,,concept-label-mapping,"label ""Similarity — Side Ratios"" used by 2 served rows",Similarity Criteria,agent mapping,
(label),,triangles,,concept-label-mapping,"label ""Similarity of Triangles"" used by 2 served rows",Similarity Criteria,agent mapping,
(label),,triangles,,concept-label-mapping,"label ""Similarity and Proof"" used by 1 served rows",Similarity Criteria,agent mapping,
(label),,triangles,,concept-label-mapping,"label ""Basic Proportionality Theorem — Application"" used by 1 served rows",BPT (Basic Proportionality Theorem),agent mapping,
(label),,triangles,,concept-label-mapping,"label ""Similar Triangles in a Parallelogram"" used by 1 served rows",Similarity Criteria,agent mapping,
(label),,triangles,,concept-label-mapping,"label ""Basic Proportionality Theorem — Statement, Proof, and Application"" used by 1 served rows",BPT (Basic Proportionality Theorem),agent mapping,
(label),,triangles,,concept-label-mapping,"label ""Tangent Perpendicular to Radius"" used by 1 served rows",OTHER-CHAPTER: circles,agent mapping,
(label),,triangles,,concept-label-mapping,"label ""Converse of Basic Proportionality Theorem"" used by 1 served rows",BPT (Basic Proportionality Theorem),agent mapping,
(label),,triangles,,concept-label-mapping,"label ""Basic Proportionality Theorem (Statement, Proof and Application)"" used by 1 served rows",BPT (Basic Proportionality Theorem),agent mapping,
(label),,triangles,,concept-label-mapping,"label ""Triangle Inequality"" used by 1 served rows","OUT: Class 7/9 triangle inequality, not in Class 10 Triangles syllabus",agent mapping,
(label),,triangles,,concept-label-mapping,"label ""Similarity / Right-Angle Proof"" used by 1 served rows",Similarity Criteria,agent mapping,
(label),,triangles,,concept-label-mapping,"label ""Similarity / Area Relations in Right Triangle"" used by 1 served rows","OUT: area relations/area theorem of similar triangles excluded for 2026-27 (verify item; if only lengths, map to Similarity Criteria)",agent mapping,
(label),,triangles,,concept-label-mapping,"label ""Similarity vs Congruence"" used by 1 served rows",Similarity Criteria,agent mapping,
(label),,triangles,,concept-label-mapping,"label ""Similarity — Parallelogram Application"" used by 1 served rows",Similarity Criteria,agent mapping,
(label),,triangles,,concept-label-mapping,"label ""Similarity — Proof"" used by 1 served rows",Similarity Criteria,agent mapping,
(label),,triangles,,concept-label-mapping,"label ""Basic Proportionality Theorem — Statement and Application"" used by 1 served rows",BPT (Basic Proportionality Theorem),agent mapping,
(label),,triangles,,concept-label-mapping,"label ""Similarity — Right Triangle Area"" used by 1 served rows",Similarity Criteria,agent mapping,
(label),,triangles,,concept-label-mapping,"label ""Similar Triangles — Word Application"" used by 1 served rows",Similarity Criteria,agent mapping,
(label),,triangles,,concept-label-mapping,"label ""Similarity — Sufficient Conditions"" used by 1 served rows",Similarity Criteria,agent mapping,
(label),,triangles,,concept-label-mapping,"label ""Trapezium Area via Similar Triangles"" used by 1 served rows",Similarity Criteria,agent mapping,
(label),,triangles,,concept-label-mapping,"label ""Midpoint/Parallel Line Theorems"" used by 1 served rows",BPT (Basic Proportionality Theorem),agent mapping,
(label),,triangles,,concept-label-mapping,"label ""BPT (Basic Proportionality Theorem)"" used by 1 served rows",BPT (Basic Proportionality Theorem),agent mapping,
(label),,triangles,,concept-label-mapping,"label ""BPT & Similar Triangles"" used by 1 served rows",BPT (Basic Proportionality Theorem),agent mapping,
(label),,triangles,,concept-label-mapping,"label ""Basic proportionality theorem"" used by 1 served rows",BPT (Basic Proportionality Theorem),agent mapping,
(label),,trigonometry,,concept-label-mapping,"label ""(none)"" used by 57 served rows",UNMAPPABLE: no label; content must be classified per-row,agent mapping,
(label),,trigonometry,,concept-label-mapping,"label ""Trigonometric Identities"" used by 55 served rows",Trig Identities/Proofs,agent mapping,
(label),,trigonometry,,concept-label-mapping,"label ""Trigonometric Ratios"" used by 36 served rows",Trig Ratios/Values,agent mapping,
(label),,trigonometry,,concept-label-mapping,"label ""Heights and Distances"" used by 36 served rows",Application/Heights & Distances,agent mapping,
(label),,trigonometry,,concept-label-mapping,"label ""Identities and simplification"" used by 35 served rows",Trig Identities/Proofs,agent mapping,
(label),,trigonometry,,concept-label-mapping,"label ""Heights and distances"" used by 35 served rows",Application/Heights & Distances,agent mapping,
(label),,trigonometry,,concept-label-mapping,"label ""Standard values and quick recall"" used by 26 served rows",Trig Ratios/Values,agent mapping,
(label),,trigonometry,,concept-label-mapping,"label ""Ratio definitions and setup"" used by 19 served rows",Trig Ratios/Values,agent mapping,
(label),,trigonometry,,concept-label-mapping,"label ""Standard trig equations"" used by 18 served rows",Trig Ratios/Values,agent mapping,
(label),,trigonometry,,concept-label-mapping,"label ""Proof pattern writing"" used by 18 served rows",Trig Identities/Proofs,agent mapping,
(label),,trigonometry,,concept-label-mapping,"label ""Heights and Distances (Application)"" used by 17 served rows",Application/Heights & Distances,agent mapping,
(label),,trigonometry,,concept-label-mapping,"label ""Values of Standard Angles"" used by 16 served rows",Trig Ratios/Values,agent mapping,
(label),,trigonometry,,concept-label-mapping,"label ""Trigonometric Ratios of Specific Angles"" used by 15 served rows",Trig Ratios/Values,agent mapping,
(label),,trigonometry,,concept-label-mapping,"label ""Case-study trigonometry"" used by 12 served rows",Application/Heights & Distances,agent mapping,
(label),,trigonometry,,concept-label-mapping,"label ""Angle of Elevation"" used by 8 served rows",Application/Heights & Distances,agent mapping,
(label),,trigonometry,,concept-label-mapping,"label ""Ratios of Specific Angles"" used by 7 served rows",Trig Ratios/Values,agent mapping,
(label),,trigonometry,,concept-label-mapping,"label ""General"" used by 6 served rows","UNMAPPABLE: generic label, mixed content (ratios/values); classify per-row",agent mapping,
(label),,trigonometry,,concept-label-mapping,"label ""Application/Heights & Distances"" used by 5 served rows",Application/Heights & Distances,agent mapping,
(label),,trigonometry,,concept-label-mapping,"label ""Trig Ratios/Values"" used by 5 served rows",Trig Ratios/Values,agent mapping,
(label),,trigonometry,,concept-label-mapping,"label ""Trigonometric Ratios of an Acute Angle"" used by 4 served rows",Trig Ratios/Values,agent mapping,
(label),,trigonometry,,concept-label-mapping,"label ""Trigonometric identities"" used by 3 served rows",Trig Identities/Proofs,agent mapping,
(label),,trigonometry,,concept-label-mapping,"label ""Angle of Depression"" used by 2 served rows",Application/Heights & Distances,agent mapping,
(label),,trigonometry,,concept-label-mapping,"label ""Relationships Between Trigonometric Ratios"" used by 2 served rows",Trig Ratios/Values,agent mapping,
(label),,trigonometry,,concept-label-mapping,"label ""Trigonometric Identities (Proofs)"" used by 2 served rows",Trig Identities/Proofs,agent mapping,
(label),,trigonometry,,concept-label-mapping,"label ""Identities"" used by 2 served rows",Trig Identities/Proofs,agent mapping,
(label),,trigonometry,,concept-label-mapping,"label ""Pythagorean Identity — Find cos from sin"" used by 1 served rows",Trig Identities/Proofs,agent mapping,
(label),,trigonometry,,concept-label-mapping,"label ""Trigonometric Identity Simplification"" used by 1 served rows",Trig Identities/Proofs,agent mapping,
(label),,trigonometry,,concept-label-mapping,"label ""Heights and Distances — Angle of Elevation"" used by 1 served rows",Application/Heights & Distances,agent mapping,
(label),,trigonometry,,concept-label-mapping,"label ""Solving tan(A+B) and tan(A−B) System"" used by 1 served rows",Trig Ratios/Values,agent mapping,
(label),,trigonometry,,concept-label-mapping,"label ""Trigonometric Identity Proof — Quadratic in tan θ"" used by 1 served rows",Trig Identities/Proofs,agent mapping,
(label),,trigonometry,,concept-label-mapping,"label ""Case-Based — Heights and Distances (Bird, Tree, Ball)"" used by 1 served rows",Application/Heights & Distances,agent mapping,
(label),,trigonometry,,concept-label-mapping,"label ""Trigonometric Identities (sec and tan)"" used by 1 served rows",Trig Identities/Proofs,agent mapping,
(label),,trigonometry,,concept-label-mapping,"label ""Heights and Distances (Angles of Elevation and Depression)"" used by 1 served rows",Application/Heights & Distances,agent mapping,
(label),,trigonometry,,concept-label-mapping,"label ""Sine of an Angle in a Square"" used by 1 served rows",Trig Ratios/Values,agent mapping,
(label),,trigonometry,,concept-label-mapping,"label ""Identifying Error in Trig Proof"" used by 1 served rows",Trig Identities/Proofs,agent mapping,
(label),,trigonometry,,concept-label-mapping,"label ""Trig Ratios Manipulation"" used by 1 served rows",Trig Ratios/Values,agent mapping,
(label),,trigonometry,,concept-label-mapping,"label ""Max Value of Trig Expression"" used by 1 served rows",Trig Ratios/Values,agent mapping,
(label),,trigonometry,,concept-label-mapping,"label ""Evaluating Trig Expression"" used by 1 served rows",Trig Ratios/Values,agent mapping,
(label),,trigonometry,,concept-label-mapping,"label ""Trig Identity Proof"" used by 1 served rows",Trig Identities/Proofs,agent mapping,
(label),,trigonometry,,concept-label-mapping,"label ""Heights and Distances — Angle of Depression"" used by 1 served rows",Application/Heights & Distances,agent mapping,
(label),,trigonometry,,concept-label-mapping,"label ""Heights and Distances — Real-world Drone"" used by 1 served rows",Application/Heights & Distances,agent mapping,
(label),,trigonometry,,concept-label-mapping,"label ""cos θ from Similar Right Triangles"" used by 1 served rows",Trig Ratios/Values,agent mapping,
(label),,trigonometry,,concept-label-mapping,"label ""Pythagorean Triples from sin θ"" used by 1 served rows",Trig Ratios/Values,agent mapping,
(label),,trigonometry,,concept-label-mapping,"label ""Simplifying Trig Expression"" used by 1 served rows",Trig Identities/Proofs,agent mapping,
(label),,trigonometry,,concept-label-mapping,"label ""Trig Equations — Standard Angles"" used by 1 served rows",Trig Ratios/Values,agent mapping,
(label),,trigonometry,,concept-label-mapping,"label ""True/False Trig Statements with Justification"" used by 1 served rows",Trig Ratios/Values,agent mapping,
(label),,trigonometry,,concept-label-mapping,"label ""Trig Identity Proof — Multi-step"" used by 1 served rows",Trig Identities/Proofs,agent mapping,
(label),,trigonometry,,concept-label-mapping,"label ""Heights and Distances — Surya Kiran Aerial"" used by 1 served rows",Application/Heights & Distances,agent mapping,
(label),,trigonometry,,concept-label-mapping,"label ""Trigonometric Identity Proofs"" used by 1 served rows",Trig Identities/Proofs,agent mapping,
(label),,trigonometry,,concept-label-mapping,"label ""Applications of Trigonometry"" used by 1 served rows",Application/Heights & Distances,agent mapping,
(label),,trigonometry,,concept-label-mapping,"label ""Introduction to Trigonometry"" used by 1 served rows",Trig Ratios/Values,agent mapping,
(label),,trigonometry,,concept-label-mapping,"label ""Heights & Distances (single angle)"" used by 1 served rows",Application/Heights & Distances,agent mapping,
(label),,trigonometry,,concept-label-mapping,"label ""Two-positions method"" used by 1 served rows",Application/Heights & Distances,agent mapping,
(label),,trigonometry,,concept-label-mapping,"label ""Mixed angles (elevation & depression)"" used by 1 served rows",Application/Heights & Distances,agent mapping,
(label),,trigonometry,,concept-label-mapping,"label ""Trig ratios"" used by 1 served rows",Trig Ratios/Values,agent mapping,
(label),,trigonometry,,concept-label-mapping,"label ""Trigonometric functions"" used by 1 served rows",Trig Ratios/Values,agent mapping,
