id,surface,chapter,file_line,check,detail,severity,added_after_audit1
2026-TRI-P1-B-001,bank,triangles,,no-step-marks,"3 steps, no [N mark] prefixes",low,no
2026-TRI-P1-B-002,bank,triangles,,no-step-marks,"3 steps, no [N mark] prefixes",low,no
2026-TRI-P1-B-003,bank,triangles,,no-step-marks,"3 steps, no [N mark] prefixes",low,no
2026-TRI-P1-B-004,bank,triangles,,no-step-marks,"3 steps, no [N mark] prefixes",low,no
2026-TRI-P1-B-005,bank,triangles,,no-step-marks,"3 steps, no [N mark] prefixes",low,no
2026-TRI-P1-B-007,bank,triangles,,no-step-marks,"3 steps, no [N mark] prefixes",low,no
2026-TRI-P1-B-008,bank,triangles,,no-step-marks,"4 steps, no [N mark] prefixes",low,no
2026-TRI-P1-B-009,bank,triangles,,no-step-marks,"3 steps, no [N mark] prefixes",low,no
2026-TRI-P1-C-001,bank,triangles,,no-step-marks,"5 steps, no [N mark] prefixes",low,no
2026-TRI-P1-C-002,bank,triangles,,no-step-marks,"6 steps, no [N mark] prefixes",low,no
2026-TRI-P1-C-005,bank,triangles,,no-step-marks,"4 steps, no [N mark] prefixes",low,no
2026-TRI-P1-C-004,bank,triangles,,no-step-marks,"4 steps, no [N mark] prefixes",low,no
2026-TRI-P1-C-006,bank,triangles,,no-step-marks,"4 steps, no [N mark] prefixes",low,no
2026-TRI-P1-C-007,bank,triangles,,no-step-marks,"5 steps, no [N mark] prefixes",low,no
2026-TRI-P1-C-009,bank,triangles,,no-step-marks,"4 steps, no [N mark] prefixes",low,no
2026-TRI-P1-D-003,bank,triangles,,no-step-marks,"5 steps, no [N mark] prefixes",low,no
2026-TRI-P1-D-004,bank,triangles,,no-step-marks,"5 steps, no [N mark] prefixes",low,no
2026-TRI-P1-D-005,bank,triangles,,no-step-marks,"6 steps, no [N mark] prefixes",low,no
2026-TRI-P1-E-002,bank,triangles,,no-step-marks,"5 steps, no [N mark] prefixes",low,no
2026-TRI-P1-E-003,bank,triangles,,no-step-marks,"5 steps, no [N mark] prefixes",low,no
2026-TRI-P1-E-005,bank,triangles,,no-step-marks,"5 steps, no [N mark] prefixes",low,no
2026-TRI-P1-E-007,bank,triangles,,no-step-marks,"5 steps, no [N mark] prefixes",low,no
TR3-004,bank,triangles,lazytopper/src/data/questionBanks/class10/maths/triangles.pack3.ts:91,no-step-marks,"5 steps, no [N mark] prefixes",low,no
TR3-005,bank,triangles,lazytopper/src/data/questionBanks/class10/maths/triangles.pack3.ts:117,no-step-marks,"6 steps, no [N mark] prefixes",low,no
TR3-008,bank,triangles,lazytopper/src/data/questionBanks/class10/maths/triangles.pack3.ts:202,no-step-marks,"4 steps, no [N mark] prefixes",low,no
TR3-009,bank,triangles,lazytopper/src/data/questionBanks/class10/maths/triangles.pack3.ts:227,no-step-marks,"4 steps, no [N mark] prefixes",low,no
TR3-014,bank,triangles,lazytopper/src/data/questionBanks/class10/maths/triangles.pack3.ts:364,no-step-marks,"6 steps, no [N mark] prefixes",low,no
TR3-015,bank,trigonometry,lazytopper/src/data/questionBanks/class10/maths/triangles.pack3.ts:390,no-step-marks,"6 steps, no [N mark] prefixes",low,no
TR3-020,bank,triangles,lazytopper/src/data/questionBanks/class10/maths/triangles.pack3.ts:522,no-step-marks,"3 steps, no [N mark] prefixes",low,no
TR3-021,bank,triangles,lazytopper/src/data/questionBanks/class10/maths/triangles.pack3.ts:546,no-step-marks,"5 steps, no [N mark] prefixes",low,no
TR3-028,bank,triangles,lazytopper/src/data/questionBanks/class10/maths/triangles.pack3.ts:742,no-step-marks,"13 steps, no [N mark] prefixes",low,no
TR3-029,bank,triangles,lazytopper/src/data/questionBanks/class10/maths/triangles.pack3.ts:776,no-step-marks,"4 steps, no [N mark] prefixes",low,no
TR3-037,bank,triangles,lazytopper/src/data/questionBanks/class10/maths/triangles.pack3.ts:856,no-step-marks,"3 steps, no [N mark] prefixes",low,no
TR3-039,bank,triangles,lazytopper/src/data/questionBanks/class10/maths/triangles.pack3.ts:908,no-step-marks,"3 steps, no [N mark] prefixes",low,no
TR3-040,bank,triangles,lazytopper/src/data/questionBanks/class10/maths/triangles.pack3.ts:932,no-step-marks,"4 steps, no [N mark] prefixes",low,no
TR3-043,bank,triangles,lazytopper/src/data/questionBanks/class10/maths/triangles.pack3.ts:1016,no-step-marks,"5 steps, no [N mark] prefixes",low,no
TR3-049,bank,triangles,lazytopper/src/data/questionBanks/class10/maths/triangles.pack3.ts:1174,no-step-marks,"6 steps, no [N mark] prefixes",low,no
TR3-050,bank,triangles,lazytopper/src/data/questionBanks/class10/maths/triangles.pack3.ts:1201,no-step-marks,"5 steps, no [N mark] prefixes",low,no
TR3-051,bank,triangles,lazytopper/src/data/questionBanks/class10/maths/triangles.pack3.ts:1228,no-step-marks,"5 steps, no [N mark] prefixes",low,no
TR3-055,bank,triangles,lazytopper/src/data/questionBanks/class10/maths/triangles.pack3.ts:1342,no-step-marks,"3 steps, no [N mark] prefixes",low,no
TR3-056,bank,triangles,lazytopper/src/data/questionBanks/class10/maths/triangles.pack3.ts:1366,no-step-marks,"3 steps, no [N mark] prefixes",low,no
TR3-057,bank,triangles,lazytopper/src/data/questionBanks/class10/maths/triangles.pack3.ts:1390,no-step-marks,"4 steps, no [N mark] prefixes",low,no
TR3-060,bank,triangles,lazytopper/src/data/questionBanks/class10/maths/triangles.pack3.ts:1465,no-step-marks,"8 steps, no [N mark] prefixes",low,no
TR3-062,bank,triangles,lazytopper/src/data/questionBanks/class10/maths/triangles.pack3.ts:1523,no-step-marks,"3 steps, no [N mark] prefixes",low,no
TR3-063,bank,triangles,lazytopper/src/data/questionBanks/class10/maths/triangles.pack3.ts:1547,no-step-marks,"5 steps, no [N mark] prefixes",low,no
2026-TRIG-P1-B-001,bank,trigonometry,,no-step-marks,"3 steps, no [N mark] prefixes",low,no
2026-TRIG-P1-B-002,bank,trigonometry,,no-step-marks,"3 steps, no [N mark] prefixes",low,no
2026-TRIG-P1-B-003,bank,trigonometry,,no-step-marks,"3 steps, no [N mark] prefixes",low,no
2026-TRIG-P1-B-004,bank,trigonometry,,no-step-marks,"3 steps, no [N mark] prefixes",low,no
2026-TRIG-P1-B-005,bank,trigonometry,,no-step-marks,"3 steps, no [N mark] prefixes",low,no
2026-TRIG-P1-B-006,bank,trigonometry,,no-step-marks,"3 steps, no [N mark] prefixes",low,no
2026-TRIG-P1-B-007,bank,trigonometry,,no-step-marks,"3 steps, no [N mark] prefixes",low,no
2026-TRIG-P1-B-008,bank,trigonometry,,no-step-marks,"3 steps, no [N mark] prefixes",low,no
2026-TRIG-P1-B-009,bank,trigonometry,,no-step-marks,"3 steps, no [N mark] prefixes",low,no
2026-TRIG-P1-B-010,bank,trigonometry,,no-step-marks,"3 steps, no [N mark] prefixes",low,no
2026-TRIG-P1-B-011,bank,trigonometry,,no-step-marks,"3 steps, no [N mark] prefixes",low,no
2026-TRIG-P1-B-012,bank,trigonometry,,no-step-marks,"3 steps, no [N mark] prefixes",low,no
2026-TRIG-P1-B-013,bank,trigonometry,,no-step-marks,"3 steps, no [N mark] prefixes",low,no
2026-TRIG-P1-B-014,bank,trigonometry,,no-step-marks,"3 steps, no [N mark] prefixes",low,no
2026-TRIG-P1-B-015,bank,trigonometry,,no-step-marks,"3 steps, no [N mark] prefixes",low,no
2026-TRIG-P1-B-016,bank,trigonometry,,no-step-marks,"3 steps, no [N mark] prefixes",low,no
2026-TRIG-P1-B-017,bank,trigonometry,,no-step-marks,"3 steps, no [N mark] prefixes",low,no
2026-TRIG-P1-B-018,bank,trigonometry,,no-step-marks,"3 steps, no [N mark] prefixes",low,no
2026-TRIG-P1-B-019,bank,trigonometry,,no-step-marks,"3 steps, no [N mark] prefixes",low,no
2026-TRIG-P1-B-020,bank,trigonometry,,no-step-marks,"3 steps, no [N mark] prefixes",low,no
2026-TRIG-P1-B-021,bank,trigonometry,,no-step-marks,"3 steps, no [N mark] prefixes",low,no
2026-TRIG-P1-B-022,bank,trigonometry,,no-step-marks,"3 steps, no [N mark] prefixes",low,no
2026-TRIG-P1-B-023,bank,trigonometry,,no-step-marks,"3 steps, no [N mark] prefixes",low,no
2026-TRIG-P1-B-024,bank,trigonometry,,no-step-marks,"3 steps, no [N mark] prefixes",low,no
2026-TRIG-P1-B-025,bank,trigonometry,,no-step-marks,"3 steps, no [N mark] prefixes",low,no
2026-TRIG-P1-C-001,bank,trigonometry,,no-step-marks,"4 steps, no [N mark] prefixes",low,no
2026-TRIG-P1-C-002,bank,trigonometry,,no-step-marks,"4 steps, no [N mark] prefixes",low,no
2026-TRIG-P1-C-003,bank,trigonometry,,no-step-marks,"4 steps, no [N mark] prefixes",low,no
2026-TRIG-P1-C-004,bank,trigonometry,,no-step-marks,"4 steps, no [N mark] prefixes",low,no
2026-TRIG-P1-C-005,bank,trigonometry,,no-step-marks,"4 steps, no [N mark] prefixes",low,no
2026-TRIG-P1-C-006,bank,trigonometry,,no-step-marks,"4 steps, no [N mark] prefixes",low,no
2026-TRIG-P1-C-007,bank,trigonometry,,no-step-marks,"4 steps, no [N mark] prefixes",low,no
2026-TRIG-P1-C-008,bank,trigonometry,,no-step-marks,"4 steps, no [N mark] prefixes",low,no
2026-TRIG-P1-C-009,bank,trigonometry,lazytopper/src/data/bankFix/bankFix1Ledger.ts:419,no-step-marks,"3 steps, no [N mark] prefixes",low,no
2026-TRIG-P1-C-010,bank,trigonometry,lazytopper/src/data/bankFix/bankFix1Ledger.ts:420,no-step-marks,"3 steps, no [N mark] prefixes",low,no
2026-TRIG-P1-C-011,bank,trigonometry,,no-step-marks,"4 steps, no [N mark] prefixes",low,no
2026-TRIG-P1-C-012,bank,trigonometry,,no-step-marks,"4 steps, no [N mark] prefixes",low,no
2026-TRIG-P1-C-013,bank,trigonometry,,no-step-marks,"4 steps, no [N mark] prefixes",low,no
2026-TRIG-P1-C-014,bank,trigonometry,,no-step-marks,"4 steps, no [N mark] prefixes",low,no
2026-TRIG-P1-C-015,bank,trigonometry,,no-step-marks,"4 steps, no [N mark] prefixes",low,no
2026-TRIG-P1-C-016,bank,trigonometry,,no-step-marks,"4 steps, no [N mark] prefixes",low,no
2026-TRIG-P1-C-017,bank,trigonometry,,no-step-marks,"4 steps, no [N mark] prefixes",low,no
2026-TRIG-P1-C-018,bank,trigonometry,,no-step-marks,"4 steps, no [N mark] prefixes",low,no
2026-TRIG-P1-C-019,bank,trigonometry,,no-step-marks,"4 steps, no [N mark] prefixes",low,no
2026-TRIG-P1-C-020,bank,trigonometry,lazytopper/src/data/bankFix/bankFix1Ledger.ts:421,no-step-marks,"3 steps, no [N mark] prefixes",low,no
2026-TRIG-P1-C-021,bank,trigonometry,,no-step-marks,"4 steps, no [N mark] prefixes",low,no
2026-TRIG-P1-C-022,bank,trigonometry,,no-step-marks,"4 steps, no [N mark] prefixes",low,no
2026-TRIG-P1-C-023,bank,trigonometry,,no-step-marks,"4 steps, no [N mark] prefixes",low,no
2026-TRIG-P1-C-024,bank,trigonometry,,no-step-marks,"4 steps, no [N mark] prefixes",low,no
2026-TRIG-P1-C-025,bank,trigonometry,lazytopper/src/data/bankFix/bankFix1Ledger.ts:422,no-step-marks,"3 steps, no [N mark] prefixes",low,no
2026-TRIG-P1-D-001,bank,trigonometry,lazytopper/src/data/bankFix/bankFix1Ledger.ts:423,no-step-marks,"3 steps, no [N mark] prefixes",low,no
2026-TRIG-P1-D-002,bank,trigonometry,,no-step-marks,"5 steps, no [N mark] prefixes",low,no
2026-TRIG-P1-D-003,bank,trigonometry,,no-step-marks,"5 steps, no [N mark] prefixes",low,no
2026-TRIG-P1-D-004,bank,trigonometry,,no-step-marks,"5 steps, no [N mark] prefixes",low,no
2026-TRIG-P1-D-005,bank,trigonometry,,no-step-marks,"5 steps, no [N mark] prefixes",low,no
2026-TRIG-P1-D-006,bank,trigonometry,,no-step-marks,"5 steps, no [N mark] prefixes",low,no
2026-TRIG-P1-D-007,bank,trigonometry,,no-step-marks,"5 steps, no [N mark] prefixes",low,no
2026-TRIG-P1-D-008,bank,trigonometry,,no-step-marks,"5 steps, no [N mark] prefixes",low,no
2026-TRIG-P1-D-009,bank,trigonometry,lazytopper/src/data/bankFix/bankFix1Ledger.ts:424,no-step-marks,"4 steps, no [N mark] prefixes",low,no
2026-TRIG-P1-D-010,bank,trigonometry,lazytopper/src/data/bankFix/bankFix1Ledger.ts:425,no-step-marks,"4 steps, no [N mark] prefixes",low,no
2026-TRIG-P1-D-011,bank,trigonometry,,no-step-marks,"5 steps, no [N mark] prefixes",low,no
2026-TRIG-P1-D-012,bank,trigonometry,,no-step-marks,"5 steps, no [N mark] prefixes",low,no
2026-TRIG-P1-D-013,bank,trigonometry,,no-step-marks,"6 steps, no [N mark] prefixes",low,no
2026-TRIG-P1-D-014,bank,trigonometry,,no-step-marks,"6 steps, no [N mark] prefixes",low,no
2026-TRIG-P1-D-015,bank,trigonometry,,no-step-marks,"5 steps, no [N mark] prefixes",low,no
2026-TRIG-P1-E-001,bank,trigonometry,lazytopper/src/data/bankFix/bankFix3Ledger.ts:85,no-step-marks,"4 steps, no [N mark] prefixes",low,no
2026-TRIG-P1-E-002,bank,trigonometry,,no-step-marks,"4 steps, no [N mark] prefixes",low,no
2026-TRIG-P1-E-003,bank,trigonometry,lazytopper/src/data/bankFix/bankFix1Ledger.ts:41,no-step-marks,"4 steps, no [N mark] prefixes",low,no
2026-TRIG-P1-E-004,bank,trigonometry,,no-step-marks,"4 steps, no [N mark] prefixes",low,no
2026-TRIG-P1-E-005,bank,trigonometry,lazytopper/src/data/bankFix/bankFix3Ledger.ts:86,no-step-marks,"4 steps, no [N mark] prefixes",low,no
2026-TRIG-P1-E-006,bank,trigonometry,lazytopper/src/data/bankFix/bankFix1Ledger.ts:42,no-step-marks,"4 steps, no [N mark] prefixes",low,no
2026-TRIG-P1-E-007,bank,trigonometry,,no-step-marks,"4 steps, no [N mark] prefixes",low,no
2026-TRIG-P1-E-008,bank,trigonometry,lazytopper/src/data/bankFix/bankFix3Ledger.ts:87,no-step-marks,"4 steps, no [N mark] prefixes",low,no
2026-TRIG-P1-E-009,bank,trigonometry,,no-step-marks,"4 steps, no [N mark] prefixes",low,no
2026-TRIG-P1-E-010,bank,trigonometry,lazytopper/src/data/bankFix/bankFix3Ledger.ts:81,no-step-marks,"4 steps, no [N mark] prefixes",low,no
TG3-009,bank,trigonometry,lazytopper/src/data/questionBanks/class10/maths/trigonometry.pack3.ts:245,no-step-marks,"4 steps, no [N mark] prefixes",low,no
TG3-010,bank,trigonometry,lazytopper/src/data/questionBanks/class10/maths/trigonometry.pack3.ts:271,no-step-marks,"5 steps, no [N mark] prefixes",low,no
TG3-011,bank,trigonometry,lazytopper/src/data/questionBanks/class10/maths/trigonometry.pack3.ts:297,no-step-marks,"3 steps, no [N mark] prefixes",low,no
TG3-012,bank,trigonometry,lazytopper/src/data/questionBanks/class10/maths/trigonometry.pack3.ts:321,no-step-marks,"6 steps, no [N mark] prefixes",low,no
TG3-017,bank,trigonometry,lazytopper/src/data/questionBanks/class10/maths/trigonometry.pack3.ts:471,no-step-marks,"6 steps, no [N mark] prefixes",low,no
TG3-018,bank,trigonometry,lazytopper/src/data/questionBanks/class10/maths/trigonometry.pack3.ts:499,no-step-marks,"8 steps, no [N mark] prefixes",low,no
TG3-020,bank,trigonometry,lazytopper/src/data/questionBanks/class10/maths/trigonometry.pack3.ts:553,no-step-marks,"8 steps, no [N mark] prefixes",low,no
TG3-021,bank,trigonometry,lazytopper/src/data/questionBanks/class10/maths/trigonometry.pack3.ts:582,no-step-marks,"5 steps, no [N mark] prefixes",low,no
TG3-022,bank,trigonometry,lazytopper/src/data/questionBanks/class10/maths/trigonometry.pack3.ts:608,no-step-marks,"10 steps, no [N mark] prefixes",low,no
TG3-028,bank,trigonometry,lazytopper/src/data/questionBanks/class10/maths/trigonometry.pack3.ts:786,no-step-marks,"1 steps, no [N mark] prefixes",low,no
TG3-029,bank,trigonometry,lazytopper/src/data/questionBanks/class10/maths/trigonometry.pack3.ts:808,no-step-marks,"4 steps, no [N mark] prefixes",low,no
TG3-030,bank,trigonometry,lazytopper/src/data/questionBanks/class10/maths/trigonometry.pack3.ts:832,no-step-marks,"4 steps, no [N mark] prefixes",low,no
TG3-039,bank,trigonometry,lazytopper/src/data/questionBanks/class10/maths/trigonometry.pack3.ts:1008,no-step-marks,"3 steps, no [N mark] prefixes",low,no
TG3-041,bank,trigonometry,lazytopper/src/data/questionBanks/class10/maths/trigonometry.pack3.ts:1060,no-step-marks,"3 steps, no [N mark] prefixes",low,no
TG3-045,bank,trigonometry,lazytopper/src/data/questionBanks/class10/maths/trigonometry.pack3.ts:1174,no-step-marks,"4 steps, no [N mark] prefixes",low,no
TG3-048,bank,trigonometry,lazytopper/src/data/questionBanks/class10/maths/trigonometry.pack3.ts:1259,no-step-marks,"4 steps, no [N mark] prefixes",low,no
TG3-049,bank,trigonometry,lazytopper/src/data/questionBanks/class10/maths/trigonometry.pack3.ts:1283,no-step-marks,"6 steps, no [N mark] prefixes",low,no
TG3-052,bank,trigonometry,lazytopper/src/data/questionBanks/class10/maths/trigonometry.pack3.ts:1340,no-step-marks,"8 steps, no [N mark] prefixes",low,no
TG3-053,bank,trigonometry,lazytopper/src/data/questionBanks/class10/maths/trigonometry.pack3.ts:1370,no-step-marks,"13 steps, no [N mark] prefixes",low,no
TG3-054,bank,trigonometry,lazytopper/src/data/questionBanks/class10/maths/trigonometry.pack3.ts:1404,no-step-marks,"8 steps, no [N mark] prefixes",low,no
TG3-055,bank,trigonometry,lazytopper/src/data/questionBanks/class10/maths/trigonometry.pack3.ts:1432,no-step-marks,"9 steps, no [N mark] prefixes",low,no
TG3-056,bank,trigonometry,lazytopper/src/data/questionBanks/class10/maths/trigonometry.pack3.ts:1462,no-step-marks,"2 steps, no [N mark] prefixes",low,no
TG3-059,bank,trigonometry,lazytopper/src/data/questionBanks/class10/maths/trigonometry.pack3.ts:1546,no-step-marks,"2 steps, no [N mark] prefixes",low,no
TG3-060,bank,trigonometry,lazytopper/src/data/questionBanks/class10/maths/trigonometry.pack3.ts:1569,no-step-marks,"5 steps, no [N mark] prefixes",low,no
TG3-062,bank,trigonometry,lazytopper/src/data/questionBanks/class10/maths/trigonometry.pack3.ts:1627,no-step-marks,"3 steps, no [N mark] prefixes",low,no
RN2-004,bank,real-numbers,lazytopper/src/data/questionBanks/class10/maths/realNumbers.pack2.ts:33,no-step-marks,"5 steps, no [N mark] prefixes",low,no
RN2-010,bank,real-numbers,lazytopper/src/data/questionBanks/class10/maths/realNumbers.pack2.ts:127,no-step-marks,"6 steps, no [N mark] prefixes",low,no
RN2-011,bank,real-numbers,lazytopper/src/data/questionBanks/class10/maths/realNumbers.pack2.ts:154,no-step-marks,"7 steps, no [N mark] prefixes",low,no
RN2-017,bank,real-numbers,lazytopper/src/data/questionBanks/class10/maths/realNumbers.pack2.ts:298,no-step-marks,"6 steps, no [N mark] prefixes",low,no
RN2-020,bank,real-numbers,lazytopper/src/data/questionBanks/class10/maths/realNumbers.pack2.ts:348,no-step-marks,"5 steps, no [N mark] prefixes",low,no
RN2-022,bank,real-numbers,lazytopper/src/data/questionBanks/class10/maths/realNumbers.pack2.ts:374,no-step-marks,"5 steps, no [N mark] prefixes",low,no
RN2-023,bank,real-numbers,lazytopper/src/data/questionBanks/class10/maths/realNumbers.pack2.ts:401,no-step-marks,"5 steps, no [N mark] prefixes",low,no
RN2-027,bank,real-numbers,lazytopper/src/data/questionBanks/class10/maths/realNumbers.pack2.ts:455,no-step-marks,"7 steps, no [N mark] prefixes",low,no
RN2-029,bank,real-numbers,lazytopper/src/data/questionBanks/class10/maths/realNumbers.pack2.ts:513,no-step-marks,"6 steps, no [N mark] prefixes",low,no
RN2-032,bank,real-numbers,lazytopper/src/data/questionBanks/class10/maths/realNumbers.pack2.ts:597,no-step-marks,"5 steps, no [N mark] prefixes",low,no
RN2-034,bank,real-numbers,lazytopper/src/data/questionBanks/class10/maths/realNumbers.pack2.ts:652,no-step-marks,"8 steps, no [N mark] prefixes",low,no
RN2-036,bank,real-numbers,lazytopper/src/data/questionBanks/class10/maths/realNumbers.pack2.ts:716,no-step-marks,"5 steps, no [N mark] prefixes",low,no
RN2-037,bank,real-numbers,lazytopper/src/data/questionBanks/class10/maths/realNumbers.pack2.ts:743,no-step-marks,"6 steps, no [N mark] prefixes",low,no
RN2-043,bank,real-numbers,lazytopper/src/data/questionBanks/class10/maths/realNumbers.pack2.ts:878,no-step-marks,"9 steps, no [N mark] prefixes",low,no
RN2-044,bank,real-numbers,lazytopper/src/data/questionBanks/class10/maths/realNumbers.pack2.ts:908,no-step-marks,"5 steps, no [N mark] prefixes",low,no
RN2-050,bank,real-numbers,lazytopper/src/data/questionBanks/class10/maths/realNumbers.pack2.ts:964,no-step-marks,"8 steps, no [N mark] prefixes",low,no
RN2-051,bank,real-numbers,lazytopper/src/data/questionBanks/class10/maths/realNumbers.pack2.ts:993,no-step-marks,"6 steps, no [N mark] prefixes",low,no
RN2-052,bank,real-numbers,lazytopper/src/data/questionBanks/class10/maths/realNumbers.pack2.ts:1019,no-step-marks,"6 steps, no [N mark] prefixes",low,no
RN2-053,bank,real-numbers,lazytopper/src/data/questionBanks/class10/maths/realNumbers.pack2.ts:1046,no-step-marks,"5 steps, no [N mark] prefixes",low,no
RN2-054,bank,real-numbers,lazytopper/src/data/questionBanks/class10/maths/realNumbers.pack2.ts:1072,no-step-marks,"9 steps, no [N mark] prefixes",low,no
RN2-055,bank,real-numbers,lazytopper/src/data/questionBanks/class10/maths/realNumbers.pack2.ts:1102,no-step-marks,"7 steps, no [N mark] prefixes",low,no
RN2-059,bank,real-numbers,lazytopper/src/data/questionBanks/class10/maths/realNumbers.pack2.ts:1220,no-step-marks,"13 steps, no [N mark] prefixes",low,no
RN2-060,bank,real-numbers,lazytopper/src/data/questionBanks/class10/maths/realNumbers.pack2.ts:1254,no-step-marks,"9 steps, no [N mark] prefixes",low,no
RN2-061,bank,real-numbers,lazytopper/src/data/questionBanks/class10/maths/realNumbers.pack2.ts:1284,no-step-marks,"7 steps, no [N mark] prefixes",low,no
PL2-007,bank,polynomials,lazytopper/src/data/questionBanks/class10/maths/polynomials.pack2.ts:149,no-step-marks,"4 steps, no [N mark] prefixes",low,no
PL2-008,bank,polynomials,lazytopper/src/data/questionBanks/class10/maths/polynomials.pack2.ts:175,no-step-marks,"4 steps, no [N mark] prefixes",low,no
PL2-010,bank,polynomials,lazytopper/src/data/questionBanks/class10/maths/polynomials.pack2.ts:200,no-step-marks,"3 steps, no [N mark] prefixes",low,no
PL2-011,bank,polynomials,lazytopper/src/data/questionBanks/class10/maths/polynomials.pack2.ts:225,no-step-marks,"3 steps, no [N mark] prefixes",low,no
PL2-012,bank,polynomials,lazytopper/src/data/questionBanks/class10/maths/polynomials.pack2.ts:249,no-step-marks,"3 steps, no [N mark] prefixes",low,no
PL2-014,bank,polynomials,lazytopper/src/data/questionBanks/class10/maths/polynomials.pack2.ts:274,no-step-marks,"3 steps, no [N mark] prefixes",low,no
PL2-020,bank,polynomials,lazytopper/src/data/questionBanks/class10/maths/polynomials.pack2.ts:383,no-step-marks,"3 steps, no [N mark] prefixes",low,no
PL2-033,bank,polynomials,lazytopper/src/data/questionBanks/class10/maths/polynomials.pack2.ts:639,no-step-marks,"3 steps, no [N mark] prefixes",low,no
PL2-034,bank,polynomials,lazytopper/src/data/questionBanks/class10/maths/polynomials.pack2.ts:663,no-step-marks,"2 steps, no [N mark] prefixes",low,no
PL2-037,bank,polynomials,lazytopper/src/data/questionBanks/class10/maths/polynomials.pack2.ts:716,no-step-marks,"4 steps, no [N mark] prefixes",low,no
PL2-038,bank,polynomials,lazytopper/src/data/questionBanks/class10/maths/polynomials.pack2.ts:741,no-step-marks,"5 steps, no [N mark] prefixes",low,no
PL2-041,bank,polynomials,lazytopper/src/data/questionBanks/class10/maths/polynomials.pack2.ts:796,no-step-marks,"4 steps, no [N mark] prefixes",low,no
PL2-042,bank,polynomials,lazytopper/src/data/questionBanks/class10/maths/polynomials.pack2.ts:821,no-step-marks,"3 steps, no [N mark] prefixes",low,no
PL2-R02,bank,polynomials,lazytopper/src/data/questionBanks/class10/maths/polynomials.pack2.ts:895,no-step-marks,"4 steps, no [N mark] prefixes",low,no
PL2-R05,bank,polynomials,lazytopper/src/data/questionBanks/class10/maths/polynomials.pack2.ts:952,no-step-marks,"3 steps, no [N mark] prefixes",low,no
PL2-R06,bank,polynomials,lazytopper/src/data/questionBanks/class10/maths/polynomials.pack2.ts:971,no-step-marks,"4 steps, no [N mark] prefixes",low,no
PL2-R09,bank,polynomials,lazytopper/src/data/questionBanks/class10/maths/polynomials.pack2.ts:1028,no-step-marks,"3 steps, no [N mark] prefixes",low,no
PL2-R10,bank,polynomials,lazytopper/src/data/questionBanks/class10/maths/polynomials.pack2.ts:1047,no-step-marks,"3 steps, no [N mark] prefixes",low,no
PL2-R11,bank,polynomials,lazytopper/src/data/questionBanks/class10/maths/polynomials.pack2.ts:1067,no-step-marks,"3 steps, no [N mark] prefixes",low,no
PLE2-004,bank,pair-of-linear-equations,lazytopper/src/data/questionBanks/class10/maths/pairOfLinearEquations.pack2.ts:97,no-step-marks,"7 steps, no [N mark] prefixes",low,no
PLE2-006,bank,pair-of-linear-equations,lazytopper/src/data/questionBanks/class10/maths/pairOfLinearEquations.pack2.ts:159,no-step-marks,"7 steps, no [N mark] prefixes",low,no
PLE2-009,bank,pair-of-linear-equations,lazytopper/src/data/questionBanks/class10/maths/pairOfLinearEquations.pack2.ts:188,no-step-marks,"6 steps, no [N mark] prefixes",low,no
PLE2-010,bank,pair-of-linear-equations,lazytopper/src/data/questionBanks/class10/maths/pairOfLinearEquations.pack2.ts:216,no-step-marks,"8 steps, no [N mark] prefixes",low,no
PLE2-011,bank,pair-of-linear-equations,lazytopper/src/data/questionBanks/class10/maths/pairOfLinearEquations.pack2.ts:246,no-step-marks,"4 steps, no [N mark] prefixes",low,no
PLE2-013,bank,pair-of-linear-equations,lazytopper/src/data/questionBanks/class10/maths/pairOfLinearEquations.pack2.ts:302,no-step-marks,"10 steps, no [N mark] prefixes",low,no
PLE2-017,bank,pair-of-linear-equations,lazytopper/src/data/questionBanks/class10/maths/pairOfLinearEquations.pack2.ts:399,no-step-marks,"10 steps, no [N mark] prefixes",low,no
PLE2-019,bank,pair-of-linear-equations,lazytopper/src/data/questionBanks/class10/maths/pairOfLinearEquations.pack2.ts:455,no-step-marks,"6 steps, no [N mark] prefixes",low,no
PLE2-020,bank,pair-of-linear-equations,lazytopper/src/data/questionBanks/class10/maths/pairOfLinearEquations.pack2.ts:482,no-step-marks,"5 steps, no [N mark] prefixes",low,no
PLE2-021,bank,pair-of-linear-equations,lazytopper/src/data/questionBanks/class10/maths/pairOfLinearEquations.pack2.ts:508,no-step-marks,"13 steps, no [N mark] prefixes",low,no
PLE2-022,bank,pair-of-linear-equations,lazytopper/src/data/questionBanks/class10/maths/pairOfLinearEquations.pack2.ts:543,no-step-marks,"5 steps, no [N mark] prefixes",low,no
PLE2-026,bank,pair-of-linear-equations,lazytopper/src/data/questionBanks/class10/maths/pairOfLinearEquations.pack2.ts:661,no-step-marks,"5 steps, no [N mark] prefixes",low,no
PLE2-028,bank,pair-of-linear-equations,lazytopper/src/data/questionBanks/class10/maths/pairOfLinearEquations.pack2.ts:718,no-step-marks,"5 steps, no [N mark] prefixes",low,no
PLE2-033,bank,pair-of-linear-equations,lazytopper/src/data/questionBanks/class10/maths/pairOfLinearEquations.pack2.ts:745,no-step-marks,"10 steps, no [N mark] prefixes",low,no
PLE2-037,bank,pair-of-linear-equations,lazytopper/src/data/questionBanks/class10/maths/pairOfLinearEquations.pack2.ts:838,no-step-marks,"20 steps, no [N mark] prefixes",low,no
PLE2-038,bank,pair-of-linear-equations,lazytopper/src/data/questionBanks/class10/maths/pairOfLinearEquations.pack2.ts:879,no-step-marks,"10 steps, no [N mark] prefixes",low,no
PLE2-040,bank,pair-of-linear-equations,lazytopper/src/data/questionBanks/class10/maths/pairOfLinearEquations.pack2.ts:951,no-step-marks,"6 steps, no [N mark] prefixes",low,no
PLE2-043,bank,pair-of-linear-equations,lazytopper/src/data/questionBanks/class10/maths/pairOfLinearEquations.pack2.ts:1009,no-step-marks,"14 steps, no [N mark] prefixes",low,no
PLE2-R02,bank,pair-of-linear-equations,lazytopper/src/data/questionBanks/class10/maths/pairOfLinearEquations.pack2.ts:1064,no-step-marks,"5 steps, no [N mark] prefixes",low,no
PLE2-R03,bank,pair-of-linear-equations,lazytopper/src/data/questionBanks/class10/maths/pairOfLinearEquations.pack2.ts:1083,no-step-marks,"6 steps, no [N mark] prefixes",low,no
PLE2-R05,bank,pair-of-linear-equations,lazytopper/src/data/questionBanks/class10/maths/pairOfLinearEquations.pack2.ts:1128,no-step-marks,"5 steps, no [N mark] prefixes",low,no
PLE2-R06,bank,pair-of-linear-equations,lazytopper/src/data/questionBanks/class10/maths/pairOfLinearEquations.pack2.ts:1147,no-step-marks,"3 steps, no [N mark] prefixes",low,no
PLE2-R07,bank,pair-of-linear-equations,lazytopper/src/data/questionBanks/class10/maths/pairOfLinearEquations.pack2.ts:1166,no-step-marks,"4 steps, no [N mark] prefixes",low,no
QE2-013,bank,quadratic-equations,lazytopper/src/data/questionBanks/class10/maths/quadraticEquations.pack2.ts:361,no-step-marks,"6 steps, no [N mark] prefixes",low,no
QE2-014,bank,quadratic-equations,lazytopper/src/data/questionBanks/class10/maths/quadraticEquations.pack2.ts:388,no-step-marks,"5 steps, no [N mark] prefixes",low,no
QE2-015,bank,quadratic-equations,lazytopper/src/data/questionBanks/class10/maths/quadraticEquations.pack2.ts:413,no-step-marks,"6 steps, no [N mark] prefixes",low,no
QE2-016,bank,quadratic-equations,lazytopper/src/data/questionBanks/class10/maths/quadraticEquations.pack2.ts:440,no-step-marks,"4 steps, no [N mark] prefixes",low,no
QE2-018,bank,quadratic-equations,lazytopper/src/data/questionBanks/class10/maths/quadraticEquations.pack2.ts:493,no-step-marks,"3 steps, no [N mark] prefixes",low,no
QE2-019,bank,quadratic-equations,lazytopper/src/data/questionBanks/class10/maths/quadraticEquations.pack2.ts:517,no-step-marks,"4 steps, no [N mark] prefixes",low,no
QE2-020,bank,quadratic-equations,lazytopper/src/data/questionBanks/class10/maths/quadraticEquations.pack2.ts:541,no-step-marks,"8 steps, no [N mark] prefixes",low,no
QE2-021,bank,quadratic-equations,lazytopper/src/data/questionBanks/class10/maths/quadraticEquations.pack2.ts:569,no-step-marks,"9 steps, no [N mark] prefixes",low,no
QE2-022,bank,polynomials,lazytopper/src/data/questionBanks/class10/maths/quadraticEquations.pack2.ts:598,no-step-marks,"3 steps, no [N mark] prefixes",low,no
QE2-023,bank,quadratic-equations,lazytopper/src/data/questionBanks/class10/maths/quadraticEquations.pack2.ts:621,no-step-marks,"8 steps, no [N mark] prefixes",low,no
QE2-029,bank,quadratic-equations,lazytopper/src/data/questionBanks/class10/maths/quadraticEquations.pack2.ts:794,no-step-marks,"8 steps, no [N mark] prefixes",low,no
QE2-030,bank,quadratic-equations,lazytopper/src/data/questionBanks/class10/maths/quadraticEquations.pack2.ts:822,no-step-marks,"3 steps, no [N mark] prefixes",low,no
QE2-031,bank,quadratic-equations,lazytopper/src/data/questionBanks/class10/maths/quadraticEquations.pack2.ts:845,no-step-marks,"9 steps, no [N mark] prefixes",low,no
QE2-032,bank,quadratic-equations,lazytopper/src/data/questionBanks/class10/maths/quadraticEquations.pack2.ts:874,no-step-marks,"6 steps, no [N mark] prefixes",low,no
QE2-034,bank,quadratic-equations,lazytopper/src/data/questionBanks/class10/maths/quadraticEquations.pack2.ts:929,no-step-marks,"10 steps, no [N mark] prefixes",low,no
QE2-035,bank,quadratic-equations,lazytopper/src/data/questionBanks/class10/maths/quadraticEquations.pack2.ts:959,no-step-marks,"9 steps, no [N mark] prefixes",low,no
QE2-038,bank,quadratic-equations,lazytopper/src/data/questionBanks/class10/maths/quadraticEquations.pack2.ts:1041,no-step-marks,"5 steps, no [N mark] prefixes",low,no
QE2-040,bank,quadratic-equations,lazytopper/src/data/questionBanks/class10/maths/quadraticEquations.pack2.ts:1096,no-step-marks,"8 steps, no [N mark] prefixes",low,no
QE2-041,bank,quadratic-equations,lazytopper/src/data/questionBanks/class10/maths/quadraticEquations.pack2.ts:1125,no-step-marks,"6 steps, no [N mark] prefixes",low,no
QE2-042,bank,quadratic-equations,lazytopper/src/data/questionBanks/class10/maths/quadraticEquations.pack2.ts:1151,no-step-marks,"8 steps, no [N mark] prefixes",low,no
QE2-044,bank,quadratic-equations,lazytopper/src/data/questionBanks/class10/maths/quadraticEquations.pack2.ts:1210,no-step-marks,"11 steps, no [N mark] prefixes",low,no
AP2-003,bank,arithmetic-progression,lazytopper/src/data/questionBanks/class10/maths/arithmeticProgression.pack2.ts:64,no-step-marks,"4 steps, no [N mark] prefixes",low,no
AP2-004,bank,arithmetic-progression,lazytopper/src/data/questionBanks/class10/maths/arithmeticProgression.pack2.ts:89,no-step-marks,"6 steps, no [N mark] prefixes",low,no
AP2-007,bank,arithmetic-progression,lazytopper/src/data/questionBanks/class10/maths/arithmeticProgression.pack2.ts:178,no-step-marks,"4 steps, no [N mark] prefixes",low,no
AP2-008,bank,arithmetic-progression,lazytopper/src/data/questionBanks/class10/maths/arithmeticProgression.pack2.ts:203,no-step-marks,"5 steps, no [N mark] prefixes",low,no
AP2-010,bank,arithmetic-progression,lazytopper/src/data/questionBanks/class10/maths/arithmeticProgression.pack2.ts:259,no-step-marks,"5 steps, no [N mark] prefixes",low,no
AP2-011,bank,arithmetic-progression,lazytopper/src/data/questionBanks/class10/maths/arithmeticProgression.pack2.ts:285,no-step-marks,"5 steps, no [N mark] prefixes",low,no
AP2-012,bank,arithmetic-progression,lazytopper/src/data/questionBanks/class10/maths/arithmeticProgression.pack2.ts:310,no-step-marks,"8 steps, no [N mark] prefixes",low,no
AP2-013,bank,arithmetic-progression,lazytopper/src/data/questionBanks/class10/maths/arithmeticProgression.pack2.ts:339,no-step-marks,"5 steps, no [N mark] prefixes",low,no
AP2-018,bank,arithmetic-progression,lazytopper/src/data/questionBanks/class10/maths/arithmeticProgression.pack2.ts:481,no-step-marks,"9 steps, no [N mark] prefixes",low,no
AP2-019,bank,arithmetic-progression,lazytopper/src/data/questionBanks/class10/maths/arithmeticProgression.pack2.ts:510,no-step-marks,"28 steps, no [N mark] prefixes",low,no
AP2-020,bank,arithmetic-progression,lazytopper/src/data/questionBanks/class10/maths/arithmeticProgression.pack2.ts:559,no-step-marks,"4 steps, no [N mark] prefixes",low,no
AP2-021,bank,arithmetic-progression,lazytopper/src/data/questionBanks/class10/maths/arithmeticProgression.pack2.ts:583,no-step-marks,"5 steps, no [N mark] prefixes",low,no
AP2-028,bank,arithmetic-progression,lazytopper/src/data/questionBanks/class10/maths/arithmeticProgression.pack2.ts:792,no-step-marks,"9 steps, no [N mark] prefixes",low,no
AP2-029,bank,arithmetic-progression,lazytopper/src/data/questionBanks/class10/maths/arithmeticProgression.pack2.ts:822,no-step-marks,"4 steps, no [N mark] prefixes",low,no
AP2-033,bank,arithmetic-progression,lazytopper/src/data/questionBanks/class10/maths/arithmeticProgression.pack2.ts:940,no-step-marks,"5 steps, no [N mark] prefixes",low,no
AP2-034,bank,arithmetic-progression,lazytopper/src/data/questionBanks/class10/maths/arithmeticProgression.pack2.ts:965,no-step-marks,"5 steps, no [N mark] prefixes",low,no
AP2-036,bank,arithmetic-progression,lazytopper/src/data/questionBanks/class10/maths/arithmeticProgression.pack2.ts:1020,no-step-marks,"8 steps, no [N mark] prefixes",low,no
AP2-037,bank,arithmetic-progression,lazytopper/src/data/questionBanks/class10/maths/arithmeticProgression.pack2.ts:1048,no-step-marks,"11 steps, no [N mark] prefixes",low,no
AP2-038,bank,arithmetic-progression,lazytopper/src/data/questionBanks/class10/maths/arithmeticProgression.pack2.ts:1079,no-step-marks,"10 steps, no [N mark] prefixes",low,no
AP2-039,bank,arithmetic-progression,lazytopper/src/data/questionBanks/class10/maths/arithmeticProgression.pack2.ts:1109,no-step-marks,"5 steps, no [N mark] prefixes",low,no
AP2-043,bank,arithmetic-progression,lazytopper/src/data/questionBanks/class10/maths/arithmeticProgression.pack2.ts:1228,no-step-marks,"11 steps, no [N mark] prefixes",low,no
CG2-003,bank,coordinate-geometry,lazytopper/src/data/questionBanks/class10/maths/coordinateGeometry.pack2.ts:67,no-step-marks,"5 steps, no [N mark] prefixes",low,no
CG2-006,bank,coordinate-geometry,lazytopper/src/data/questionBanks/class10/maths/coordinateGeometry.pack2.ts:155,no-step-marks,"5 steps, no [N mark] prefixes",low,no
CG2-015,bank,coordinate-geometry,lazytopper/src/data/questionBanks/class10/maths/coordinateGeometry.pack2.ts:293,no-step-marks,"5 steps, no [N mark] prefixes",low,no
CG2-018,bank,coordinate-geometry,lazytopper/src/data/questionBanks/class10/maths/coordinateGeometry.pack2.ts:343,no-step-marks,"12 steps, no [N mark] prefixes",low,no
CG2-019,bank,coordinate-geometry,lazytopper/src/data/questionBanks/class10/maths/coordinateGeometry.pack2.ts:376,no-step-marks,"3 steps, no [N mark] prefixes",low,no
CG2-023,bank,coordinate-geometry,lazytopper/src/data/questionBanks/class10/maths/coordinateGeometry.pack2.ts:460,no-step-marks,"6 steps, no [N mark] prefixes",low,no
CG2-026,bank,coordinate-geometry,lazytopper/src/data/questionBanks/class10/maths/coordinateGeometry.pack2.ts:546,no-step-marks,"5 steps, no [N mark] prefixes",low,no
CG2-028,bank,coordinate-geometry,lazytopper/src/data/questionBanks/class10/maths/coordinateGeometry.pack2.ts:602,no-step-marks,"4 steps, no [N mark] prefixes",low,no
CG2-030,bank,coordinate-geometry,lazytopper/src/data/questionBanks/class10/maths/coordinateGeometry.pack2.ts:656,no-step-marks,"4 steps, no [N mark] prefixes",low,no
CG2-034,bank,coordinate-geometry,lazytopper/src/data/questionBanks/class10/maths/coordinateGeometry.pack2.ts:681,no-step-marks,"4 steps, no [N mark] prefixes",low,no
CG2-045,bank,coordinate-geometry,lazytopper/src/data/questionBanks/class10/maths/coordinateGeometry.pack2.ts:919,no-step-marks,"6 steps, no [N mark] prefixes",low,no
CG2-047,bank,coordinate-geometry,lazytopper/src/data/questionBanks/class10/maths/coordinateGeometry.pack2.ts:971,no-step-marks,"4 steps, no [N mark] prefixes",low,no
CI2-006,bank,circles,lazytopper/src/data/questionBanks/class10/maths/circles.pack2.ts:156,no-step-marks,"6 steps, no [N mark] prefixes",low,no
CI2-007,bank,circles,lazytopper/src/data/questionBanks/class10/maths/circles.pack2.ts:183,no-step-marks,"7 steps, no [N mark] prefixes",low,no
CI2-008,bank,circles,lazytopper/src/data/questionBanks/class10/maths/circles.pack2.ts:211,no-step-marks,"4 steps, no [N mark] prefixes",low,no
CI2-012,bank,circles,lazytopper/src/data/questionBanks/class10/maths/circles.pack2.ts:328,no-step-marks,"7 steps, no [N mark] prefixes",low,no
CI2-013,bank,circles,lazytopper/src/data/questionBanks/class10/maths/circles.pack2.ts:356,no-step-marks,"8 steps, no [N mark] prefixes",low,no
CI2-016,bank,circles,lazytopper/src/data/questionBanks/class10/maths/circles.pack2.ts:447,no-step-marks,"12 steps, no [N mark] prefixes",low,no
CI2-017,bank,circles,lazytopper/src/data/questionBanks/class10/maths/circles.pack2.ts:479,no-step-marks,"15 steps, no [N mark] prefixes",low,no
CI2-018,bank,circles,lazytopper/src/data/questionBanks/class10/maths/circles.pack2.ts:514,no-step-marks,"32 steps, no [N mark] prefixes",low,no
CI2-020,bank,circles,lazytopper/src/data/questionBanks/class10/maths/circles.pack2.ts:602,source-residue,matched 'PTO',medium,no
CI2-022,bank,circles,lazytopper/src/data/questionBanks/class10/maths/circles.pack2.ts:665,no-step-marks,"9 steps, no [N mark] prefixes",low,no
CI2-027,bank,circles,lazytopper/src/data/questionBanks/class10/maths/circles.pack2.ts:753,no-step-marks,"4 steps, no [N mark] prefixes",low,no
CI2-031,bank,circles,lazytopper/src/data/questionBanks/class10/maths/circles.pack2.ts:810,no-step-marks,"7 steps, no [N mark] prefixes",low,no
CI2-038,bank,circles,lazytopper/src/data/questionBanks/class10/maths/circles.pack2.ts:1036,no-step-marks,"21 steps, no [N mark] prefixes",low,no
CI2-042,bank,circles,lazytopper/src/data/questionBanks/class10/maths/circles.pack2.ts:1187,no-step-marks,"8 steps, no [N mark] prefixes",low,no
CI2-044,bank,circles,lazytopper/src/data/questionBanks/class10/maths/circles.pack2.ts:1248,no-step-marks,"9 steps, no [N mark] prefixes",low,no
ARC2-005,bank,areas-related-to-circles,lazytopper/src/data/questionBanks/class10/maths/areasRelatedToCircles.pack2.ts:127,no-step-marks,"5 steps, no [N mark] prefixes",low,no
ARC2-006,bank,areas-related-to-circles,lazytopper/src/data/questionBanks/class10/maths/areasRelatedToCircles.pack2.ts:153,no-step-marks,"5 steps, no [N mark] prefixes",low,no
ARC2-011,bank,areas-related-to-circles,lazytopper/src/data/questionBanks/class10/maths/areasRelatedToCircles.pack2.ts:293,no-step-marks,"3 steps, no [N mark] prefixes",low,no
ARC2-015,bank,areas-related-to-circles,lazytopper/src/data/questionBanks/class10/maths/areasRelatedToCircles.pack2.ts:395,no-step-marks,"3 steps, no [N mark] prefixes",low,no
ARC2-023,bank,areas-related-to-circles,lazytopper/src/data/questionBanks/class10/maths/areasRelatedToCircles.pack2.ts:620,no-step-marks,"7 steps, no [N mark] prefixes",low,no
ARC2-028,bank,areas-related-to-circles,lazytopper/src/data/questionBanks/class10/maths/areasRelatedToCircles.pack2.ts:707,no-step-marks,"4 steps, no [N mark] prefixes",low,no
ARC2-029,bank,areas-related-to-circles,lazytopper/src/data/questionBanks/class10/maths/areasRelatedToCircles.pack2.ts:732,no-step-marks,"4 steps, no [N mark] prefixes",low,no
ARC2-042,bank,areas-related-to-circles,lazytopper/src/data/questionBanks/class10/maths/areasRelatedToCircles.pack2.ts:1089,no-step-marks,"3 steps, no [N mark] prefixes",low,no
ARC2-044,bank,areas-related-to-circles,lazytopper/src/data/questionBanks/class10/maths/areasRelatedToCircles.pack2.ts:1144,no-step-marks,"3 steps, no [N mark] prefixes",low,no
SAV2-004,bank,surface-areas-and-volumes,lazytopper/src/data/questionBanks/class10/maths/surfaceAreasVolumes.pack2.ts:94,no-step-marks,"4 steps, no [N mark] prefixes",low,no
SAV2-014,bank,surface-areas-and-volumes,lazytopper/src/data/questionBanks/class10/maths/surfaceAreasVolumes.pack2.ts:120,no-step-marks,"6 steps, no [N mark] prefixes",low,no
SAV2-019,bank,surface-areas-and-volumes,lazytopper/src/data/questionBanks/class10/maths/surfaceAreasVolumes.pack2.ts:177,no-step-marks,"8 steps, no [N mark] prefixes",low,no
SAV2-026,bank,surface-areas-and-volumes,lazytopper/src/data/questionBanks/class10/maths/surfaceAreasVolumes.pack2.ts:295,no-step-marks,"4 steps, no [N mark] prefixes",low,no
SAV2-027,bank,surface-areas-and-volumes,lazytopper/src/data/questionBanks/class10/maths/surfaceAreasVolumes.pack2.ts:320,no-step-marks,"3 steps, no [N mark] prefixes",low,no
SAV2-039,bank,surface-areas-and-volumes,lazytopper/src/data/questionBanks/class10/maths/surfaceAreasVolumes.pack2.ts:409,no-step-marks,"4 steps, no [N mark] prefixes",low,no
SAV2-042,bank,surface-areas-and-volumes,lazytopper/src/data/questionBanks/class10/maths/surfaceAreasVolumes.pack2.ts:435,no-step-marks,"14 steps, no [N mark] prefixes",low,no
SAV2-046,bank,surface-areas-and-volumes,lazytopper/src/data/questionBanks/class10/maths/surfaceAreasVolumes.pack2.ts:500,no-step-marks,"5 steps, no [N mark] prefixes",low,no
SAV2-R03,bank,surface-areas-and-volumes,lazytopper/src/data/questionBanks/class10/maths/surfaceAreasVolumes.pack2.ts:564,no-step-marks,"3 steps, no [N mark] prefixes",low,no
SAV2-R04,bank,surface-areas-and-volumes,lazytopper/src/data/questionBanks/class10/maths/surfaceAreasVolumes.pack2.ts:583,no-step-marks,"4 steps, no [N mark] prefixes",low,no
SAV2-R06,bank,surface-areas-and-volumes,lazytopper/src/data/questionBanks/class10/maths/surfaceAreasVolumes.pack2.ts:621,no-step-marks,"6 steps, no [N mark] prefixes",low,no
SAV2-R12,bank,surface-areas-and-volumes,lazytopper/src/data/questionBanks/class10/maths/surfaceAreasVolumes.pack2.ts:736,no-step-marks,"4 steps, no [N mark] prefixes",low,no
SAV2-R15,bank,surface-areas-and-volumes,lazytopper/src/data/questionBanks/class10/maths/surfaceAreasVolumes.pack2.ts:793,no-step-marks,"3 steps, no [N mark] prefixes",low,no
ST2-003,bank,statistics,lazytopper/src/data/questionBanks/class10/maths/statistics.pack2.ts:63,no-step-marks,"5 steps, no [N mark] prefixes",low,no
ST2-006,bank,statistics,lazytopper/src/data/questionBanks/class10/maths/statistics.pack2.ts:148,no-step-marks,"5 steps, no [N mark] prefixes",low,no
ST2-009,bank,statistics,lazytopper/src/data/questionBanks/class10/maths/statistics.pack2.ts:232,no-step-marks,"4 steps, no [N mark] prefixes",low,no
ST2-013,bank,statistics,lazytopper/src/data/questionBanks/class10/maths/statistics.pack2.ts:258,no-step-marks,"7 steps, no [N mark] prefixes",low,no
ST2-014,bank,statistics,lazytopper/src/data/questionBanks/class10/maths/statistics.pack2.ts:286,no-step-marks,"7 steps, no [N mark] prefixes",low,no
ST2-019,bank,statistics,lazytopper/src/data/questionBanks/class10/maths/statistics.pack2.ts:373,no-step-marks,"10 steps, no [N mark] prefixes",low,no
ST2-020,bank,statistics,lazytopper/src/data/questionBanks/class10/maths/statistics.pack2.ts:404,no-step-marks,"10 steps, no [N mark] prefixes",low,no
ST2-021,bank,statistics,lazytopper/src/data/questionBanks/class10/maths/statistics.pack2.ts:435,no-step-marks,"19 steps, no [N mark] prefixes",low,no
ST2-026,bank,statistics,lazytopper/src/data/questionBanks/class10/maths/statistics.pack2.ts:537,no-step-marks,"7 steps, no [N mark] prefixes",low,no
ST2-029,bank,statistics,lazytopper/src/data/questionBanks/class10/maths/statistics.pack2.ts:630,no-step-marks,"7 steps, no [N mark] prefixes",low,no
ST2-032,bank,statistics,lazytopper/src/data/questionBanks/class10/maths/statistics.pack2.ts:720,no-step-marks,"4 steps, no [N mark] prefixes",low,no
ST2-037,bank,statistics,lazytopper/src/data/questionBanks/class10/maths/statistics.pack2.ts:769,no-step-marks,"10 steps, no [N mark] prefixes",low,no
ST2-038,bank,statistics,lazytopper/src/data/questionBanks/class10/maths/statistics.pack2.ts:800,no-step-marks,"11 steps, no [N mark] prefixes",low,no
ST2-043,bank,statistics,lazytopper/src/data/questionBanks/class10/maths/statistics.pack2.ts:930,no-step-marks,"8 steps, no [N mark] prefixes",low,no
ST2-044,bank,statistics,lazytopper/src/data/questionBanks/class10/maths/statistics.pack2.ts:959,no-step-marks,"16 steps, no [N mark] prefixes",low,no
ST2-045,bank,statistics,lazytopper/src/data/questionBanks/class10/maths/statistics.pack2.ts:996,no-step-marks,"18 steps, no [N mark] prefixes",low,no
STAT2-R02,bank,statistics,lazytopper/src/data/questionBanks/class10/maths/statistics.pack2.ts:1035,no-step-marks,"3 steps, no [N mark] prefixes",low,no
STAT2-R04,bank,statistics,lazytopper/src/data/questionBanks/class10/maths/statistics.pack2.ts:1074,no-step-marks,"4 steps, no [N mark] prefixes",low,no
STAT2-R05,bank,statistics,lazytopper/src/data/questionBanks/class10/maths/statistics.pack2.ts:1093,no-step-marks,"4 steps, no [N mark] prefixes",low,no
STAT2-R07,bank,statistics,lazytopper/src/data/questionBanks/class10/maths/statistics.pack2.ts:1112,no-step-marks,"3 steps, no [N mark] prefixes",low,no
PR2-006,bank,probability,lazytopper/src/data/questionBanks/class10/maths/probability.pack2.ts:156,no-step-marks,"3 steps, no [N mark] prefixes",low,no
PR2-007,bank,probability,lazytopper/src/data/questionBanks/class10/maths/probability.pack2.ts:181,no-step-marks,"3 steps, no [N mark] prefixes",low,no
PR2-010,bank,probability,lazytopper/src/data/questionBanks/class10/maths/probability.pack2.ts:268,no-step-marks,"3 steps, no [N mark] prefixes",low,no
PR2-011,bank,probability,lazytopper/src/data/questionBanks/class10/maths/probability.pack2.ts:293,no-step-marks,"3 steps, no [N mark] prefixes",low,no
PR2-012,bank,probability,lazytopper/src/data/questionBanks/class10/maths/probability.pack2.ts:318,no-step-marks,"3 steps, no [N mark] prefixes",low,no
PR2-018,bank,probability,lazytopper/src/data/questionBanks/class10/maths/probability.pack2.ts:491,no-step-marks,"2 steps, no [N mark] prefixes",low,no
PR2-021,bank,probability,lazytopper/src/data/questionBanks/class10/maths/probability.pack2.ts:564,no-step-marks,"9 steps, no [N mark] prefixes",low,no
PR2-022,bank,probability,lazytopper/src/data/questionBanks/class10/maths/probability.pack2.ts:594,no-step-marks,"4 steps, no [N mark] prefixes",low,no
PR2-032,bank,probability,lazytopper/src/data/questionBanks/class10/maths/probability.pack2.ts:864,no-step-marks,"3 steps, no [N mark] prefixes",low,no
PR2-033,bank,probability,lazytopper/src/data/questionBanks/class10/maths/probability.pack2.ts:889,no-step-marks,"3 steps, no [N mark] prefixes",low,no
PR2-037,bank,probability,lazytopper/src/data/questionBanks/class10/maths/probability.pack2.ts:1007,no-step-marks,"4 steps, no [N mark] prefixes",low,no
PR2-039,bank,probability,lazytopper/src/data/questionBanks/class10/maths/probability.pack2.ts:1064,no-step-marks,"3 steps, no [N mark] prefixes",low,no
PR2-043,bank,probability,lazytopper/src/data/questionBanks/class10/maths/probability.pack2.ts:1145,no-step-marks,"11 steps, no [N mark] prefixes",low,no
PR2-044,bank,probability,lazytopper/src/data/questionBanks/class10/maths/probability.pack2.ts:1177,no-step-marks,"13 steps, no [N mark] prefixes",low,no
CR2-011,bank,chemical-reactions-and-equations,lazytopper/src/data/questionBanks/class10/science/chemicalReactions.pack2.ts:309,no-step-marks,"2 steps, no [N mark] prefixes",low,no
CR2-012,bank,chemical-reactions-and-equations,lazytopper/src/data/questionBanks/class10/science/chemicalReactions.pack2.ts:332,no-step-marks,"4 steps, no [N mark] prefixes",low,no
CR2-013,bank,chemical-reactions-and-equations,lazytopper/src/data/questionBanks/class10/science/chemicalReactions.pack2.ts:357,no-step-marks,"3 steps, no [N mark] prefixes",low,no
CR2-015,bank,chemical-reactions-and-equations,lazytopper/src/data/questionBanks/class10/science/chemicalReactions.pack2.ts:406,no-step-marks,"5 steps, no [N mark] prefixes",low,no
CR2-019,bank,chemical-reactions-and-equations,lazytopper/src/data/questionBanks/class10/science/chemicalReactions.pack2.ts:524,no-step-marks,"6 steps, no [N mark] prefixes",low,no
CR2-020,bank,chemical-reactions-and-equations,lazytopper/src/data/questionBanks/class10/science/chemicalReactions.pack2.ts:551,no-step-marks,"7 steps, no [N mark] prefixes",low,no
CR2-024,bank,chemical-reactions-and-equations,lazytopper/src/data/questionBanks/class10/science/chemicalReactions.pack2.ts:692,no-step-marks,"3 steps, no [N mark] prefixes",low,no
CR2-025,bank,chemical-reactions-and-equations,lazytopper/src/data/questionBanks/class10/science/chemicalReactions.pack2.ts:716,no-step-marks,"6 steps, no [N mark] prefixes",low,no
CR2-031,bank,chemical-reactions-and-equations,lazytopper/src/data/questionBanks/class10/science/chemicalReactions.pack2.ts:836,no-step-marks,"5 steps, no [N mark] prefixes",low,no
CR2-036,bank,chemical-reactions-and-equations,lazytopper/src/data/questionBanks/class10/science/chemicalReactions.pack2.ts:982,no-step-marks,"4 steps, no [N mark] prefixes",low,no
CR2-038,bank,chemical-reactions-and-equations,lazytopper/src/data/questionBanks/class10/science/chemicalReactions.pack2.ts:1034,no-step-marks,"4 steps, no [N mark] prefixes",low,no
CR2-041,bank,chemical-reactions-and-equations,lazytopper/src/data/questionBanks/class10/science/chemicalReactions.pack2.ts:1123,no-step-marks,"4 steps, no [N mark] prefixes",low,no
CR2-043,bank,chemical-reactions-and-equations,lazytopper/src/data/questionBanks/class10/science/chemicalReactions.pack2.ts:1175,no-step-marks,"2 steps, no [N mark] prefixes",low,no
CR2-044,bank,chemical-reactions-and-equations,lazytopper/src/data/questionBanks/class10/science/chemicalReactions.pack2.ts:1198,no-step-marks,"8 steps, no [N mark] prefixes",low,no
CR2-045,bank,chemical-reactions-and-equations,lazytopper/src/data/questionBanks/class10/science/chemicalReactions.pack2.ts:1227,no-step-marks,"6 steps, no [N mark] prefixes",low,no
CR2-047,bank,chemical-reactions-and-equations,lazytopper/src/data/questionBanks/class10/science/chemicalReactions.pack2.ts:1280,no-step-marks,"6 steps, no [N mark] prefixes",low,no
CR2-048,bank,chemical-reactions-and-equations,lazytopper/src/data/questionBanks/class10/science/chemicalReactions.pack2.ts:1307,no-step-marks,"10 steps, no [N mark] prefixes",low,no
ABS2-010,bank,acids-bases-and-salts,lazytopper/src/data/questionBanks/class10/science/acidsBasesSalts.pack2.ts:288,no-step-marks,"5 steps, no [N mark] prefixes",low,no
ABS2-011,bank,acids-bases-and-salts,lazytopper/src/data/questionBanks/class10/science/acidsBasesSalts.pack2.ts:314,no-step-marks,"4 steps, no [N mark] prefixes",low,no
ABS2-018,bank,acids-bases-and-salts,lazytopper/src/data/questionBanks/class10/science/acidsBasesSalts.pack2.ts:523,no-step-marks,"13 steps, no [N mark] prefixes",low,no
ABS2-019,bank,acids-bases-and-salts,lazytopper/src/data/questionBanks/class10/science/acidsBasesSalts.pack2.ts:557,no-step-marks,"17 steps, no [N mark] prefixes",low,no
ABS2-020,bank,acids-bases-and-salts,lazytopper/src/data/questionBanks/class10/science/acidsBasesSalts.pack2.ts:594,no-step-marks,"32 steps, no [N mark] prefixes",low,no
ABS2-022,bank,acids-bases-and-salts,lazytopper/src/data/questionBanks/class10/science/acidsBasesSalts.pack2.ts:677,no-step-marks,"5 steps, no [N mark] prefixes",low,no
ABS2-023,bank,acids-bases-and-salts,lazytopper/src/data/questionBanks/class10/science/acidsBasesSalts.pack2.ts:703,no-step-marks,"8 steps, no [N mark] prefixes",low,no
ABS2-024,bank,acids-bases-and-salts,lazytopper/src/data/questionBanks/class10/science/acidsBasesSalts.pack2.ts:731,no-step-marks,"7 steps, no [N mark] prefixes",low,no
ABS2-035,bank,acids-bases-and-salts,lazytopper/src/data/questionBanks/class10/science/acidsBasesSalts.pack2.ts:1028,no-step-marks,"4 steps, no [N mark] prefixes",low,no
ABS2-036,bank,acids-bases-and-salts,lazytopper/src/data/questionBanks/class10/science/acidsBasesSalts.pack2.ts:1052,no-step-marks,"4 steps, no [N mark] prefixes",low,no
ABS2-038,bank,acids-bases-and-salts,lazytopper/src/data/questionBanks/class10/science/acidsBasesSalts.pack2.ts:1106,no-step-marks,"4 steps, no [N mark] prefixes",low,no
ABS2-040,bank,acids-bases-and-salts,lazytopper/src/data/questionBanks/class10/science/acidsBasesSalts.pack2.ts:1160,no-step-marks,"4 steps, no [N mark] prefixes",low,no
ABS2-042,bank,acids-bases-and-salts,lazytopper/src/data/questionBanks/class10/science/acidsBasesSalts.pack2.ts:1214,no-step-marks,"4 steps, no [N mark] prefixes",low,no
ABS2-044,bank,acids-bases-and-salts,lazytopper/src/data/questionBanks/class10/science/acidsBasesSalts.pack2.ts:1263,no-step-marks,"8 steps, no [N mark] prefixes",low,no
ABS2-047,bank,acids-bases-and-salts,lazytopper/src/data/questionBanks/class10/science/acidsBasesSalts.pack2.ts:1352,no-step-marks,"2 steps, no [N mark] prefixes",low,no
ABS2-048,bank,acids-bases-and-salts,lazytopper/src/data/questionBanks/class10/science/acidsBasesSalts.pack2.ts:1375,no-step-marks,"6 steps, no [N mark] prefixes",low,no
MNM2-016,bank,metals-and-non-metals,lazytopper/src/data/questionBanks/class10/science/metalsNonMetals.pack2.ts:447,no-step-marks,"5 steps, no [N mark] prefixes",low,no
MNM2-017,bank,metals-and-non-metals,lazytopper/src/data/questionBanks/class10/science/metalsNonMetals.pack2.ts:474,no-step-marks,"4 steps, no [N mark] prefixes",low,no
MNM2-018,bank,metals-and-non-metals,lazytopper/src/data/questionBanks/class10/science/metalsNonMetals.pack2.ts:499,no-step-marks,"4 steps, no [N mark] prefixes",low,no
MNM2-022,bank,metals-and-non-metals,lazytopper/src/data/questionBanks/class10/science/metalsNonMetals.pack2.ts:614,no-step-marks,"5 steps, no [N mark] prefixes",low,no
MNM2-024,bank,metals-and-non-metals,lazytopper/src/data/questionBanks/class10/science/metalsNonMetals.pack2.ts:663,no-step-marks,"19 steps, no [N mark] prefixes",low,no
MNM2-031,bank,metals-and-non-metals,lazytopper/src/data/questionBanks/class10/science/metalsNonMetals.pack2.ts:853,no-step-marks,"3 steps, no [N mark] prefixes",low,no
MNM2-034,bank,metals-and-non-metals,lazytopper/src/data/questionBanks/class10/science/metalsNonMetals.pack2.ts:936,no-step-marks,"3 steps, no [N mark] prefixes",low,no
MNM2-037,bank,metals-and-non-metals,lazytopper/src/data/questionBanks/class10/science/metalsNonMetals.pack2.ts:1018,no-step-marks,"2 steps, no [N mark] prefixes",low,no
MNM2-041,bank,metals-and-non-metals,lazytopper/src/data/questionBanks/class10/science/metalsNonMetals.pack2.ts:1129,no-step-marks,"4 steps, no [N mark] prefixes",low,no
MNM2-046,bank,metals-and-non-metals,lazytopper/src/data/questionBanks/class10/science/metalsNonMetals.pack2.ts:1268,no-step-marks,"8 steps, no [N mark] prefixes",low,no
MNM2-047,bank,metals-and-non-metals,lazytopper/src/data/questionBanks/class10/science/metalsNonMetals.pack2.ts:1297,no-step-marks,"10 steps, no [N mark] prefixes",low,no
MNM2-049,bank,metals-and-non-metals,lazytopper/src/data/questionBanks/class10/science/metalsNonMetals.pack2.ts:1358,no-step-marks,"4 steps, no [N mark] prefixes",low,no
CC2-009,bank,carbon-and-its-compounds,lazytopper/src/data/questionBanks/class10/science/carbonCompounds.pack2.ts:253,no-step-marks,"6 steps, no [N mark] prefixes",low,no
CC2-020,bank,carbon-and-its-compounds,lazytopper/src/data/questionBanks/class10/science/carbonCompounds.pack2.ts:589,no-step-marks,"7 steps, no [N mark] prefixes",low,no
CC2-022,bank,carbon-and-its-compounds,lazytopper/src/data/questionBanks/class10/science/carbonCompounds.pack2.ts:641,no-step-marks,"20 steps, no [N mark] prefixes",low,no
CC2-024,bank,carbon-and-its-compounds,lazytopper/src/data/questionBanks/class10/science/carbonCompounds.pack2.ts:712,no-step-marks,"6 steps, no [N mark] prefixes",low,no
CC2-025,bank,carbon-and-its-compounds,lazytopper/src/data/questionBanks/class10/science/carbonCompounds.pack2.ts:739,no-step-marks,"8 steps, no [N mark] prefixes",low,no
CC2-047,bank,carbon-and-its-compounds,lazytopper/src/data/questionBanks/class10/science/carbonCompounds.pack2.ts:1405,no-step-marks,"6 steps, no [N mark] prefixes",low,no
CC2-048,bank,carbon-and-its-compounds,lazytopper/src/data/questionBanks/class10/science/carbonCompounds.pack2.ts:1433,no-step-marks,"5 steps, no [N mark] prefixes",low,no
CC2-051,bank,carbon-and-its-compounds,lazytopper/src/data/questionBanks/class10/science/carbonCompounds.pack2.ts:1505,no-step-marks,"22 steps, no [N mark] prefixes",low,no
LP2-005,bank,life-processes,lazytopper/src/data/questionBanks/class10/science/lifeProcesses.pack2.ts:127,no-step-marks,"3 steps, no [N mark] prefixes",low,no
LP2-012,bank,life-processes,lazytopper/src/data/questionBanks/class10/science/lifeProcesses.pack2.ts:333,no-step-marks,"3 steps, no [N mark] prefixes",low,no
LP2-017,bank,life-processes,lazytopper/src/data/questionBanks/class10/science/lifeProcesses.pack2.ts:478,no-step-marks,"4 steps, no [N mark] prefixes",low,no
LP2-023,bank,life-processes,lazytopper/src/data/questionBanks/class10/science/lifeProcesses.pack2.ts:657,no-step-marks,"5 steps, no [N mark] prefixes",low,no
LP2-026,bank,life-processes,lazytopper/src/data/questionBanks/class10/science/lifeProcesses.pack2.ts:741,no-step-marks,"6 steps, no [N mark] prefixes",low,no
LP2-028,bank,life-processes,lazytopper/src/data/questionBanks/class10/science/lifeProcesses.pack2.ts:826,no-step-marks,"2 steps, no [N mark] prefixes",low,no
LP2-031,bank,life-processes,lazytopper/src/data/questionBanks/class10/science/lifeProcesses.pack2.ts:907,no-step-marks,"4 steps, no [N mark] prefixes",low,no
LP2-035,bank,life-processes,lazytopper/src/data/questionBanks/class10/science/lifeProcesses.pack2.ts:990,no-step-marks,"3 steps, no [N mark] prefixes",low,no
LP2-037,bank,life-processes,lazytopper/src/data/questionBanks/class10/science/lifeProcesses.pack2.ts:1043,no-step-marks,"4 steps, no [N mark] prefixes",low,no
LP2-041,bank,life-processes,lazytopper/src/data/questionBanks/class10/science/lifeProcesses.pack2.ts:1128,no-step-marks,"3 steps, no [N mark] prefixes",low,no
LP2-044,bank,life-processes,lazytopper/src/data/questionBanks/class10/science/lifeProcesses.pack2.ts:1211,no-step-marks,"4 steps, no [N mark] prefixes",low,no
LP2-048,bank,life-processes,lazytopper/src/data/questionBanks/class10/science/lifeProcesses.pack2.ts:1324,no-step-marks,"3 steps, no [N mark] prefixes",low,no
LP2-050,bank,life-processes,lazytopper/src/data/questionBanks/class10/science/lifeProcesses.pack2.ts:1377,no-step-marks,"4 steps, no [N mark] prefixes",low,no
LP2-051,bank,life-processes,lazytopper/src/data/questionBanks/class10/science/lifeProcesses.pack2.ts:1402,no-step-marks,"4 steps, no [N mark] prefixes",low,no
LP2-052,bank,life-processes,lazytopper/src/data/questionBanks/class10/science/lifeProcesses.pack2.ts:1426,no-step-marks,"9 steps, no [N mark] prefixes",low,no
LP2-053,bank,life-processes,lazytopper/src/data/questionBanks/class10/science/lifeProcesses.pack2.ts:1456,no-step-marks,"9 steps, no [N mark] prefixes",low,no
LP2-058,bank,life-processes,lazytopper/src/data/questionBanks/class10/science/lifeProcesses.pack2.ts:1570,no-step-marks,"6 steps, no [N mark] prefixes",low,no
CNC2-004,bank,control-and-coordination,lazytopper/src/data/questionBanks/class10/science/controlAndCoordination.pack2.ts:96,no-step-marks,"4 steps, no [N mark] prefixes",low,no
CNC2-010,bank,control-and-coordination,lazytopper/src/data/questionBanks/class10/science/controlAndCoordination.pack2.ts:273,no-step-marks,"4 steps, no [N mark] prefixes",low,no
CNC2-014,bank,control-and-coordination,lazytopper/src/data/questionBanks/class10/science/controlAndCoordination.pack2.ts:391,no-step-marks,"4 steps, no [N mark] prefixes",low,no
CNC2-016,bank,control-and-coordination,lazytopper/src/data/questionBanks/class10/science/controlAndCoordination.pack2.ts:447,no-step-marks,"4 steps, no [N mark] prefixes",low,no
CNC2-017,bank,control-and-coordination,lazytopper/src/data/questionBanks/class10/science/controlAndCoordination.pack2.ts:471,no-step-marks,"5 steps, no [N mark] prefixes",low,no
CNC2-018,bank,control-and-coordination,lazytopper/src/data/questionBanks/class10/science/controlAndCoordination.pack2.ts:496,no-step-marks,"5 steps, no [N mark] prefixes",low,no
CNC2-019,bank,control-and-coordination,lazytopper/src/data/questionBanks/class10/science/controlAndCoordination.pack2.ts:521,no-step-marks,"6 steps, no [N mark] prefixes",low,no
CNC2-020,bank,control-and-coordination,lazytopper/src/data/questionBanks/class10/science/controlAndCoordination.pack2.ts:547,no-step-marks,"7 steps, no [N mark] prefixes",low,no
CNC2-021,bank,control-and-coordination,lazytopper/src/data/questionBanks/class10/science/controlAndCoordination.pack2.ts:574,no-step-marks,"10 steps, no [N mark] prefixes",low,no
CNC2-022,bank,control-and-coordination,lazytopper/src/data/questionBanks/class10/science/controlAndCoordination.pack2.ts:604,no-step-marks,"5 steps, no [N mark] prefixes",low,no
CNC2-024,bank,control-and-coordination,lazytopper/src/data/questionBanks/class10/science/controlAndCoordination.pack2.ts:656,no-step-marks,"5 steps, no [N mark] prefixes",low,no
CNC2-039,bank,control-and-coordination,lazytopper/src/data/questionBanks/class10/science/controlAndCoordination.pack2.ts:1103,no-step-marks,"4 steps, no [N mark] prefixes",low,no
CNC2-040,bank,control-and-coordination,lazytopper/src/data/questionBanks/class10/science/controlAndCoordination.pack2.ts:1128,no-step-marks,"7 steps, no [N mark] prefixes",low,no
CNC2-041,bank,control-and-coordination,lazytopper/src/data/questionBanks/class10/science/controlAndCoordination.pack2.ts:1156,no-step-marks,"3 steps, no [N mark] prefixes",low,no
CNC2-042,bank,control-and-coordination,lazytopper/src/data/questionBanks/class10/science/controlAndCoordination.pack2.ts:1180,no-step-marks,"4 steps, no [N mark] prefixes",low,no
CNC2-043,bank,control-and-coordination,lazytopper/src/data/questionBanks/class10/science/controlAndCoordination.pack2.ts:1205,no-step-marks,"4 steps, no [N mark] prefixes",low,no
CNC2-045,bank,control-and-coordination,lazytopper/src/data/questionBanks/class10/science/controlAndCoordination.pack2.ts:1260,no-step-marks,"6 steps, no [N mark] prefixes",low,no
CNC2-046,bank,control-and-coordination,lazytopper/src/data/questionBanks/class10/science/controlAndCoordination.pack2.ts:1287,no-step-marks,"5 steps, no [N mark] prefixes",low,no
CNC2-047,bank,control-and-coordination,lazytopper/src/data/questionBanks/class10/science/controlAndCoordination.pack2.ts:1313,no-step-marks,"6 steps, no [N mark] prefixes",low,no
CNC2-048,bank,control-and-coordination,lazytopper/src/data/questionBanks/class10/science/controlAndCoordination.pack2.ts:1340,no-step-marks,"9 steps, no [N mark] prefixes",low,no
CNC2-049,bank,control-and-coordination,lazytopper/src/data/questionBanks/class10/science/controlAndCoordination.pack2.ts:1369,no-step-marks,"9 steps, no [N mark] prefixes",low,no
CNC2-054,bank,control-and-coordination,lazytopper/src/data/questionBanks/class10/science/controlAndCoordination.pack2.ts:1483,no-step-marks,"4 steps, no [N mark] prefixes",low,no
CNC2-055,bank,control-and-coordination,lazytopper/src/data/questionBanks/class10/science/controlAndCoordination.pack2.ts:1504,no-step-marks,"6 steps, no [N mark] prefixes",low,no
REP2-004,bank,how-do-organisms-reproduce,lazytopper/src/data/questionBanks/class10/science/reproduction.pack2.ts:98,no-step-marks,"4 steps, no [N mark] prefixes",low,no
REP2-008,bank,how-do-organisms-reproduce,lazytopper/src/data/questionBanks/class10/science/reproduction.pack2.ts:216,no-step-marks,"6 steps, no [N mark] prefixes",low,no
REP2-009,bank,how-do-organisms-reproduce,lazytopper/src/data/questionBanks/class10/science/reproduction.pack2.ts:242,no-step-marks,"7 steps, no [N mark] prefixes",low,no
REP2-013,bank,how-do-organisms-reproduce,lazytopper/src/data/questionBanks/class10/science/reproduction.pack2.ts:366,no-step-marks,"6 steps, no [N mark] prefixes",low,no
REP2-017,bank,how-do-organisms-reproduce,lazytopper/src/data/questionBanks/class10/science/reproduction.pack2.ts:488,no-step-marks,"7 steps, no [N mark] prefixes",low,no
REP2-020,bank,how-do-organisms-reproduce,lazytopper/src/data/questionBanks/class10/science/reproduction.pack2.ts:579,no-step-marks,"9 steps, no [N mark] prefixes",low,no
REP2-021,bank,how-do-organisms-reproduce,lazytopper/src/data/questionBanks/class10/science/reproduction.pack2.ts:608,no-step-marks,"14 steps, no [N mark] prefixes",low,no
REP2-023,bank,how-do-organisms-reproduce,lazytopper/src/data/questionBanks/class10/science/reproduction.pack2.ts:685,no-step-marks,"10 steps, no [N mark] prefixes",low,no
REP2-024,bank,how-do-organisms-reproduce,lazytopper/src/data/questionBanks/class10/science/reproduction.pack2.ts:716,no-step-marks,"9 steps, no [N mark] prefixes",low,no
REP2-025,bank,how-do-organisms-reproduce,lazytopper/src/data/questionBanks/class10/science/reproduction.pack2.ts:745,no-step-marks,"13 steps, no [N mark] prefixes",low,no
REP2-031,bank,how-do-organisms-reproduce,lazytopper/src/data/questionBanks/class10/science/reproduction.pack2.ts:892,no-step-marks,"5 steps, no [N mark] prefixes",low,no
REP2-035,bank,how-do-organisms-reproduce,lazytopper/src/data/questionBanks/class10/science/reproduction.pack2.ts:1008,no-step-marks,"5 steps, no [N mark] prefixes",low,no
REP2-039,bank,how-do-organisms-reproduce,lazytopper/src/data/questionBanks/class10/science/reproduction.pack2.ts:1122,no-step-marks,"2 steps, no [N mark] prefixes",low,no
REP2-044,bank,how-do-organisms-reproduce,lazytopper/src/data/questionBanks/class10/science/reproduction.pack2.ts:1269,no-step-marks,"6 steps, no [N mark] prefixes",low,no
REP2-045,bank,how-do-organisms-reproduce,lazytopper/src/data/questionBanks/class10/science/reproduction.pack2.ts:1295,no-step-marks,"3 steps, no [N mark] prefixes",low,no
REP2-047,bank,how-do-organisms-reproduce,lazytopper/src/data/questionBanks/class10/science/reproduction.pack2.ts:1365,no-step-marks,"49 steps, no [N mark] prefixes",low,no
REP2-048,bank,how-do-organisms-reproduce,lazytopper/src/data/questionBanks/class10/science/reproduction.pack2.ts:1434,no-step-marks,"9 steps, no [N mark] prefixes",low,no
HE2-005,bank,heredity,lazytopper/src/data/questionBanks/class10/science/heredity.pack2.ts:122,no-step-marks,"4 steps, no [N mark] prefixes",low,no
HE2-006,bank,heredity,lazytopper/src/data/questionBanks/class10/science/heredity.pack2.ts:147,no-step-marks,"4 steps, no [N mark] prefixes",low,no
HE2-014,bank,heredity,lazytopper/src/data/questionBanks/class10/science/heredity.pack2.ts:226,no-step-marks,"3 steps, no [N mark] prefixes",low,no
HE2-015,bank,heredity,lazytopper/src/data/questionBanks/class10/science/heredity.pack2.ts:250,no-step-marks,"5 steps, no [N mark] prefixes",low,no
HE2-029,bank,heredity,lazytopper/src/data/questionBanks/class10/science/heredity.pack2.ts:518,no-step-marks,"6 steps, no [N mark] prefixes",low,no
HE2-048,bank,heredity,lazytopper/src/data/questionBanks/class10/science/heredity.pack2.ts:789,no-step-marks,"7 steps, no [N mark] prefixes",low,no
HE2-055,bank,heredity,lazytopper/src/data/questionBanks/class10/science/heredity.pack2.ts:932,no-step-marks,"6 steps, no [N mark] prefixes",low,no
HE2-056,bank,heredity,lazytopper/src/data/questionBanks/class10/science/heredity.pack2.ts:954,no-step-marks,"7 steps, no [N mark] prefixes",low,no
HE2-057,bank,heredity,lazytopper/src/data/questionBanks/class10/science/heredity.pack2.ts:976,no-step-marks,"7 steps, no [N mark] prefixes",low,no
HE2-058,bank,heredity,lazytopper/src/data/questionBanks/class10/science/heredity.pack2.ts:998,no-step-marks,"6 steps, no [N mark] prefixes",low,no
HE2-059,bank,heredity,lazytopper/src/data/questionBanks/class10/science/heredity.pack2.ts:1019,no-step-marks,"6 steps, no [N mark] prefixes",low,no
HE2-061,bank,heredity,lazytopper/src/data/questionBanks/class10/science/heredity.pack2.ts:1041,no-step-marks,"9 steps, no [N mark] prefixes",low,no
HE2-062,bank,heredity,lazytopper/src/data/questionBanks/class10/science/heredity.pack2.ts:1063,no-step-marks,"11 steps, no [N mark] prefixes",low,no
HE2-063,bank,heredity,lazytopper/src/data/questionBanks/class10/science/heredity.pack2.ts:1085,no-step-marks,"10 steps, no [N mark] prefixes",low,no
HE2-064,bank,heredity,lazytopper/src/data/questionBanks/class10/science/heredity.pack2.ts:1107,no-step-marks,"9 steps, no [N mark] prefixes",low,no
HE2-065,bank,heredity,lazytopper/src/data/questionBanks/class10/science/heredity.pack2.ts:1128,no-step-marks,"5 steps, no [N mark] prefixes",low,no
HE2-066,bank,heredity,lazytopper/src/data/questionBanks/class10/science/heredity.pack2.ts:1150,no-step-marks,"5 steps, no [N mark] prefixes",low,no
LT2-006,bank,light-reflection-and-refraction,lazytopper/src/data/questionBanks/class10/science/light.pack2.ts:150,no-step-marks,"3 steps, no [N mark] prefixes",low,no
LT2-007,bank,light-reflection-and-refraction,lazytopper/src/data/questionBanks/class10/science/light.pack2.ts:173,no-step-marks,"6 steps, no [N mark] prefixes",low,no
LT2-012,bank,light-reflection-and-refraction,lazytopper/src/data/questionBanks/class10/science/light.pack2.ts:318,no-step-marks,"5 steps, no [N mark] prefixes",low,no
LT2-016,bank,light-reflection-and-refraction,lazytopper/src/data/questionBanks/class10/science/light.pack2.ts:432,no-step-marks,"3 steps, no [N mark] prefixes",low,no
LT2-020,bank,light-reflection-and-refraction,lazytopper/src/data/questionBanks/class10/science/light.pack2.ts:541,no-step-marks,"7 steps, no [N mark] prefixes",low,no
LT2-021,bank,light-reflection-and-refraction,lazytopper/src/data/questionBanks/class10/science/light.pack2.ts:568,no-step-marks,"18 steps, no [N mark] prefixes",low,no
LT2-024,bank,light-reflection-and-refraction,lazytopper/src/data/questionBanks/class10/science/light.pack2.ts:665,no-step-marks,"6 steps, no [N mark] prefixes",low,no
LT2-031,bank,light-reflection-and-refraction,lazytopper/src/data/questionBanks/class10/science/light.pack2.ts:872,no-step-marks,"6 steps, no [N mark] prefixes",low,no
LT2-038,bank,light-reflection-and-refraction,lazytopper/src/data/questionBanks/class10/science/light.pack2.ts:1080,no-step-marks,"8 steps, no [N mark] prefixes",low,no
LT2-039,bank,light-reflection-and-refraction,lazytopper/src/data/questionBanks/class10/science/light.pack2.ts:1109,no-step-marks,"8 steps, no [N mark] prefixes",low,no
LT2-042,bank,light-reflection-and-refraction,lazytopper/src/data/questionBanks/class10/science/light.pack2.ts:1204,no-step-marks,"4 steps, no [N mark] prefixes",low,no
LT2-043,bank,light-reflection-and-refraction,lazytopper/src/data/questionBanks/class10/science/light.pack2.ts:1228,no-step-marks,"9 steps, no [N mark] prefixes",low,no
LT2-046,bank,light-reflection-and-refraction,lazytopper/src/data/questionBanks/class10/science/light.pack2.ts:1311,no-step-marks,"7 steps, no [N mark] prefixes",low,no
LT2-047,bank,light-reflection-and-refraction,lazytopper/src/data/questionBanks/class10/science/light.pack2.ts:1338,no-step-marks,"7 steps, no [N mark] prefixes",low,no
HEC2-014,bank,human-eye-and-colourful-world,lazytopper/src/data/questionBanks/class10/science/humanEyeAndColourfulWorld.pack2.ts:401,no-step-marks,"5 steps, no [N mark] prefixes",low,no
HEC2-015,bank,human-eye-and-colourful-world,lazytopper/src/data/questionBanks/class10/science/humanEyeAndColourfulWorld.pack2.ts:427,no-step-marks,"5 steps, no [N mark] prefixes",low,no
HEC2-016,bank,human-eye-and-colourful-world,lazytopper/src/data/questionBanks/class10/science/humanEyeAndColourfulWorld.pack2.ts:453,no-step-marks,"6 steps, no [N mark] prefixes",low,no
HEC2-017,bank,human-eye-and-colourful-world,lazytopper/src/data/questionBanks/class10/science/humanEyeAndColourfulWorld.pack2.ts:480,no-step-marks,"6 steps, no [N mark] prefixes",low,no
HEC2-018,bank,human-eye-and-colourful-world,lazytopper/src/data/questionBanks/class10/science/humanEyeAndColourfulWorld.pack2.ts:507,no-step-marks,"5 steps, no [N mark] prefixes",low,no
HEC2-033,bank,human-eye-and-colourful-world,lazytopper/src/data/questionBanks/class10/science/humanEyeAndColourfulWorld.pack2.ts:905,no-step-marks,"5 steps, no [N mark] prefixes",low,no
HEC2-039,bank,human-eye-and-colourful-world,lazytopper/src/data/questionBanks/class10/science/humanEyeAndColourfulWorld.pack2.ts:1082,no-step-marks,"6 steps, no [N mark] prefixes",low,no
EL2-005,bank,electricity,lazytopper/src/data/questionBanks/class10/science/electricity.pack2.ts:112,no-step-marks,"3 steps, no [N mark] prefixes",low,no
EL2-007,bank,electricity,lazytopper/src/data/questionBanks/class10/science/electricity.pack2.ts:168,no-step-marks,"4 steps, no [N mark] prefixes",low,no
EL2-010,bank,electricity,lazytopper/src/data/questionBanks/class10/science/electricity.pack2.ts:255,no-step-marks,"4 steps, no [N mark] prefixes",low,no
EL2-012,bank,electricity,lazytopper/src/data/questionBanks/class10/science/electricity.pack2.ts:311,no-step-marks,"3 steps, no [N mark] prefixes",low,no
EL2-013,bank,electricity,lazytopper/src/data/questionBanks/class10/science/electricity.pack2.ts:334,no-step-marks,"3 steps, no [N mark] prefixes",low,no
EL2-016,bank,electricity,lazytopper/src/data/questionBanks/class10/science/electricity.pack2.ts:416,no-step-marks,"5 steps, no [N mark] prefixes",low,no
EL2-020,bank,electricity,lazytopper/src/data/questionBanks/class10/science/electricity.pack2.ts:531,no-step-marks,"7 steps, no [N mark] prefixes",low,no
EL2-021,bank,electricity,lazytopper/src/data/questionBanks/class10/science/electricity.pack2.ts:558,no-step-marks,"4 steps, no [N mark] prefixes",low,no
EL2-022,bank,electricity,lazytopper/src/data/questionBanks/class10/science/electricity.pack2.ts:583,no-step-marks,"5 steps, no [N mark] prefixes",low,no
EL2-023,bank,electricity,lazytopper/src/data/questionBanks/class10/science/electricity.pack2.ts:608,no-step-marks,"4 steps, no [N mark] prefixes",low,no
EL2-024,bank,electricity,lazytopper/src/data/questionBanks/class10/science/electricity.pack2.ts:632,no-step-marks,"5 steps, no [N mark] prefixes",low,no
EL2-025,bank,electricity,lazytopper/src/data/questionBanks/class10/science/electricity.pack2.ts:657,no-step-marks,"7 steps, no [N mark] prefixes",low,no
EL2-028,bank,electricity,lazytopper/src/data/questionBanks/class10/science/electricity.pack2.ts:684,no-step-marks,"4 steps, no [N mark] prefixes",low,no
EL2-033,bank,electricity,lazytopper/src/data/questionBanks/class10/science/electricity.pack2.ts:803,no-step-marks,"6 steps, no [N mark] prefixes",low,no
EL2-038,bank,electricity,lazytopper/src/data/questionBanks/class10/science/electricity.pack2.ts:951,no-step-marks,"5 steps, no [N mark] prefixes",low,no
EL2-041,bank,electricity,lazytopper/src/data/questionBanks/class10/science/electricity.pack2.ts:1037,no-step-marks,"6 steps, no [N mark] prefixes",low,no
EL2-045,bank,electricity,lazytopper/src/data/questionBanks/class10/science/electricity.pack2.ts:1156,no-step-marks,"7 steps, no [N mark] prefixes",low,no
EL2-048,bank,electricity,lazytopper/src/data/questionBanks/class10/science/electricity.pack2.ts:1252,no-step-marks,"6 steps, no [N mark] prefixes",low,no
EL2-049,bank,electricity,lazytopper/src/data/questionBanks/class10/science/electricity.pack2.ts:1278,no-step-marks,"14 steps, no [N mark] prefixes",low,no
EL2-050,bank,electricity,lazytopper/src/data/questionBanks/class10/science/electricity.pack2.ts:1312,no-step-marks,"23 steps, no [N mark] prefixes",low,no
EL2-058,bank,electricity,lazytopper/src/data/questionBanks/class10/science/electricity.pack2.ts:1500,no-step-marks,"7 steps, no [N mark] prefixes",low,no
ME2-017,bank,magnetic-effects-of-electric-current,lazytopper/src/data/questionBanks/class10/science/magneticEffects.pack2.ts:476,no-step-marks,"5 steps, no [N mark] prefixes",low,no
ME2-018,bank,magnetic-effects-of-electric-current,lazytopper/src/data/questionBanks/class10/science/magneticEffects.pack2.ts:502,no-step-marks,"6 steps, no [N mark] prefixes",low,no
ME2-041,bank,magnetic-effects-of-electric-current,lazytopper/src/data/questionBanks/class10/science/magneticEffects.pack2.ts:1139,no-step-marks,"4 steps, no [N mark] prefixes",low,no
ME2-047,bank,magnetic-effects-of-electric-current,lazytopper/src/data/questionBanks/class10/science/magneticEffects.pack2.ts:1309,no-step-marks,"6 steps, no [N mark] prefixes",low,no
ME2-049,bank,magnetic-effects-of-electric-current,lazytopper/src/data/questionBanks/class10/science/magneticEffects.pack2.ts:1364,no-step-marks,"6 steps, no [N mark] prefixes",low,no
OE2-021,bank,our-environment,lazytopper/src/data/questionBanks/class10/science/ourEnvironment.pack2.ts:425,no-step-marks,"2 steps, no [N mark] prefixes",low,no
OE2-022,bank,our-environment,lazytopper/src/data/questionBanks/class10/science/ourEnvironment.pack2.ts:446,no-step-marks,"3 steps, no [N mark] prefixes",low,no
OE2-023,bank,our-environment,lazytopper/src/data/questionBanks/class10/science/ourEnvironment.pack2.ts:467,no-step-marks,"3 steps, no [N mark] prefixes",low,no
OE2-024,bank,our-environment,lazytopper/src/data/questionBanks/class10/science/ourEnvironment.pack2.ts:488,no-step-marks,"3 steps, no [N mark] prefixes",low,no
OE2-025,bank,our-environment,lazytopper/src/data/questionBanks/class10/science/ourEnvironment.pack2.ts:509,no-step-marks,"3 steps, no [N mark] prefixes",low,no
OE2-026,bank,our-environment,lazytopper/src/data/questionBanks/class10/science/ourEnvironment.pack2.ts:530,no-step-marks,"4 steps, no [N mark] prefixes",low,no
OE2-027,bank,our-environment,lazytopper/src/data/questionBanks/class10/science/ourEnvironment.pack2.ts:551,no-step-marks,"5 steps, no [N mark] prefixes",low,no
OE2-028,bank,our-environment,lazytopper/src/data/questionBanks/class10/science/ourEnvironment.pack2.ts:572,no-step-marks,"6 steps, no [N mark] prefixes",low,no
OE2-029,bank,our-environment,lazytopper/src/data/questionBanks/class10/science/ourEnvironment.pack2.ts:593,no-step-marks,"4 steps, no [N mark] prefixes",low,no
OE2-030,bank,our-environment,lazytopper/src/data/questionBanks/class10/science/ourEnvironment.pack2.ts:614,no-step-marks,"3 steps, no [N mark] prefixes",low,no
OE2-031,bank,our-environment,lazytopper/src/data/questionBanks/class10/science/ourEnvironment.pack2.ts:635,no-step-marks,"4 steps, no [N mark] prefixes",low,no
OE2-032,bank,our-environment,lazytopper/src/data/questionBanks/class10/science/ourEnvironment.pack2.ts:656,no-step-marks,"10 steps, no [N mark] prefixes",low,no
OE2-034,bank,our-environment,lazytopper/src/data/questionBanks/class10/science/ourEnvironment.pack2.ts:698,no-step-marks,"7 steps, no [N mark] prefixes",low,no
OE2-035,bank,our-environment,lazytopper/src/data/questionBanks/class10/science/ourEnvironment.pack2.ts:719,no-step-marks,"9 steps, no [N mark] prefixes",low,no
OE2-036,bank,our-environment,lazytopper/src/data/questionBanks/class10/science/ourEnvironment.pack2.ts:740,no-step-marks,"4 steps, no [N mark] prefixes",low,no
OE2-037,bank,our-environment,lazytopper/src/data/questionBanks/class10/science/ourEnvironment.pack2.ts:761,no-step-marks,"4 steps, no [N mark] prefixes",low,no
OE2-038,bank,our-environment,lazytopper/src/data/questionBanks/class10/science/ourEnvironment.pack2.ts:782,no-step-marks,"4 steps, no [N mark] prefixes",low,no
CHEM-EXMPLR-1-SA-010,bank,chemical-reactions-and-equations,lazytopper/src/data/questionBanks/class10/science/chemicalReactions.exemplar.ts:761,no-step-marks,"7 steps, no [N mark] prefixes",low,no
ACID-EXMPLR-2-SA-010,bank,acids-bases-and-salts,lazytopper/src/data/questionBanks/class10/science/acidsBasesSalts.exemplar.ts:894,no-step-marks,"7 steps, no [N mark] prefixes",low,no
BX-ABS-E-022,bank,acids-bases-and-salts,lazytopper/src/data/questionBanks/class10/science/acidsBasesSalts.expand.caseE.ts:521,figure-unbound,stem: shown in the,high,no
CARB-NCERT-4-VSA-001,bank,carbon-and-its-compounds,lazytopper/src/data/questionBanks/class10/science/carbonCompounds.ncert.ts:11,no-step-marks,"3 steps, no [N mark] prefixes",low,no
CARB-NCERT-4-VSA-002,bank,carbon-and-its-compounds,lazytopper/src/data/questionBanks/class10/science/carbonCompounds.ncert.ts:17,no-step-marks,"3 steps, no [N mark] prefixes",low,no
CARB-NCERT-4-VSA-003,bank,carbon-and-its-compounds,lazytopper/src/data/questionBanks/class10/science/carbonCompounds.ncert.ts:23,no-step-marks,"3 steps, no [N mark] prefixes",low,no
CARB-NCERT-4-VSA-004,bank,carbon-and-its-compounds,lazytopper/src/data/questionBanks/class10/science/carbonCompounds.ncert.ts:29,no-step-marks,"2 steps, no [N mark] prefixes",low,no
CARB-NCERT-4-VSA-005,bank,carbon-and-its-compounds,lazytopper/src/data/questionBanks/class10/science/carbonCompounds.ncert.ts:34,no-step-marks,"3 steps, no [N mark] prefixes",low,no
CARB-NCERT-4-SA-001,bank,carbon-and-its-compounds,lazytopper/src/data/questionBanks/class10/science/carbonCompounds.ncert.ts:40,no-step-marks,"4 steps, no [N mark] prefixes",low,no
CARB-NCERT-4-VSA-006,bank,carbon-and-its-compounds,lazytopper/src/data/questionBanks/class10/science/carbonCompounds.ncert.ts:46,no-step-marks,"3 steps, no [N mark] prefixes",low,no
CARB-NCERT-4-SA-002,bank,carbon-and-its-compounds,lazytopper/src/data/questionBanks/class10/science/carbonCompounds.ncert.ts:52,no-step-marks,"4 steps, no [N mark] prefixes",low,no
CARB-NCERT-4-VSA-007,bank,carbon-and-its-compounds,lazytopper/src/data/questionBanks/class10/science/carbonCompounds.ncert.ts:58,no-step-marks,"3 steps, no [N mark] prefixes",low,no
CARB-NCERT-4-VSA-008,bank,carbon-and-its-compounds,lazytopper/src/data/questionBanks/class10/science/carbonCompounds.ncert.ts:64,no-step-marks,"4 steps, no [N mark] prefixes",low,no
CARB-NCERT-4-VSA-009,bank,carbon-and-its-compounds,lazytopper/src/data/questionBanks/class10/science/carbonCompounds.ncert.ts:70,no-step-marks,"3 steps, no [N mark] prefixes",low,no
CARB-NCERT-4-VSA-010,bank,carbon-and-its-compounds,lazytopper/src/data/questionBanks/class10/science/carbonCompounds.ncert.ts:76,no-step-marks,"3 steps, no [N mark] prefixes",low,no
CARB-NCERT-4-VSA-011,bank,carbon-and-its-compounds,lazytopper/src/data/questionBanks/class10/science/carbonCompounds.ncert.ts:82,no-step-marks,"4 steps, no [N mark] prefixes",low,no
CARB-NCERT-4-SA-003,bank,carbon-and-its-compounds,lazytopper/src/data/questionBanks/class10/science/carbonCompounds.ncert.ts:108,no-step-marks,"4 steps, no [N mark] prefixes",low,no
CARB-NCERT-4-LONG-001,bank,carbon-and-its-compounds,lazytopper/src/data/questionBanks/class10/science/carbonCompounds.ncert.ts:114,no-step-marks,"6 steps, no [N mark] prefixes",low,no
CARB-NCERT-4-SA-004,bank,carbon-and-its-compounds,lazytopper/src/data/questionBanks/class10/science/carbonCompounds.ncert.ts:120,no-step-marks,"4 steps, no [N mark] prefixes",low,no
CARB-NCERT-4-LONG-002,bank,carbon-and-its-compounds,lazytopper/src/data/questionBanks/class10/science/carbonCompounds.ncert.ts:126,no-step-marks,"6 steps, no [N mark] prefixes",low,no
CARB-NCERT-4-VSA-012,bank,carbon-and-its-compounds,lazytopper/src/data/questionBanks/class10/science/carbonCompounds.ncert.ts:132,no-step-marks,"3 steps, no [N mark] prefixes",low,no
CARB-NCERT-4-VSA-013,bank,carbon-and-its-compounds,lazytopper/src/data/questionBanks/class10/science/carbonCompounds.ncert.ts:138,no-step-marks,"3 steps, no [N mark] prefixes",low,no
CARB-NCERT-4-SA-005,bank,carbon-and-its-compounds,lazytopper/src/data/questionBanks/class10/science/carbonCompounds.ncert.ts:144,no-step-marks,"4 steps, no [N mark] prefixes",low,no
CARB-NCERT-4-VSA-014,bank,carbon-and-its-compounds,lazytopper/src/data/questionBanks/class10/science/carbonCompounds.ncert.ts:150,no-step-marks,"3 steps, no [N mark] prefixes",low,no
CARB-NCERT-4-VSA-015,bank,carbon-and-its-compounds,lazytopper/src/data/questionBanks/class10/science/carbonCompounds.ncert.ts:156,no-step-marks,"3 steps, no [N mark] prefixes",low,no
CARB-NCERT-4-VSA-016,bank,carbon-and-its-compounds,lazytopper/src/data/questionBanks/class10/science/carbonCompounds.ncert.ts:162,no-step-marks,"3 steps, no [N mark] prefixes",low,no
CARB-NCERT-4-VSA-017,bank,carbon-and-its-compounds,lazytopper/src/data/questionBanks/class10/science/carbonCompounds.ncert.ts:168,no-step-marks,"4 steps, no [N mark] prefixes",low,no
CARB-NCERT-4-LONG-003,bank,carbon-and-its-compounds,lazytopper/src/data/questionBanks/class10/science/carbonCompounds.ncert.ts:174,no-step-marks,"6 steps, no [N mark] prefixes",low,no
CARB-EXMPLR-4-SA-001,bank,carbon-and-its-compounds,lazytopper/src/data/questionBanks/class10/science/carbonCompounds.exemplar.ts:194,no-step-marks,"3 steps, no [N mark] prefixes",low,no
CARB-EXMPLR-4-SA-003,bank,carbon-and-its-compounds,lazytopper/src/data/questionBanks/class10/science/carbonCompounds.exemplar.ts:206,no-step-marks,"4 steps, no [N mark] prefixes",low,no
CARB-EXMPLR-4-SA-004,bank,carbon-and-its-compounds,lazytopper/src/data/questionBanks/class10/science/carbonCompounds.exemplar.ts:212,no-step-marks,"3 steps, no [N mark] prefixes",low,no
CARB-EXMPLR-4-SA-005,bank,carbon-and-its-compounds,lazytopper/src/data/questionBanks/class10/science/carbonCompounds.exemplar.ts:218,no-step-marks,"4 steps, no [N mark] prefixes",low,no
CARB-EXMPLR-4-SA-006,bank,carbon-and-its-compounds,lazytopper/src/data/questionBanks/class10/science/carbonCompounds.exemplar.ts:224,no-step-marks,"4 steps, no [N mark] prefixes",low,no
CARB-EXMPLR-4-SA-007,bank,carbon-and-its-compounds,lazytopper/src/data/questionBanks/class10/science/carbonCompounds.exemplar.ts:230,no-step-marks,"3 steps, no [N mark] prefixes",low,no
CARB-EXMPLR-4-SA-008,bank,carbon-and-its-compounds,lazytopper/src/data/questionBanks/class10/science/carbonCompounds.exemplar.ts:236,no-step-marks,"3 steps, no [N mark] prefixes",low,no
CARB-EXMPLR-4-SA-009,bank,carbon-and-its-compounds,lazytopper/src/data/questionBanks/class10/science/carbonCompounds.exemplar.ts:242,no-step-marks,"3 steps, no [N mark] prefixes",low,no
CARB-EXMPLR-4-SA-010,bank,carbon-and-its-compounds,lazytopper/src/data/questionBanks/class10/science/carbonCompounds.exemplar.ts:248,no-step-marks,"4 steps, no [N mark] prefixes",low,no
CARB-EXMPLR-4-SA-011,bank,carbon-and-its-compounds,lazytopper/src/data/questionBanks/class10/science/carbonCompounds.exemplar.ts:254,no-step-marks,"2 steps, no [N mark] prefixes",low,no
CARB-EXMPLR-4-SA-012,bank,carbon-and-its-compounds,lazytopper/src/data/questionBanks/class10/science/carbonCompounds.exemplar.ts:260,no-step-marks,"4 steps, no [N mark] prefixes",low,no
CARB-EXMPLR-4-SA-013,bank,carbon-and-its-compounds,lazytopper/src/data/questionBanks/class10/science/carbonCompounds.exemplar.ts:266,no-step-marks,"3 steps, no [N mark] prefixes",low,no
CARB-EXMPLR-4-SA-014,bank,carbon-and-its-compounds,lazytopper/src/data/questionBanks/class10/science/carbonCompounds.exemplar.ts:272,no-step-marks,"4 steps, no [N mark] prefixes",low,no
CARB-EXMPLR-4-SA-015,bank,carbon-and-its-compounds,lazytopper/src/data/questionBanks/class10/science/carbonCompounds.exemplar.ts:278,no-step-marks,"4 steps, no [N mark] prefixes",low,no
CARB-EXMPLR-4-SA-016,bank,carbon-and-its-compounds,lazytopper/src/data/questionBanks/class10/science/carbonCompounds.exemplar.ts:284,no-step-marks,"5 steps, no [N mark] prefixes",low,no
CARB-EXMPLR-4-SA-017,bank,carbon-and-its-compounds,lazytopper/src/data/questionBanks/class10/science/carbonCompounds.exemplar.ts:290,no-step-marks,"3 steps, no [N mark] prefixes",low,no
CARB-EXMPLR-4-LONG-001,bank,carbon-and-its-compounds,lazytopper/src/data/questionBanks/class10/science/carbonCompounds.exemplar.ts:298,no-step-marks,"5 steps, no [N mark] prefixes",low,no
CARB-EXMPLR-4-LONG-002,bank,carbon-and-its-compounds,lazytopper/src/data/questionBanks/class10/science/carbonCompounds.exemplar.ts:305,no-step-marks,"5 steps, no [N mark] prefixes",low,no
CARB-EXMPLR-4-LONG-003,bank,carbon-and-its-compounds,lazytopper/src/data/questionBanks/class10/science/carbonCompounds.exemplar.ts:311,no-step-marks,"6 steps, no [N mark] prefixes",low,no
CARB-EXMPLR-4-LONG-004,bank,carbon-and-its-compounds,lazytopper/src/data/questionBanks/class10/science/carbonCompounds.exemplar.ts:317,no-step-marks,"6 steps, no [N mark] prefixes",low,no
CARB-EXMPLR-4-LONG-005,bank,carbon-and-its-compounds,lazytopper/src/data/questionBanks/class10/science/carbonCompounds.exemplar.ts:323,no-step-marks,"6 steps, no [N mark] prefixes",low,no
CARB-EXMPLR-4-LONG-006,bank,carbon-and-its-compounds,lazytopper/src/data/questionBanks/class10/science/carbonCompounds.exemplar.ts:330,no-step-marks,"6 steps, no [N mark] prefixes",low,no
CARB-EXMPLR-4-LONG-007,bank,carbon-and-its-compounds,lazytopper/src/data/questionBanks/class10/science/carbonCompounds.exemplar.ts:336,no-step-marks,"5 steps, no [N mark] prefixes",low,no
CARB-EXMPLR-4-LONG-009,bank,carbon-and-its-compounds,lazytopper/src/data/questionBanks/class10/science/carbonCompounds.exemplar.ts:349,no-step-marks,"6 steps, no [N mark] prefixes",low,no
CARB-EXMPLR-4-LONG-010,bank,carbon-and-its-compounds,lazytopper/src/data/questionBanks/class10/science/carbonCompounds.exemplar.ts:355,no-step-marks,"6 steps, no [N mark] prefixes",low,no
CTRL-NCERT-6-SA-001,bank,control-and-coordination,lazytopper/src/data/questionBanks/class10/science/controlAndCoordination.ncert.ts:11,no-step-marks,"3 steps, no [N mark] prefixes",low,no
CTRL-NCERT-6-SA-002,bank,control-and-coordination,lazytopper/src/data/questionBanks/class10/science/controlAndCoordination.ncert.ts:18,no-step-marks,"4 steps, no [N mark] prefixes",low,no
CTRL-NCERT-6-SA-003,bank,control-and-coordination,lazytopper/src/data/questionBanks/class10/science/controlAndCoordination.ncert.ts:34,no-step-marks,"4 steps, no [N mark] prefixes",low,no
CTRL-NCERT-6-SA-004,bank,control-and-coordination,lazytopper/src/data/questionBanks/class10/science/controlAndCoordination.ncert.ts:41,no-step-marks,"3 steps, no [N mark] prefixes",low,no
CTRL-NCERT-6-SA-005,bank,control-and-coordination,lazytopper/src/data/questionBanks/class10/science/controlAndCoordination.ncert.ts:59,no-step-marks,"3 steps, no [N mark] prefixes",low,no
CTRL-NCERT-6-SA-006,bank,control-and-coordination,lazytopper/src/data/questionBanks/class10/science/controlAndCoordination.ncert.ts:76,no-step-marks,"4 steps, no [N mark] prefixes",low,no
CTRL-NCERT-6-LA-001,bank,control-and-coordination,lazytopper/src/data/questionBanks/class10/science/controlAndCoordination.ncert.ts:84,no-step-marks,"6 steps, no [N mark] prefixes",low,no
CTRL-NCERT-6-SA-008,bank,control-and-coordination,lazytopper/src/data/questionBanks/class10/science/controlAndCoordination.ncert.ts:100,no-step-marks,"4 steps, no [N mark] prefixes",low,no
CTRL-NCERT-6-SA-009,bank,control-and-coordination,lazytopper/src/data/questionBanks/class10/science/controlAndCoordination.ncert.ts:108,no-step-marks,"5 steps, no [N mark] prefixes",low,no
CTRL-NCERT-6-SA-010,bank,control-and-coordination,lazytopper/src/data/questionBanks/class10/science/controlAndCoordination.ncert.ts:116,no-step-marks,"4 steps, no [N mark] prefixes",low,no
CTRL-NCERT-6-SA-011,bank,control-and-coordination,lazytopper/src/data/questionBanks/class10/science/controlAndCoordination.ncert.ts:149,no-step-marks,"4 steps, no [N mark] prefixes",low,no
CTRL-NCERT-6-SA-012,bank,control-and-coordination,lazytopper/src/data/questionBanks/class10/science/controlAndCoordination.ncert.ts:165,no-step-marks,"4 steps, no [N mark] prefixes",low,no
CTRL-NCERT-6-SA-013,bank,control-and-coordination,lazytopper/src/data/questionBanks/class10/science/controlAndCoordination.ncert.ts:173,no-step-marks,"4 steps, no [N mark] prefixes",low,no
CTRL-NCERT-6-SA-014,bank,control-and-coordination,lazytopper/src/data/questionBanks/class10/science/controlAndCoordination.ncert.ts:181,no-step-marks,"4 steps, no [N mark] prefixes",low,no
CTRL-NCERT-6-SA-015,bank,control-and-coordination,lazytopper/src/data/questionBanks/class10/science/controlAndCoordination.ncert.ts:188,no-step-marks,"4 steps, no [N mark] prefixes",low,no
CTRL-NCERT-6-SA-016,bank,control-and-coordination,lazytopper/src/data/questionBanks/class10/science/controlAndCoordination.ncert.ts:196,no-step-marks,"3 steps, no [N mark] prefixes",low,no
CTRL-NCERT-6-LA-003,bank,control-and-coordination,lazytopper/src/data/questionBanks/class10/science/controlAndCoordination.ncert.ts:204,no-step-marks,"6 steps, no [N mark] prefixes",low,no
CTRL-NCERT-6-SA-017,bank,control-and-coordination,lazytopper/src/data/questionBanks/class10/science/controlAndCoordination.ncert.ts:212,no-step-marks,"5 steps, no [N mark] prefixes",low,no
CTRL-EXMPLR-6-SA-001,bank,control-and-coordination,lazytopper/src/data/questionBanks/class10/science/controlAndCoordination.exemplar.ts:248,no-step-marks,"3 steps, no [N mark] prefixes",low,no
CTRL-EXMPLR-6-SA-002,bank,control-and-coordination,lazytopper/src/data/questionBanks/class10/science/controlAndCoordination.exemplar.ts:256,no-step-marks,"4 steps, no [N mark] prefixes",low,no
CTRL-EXMPLR-6-SA-004,bank,control-and-coordination,lazytopper/src/data/questionBanks/class10/science/controlAndCoordination.exemplar.ts:271,no-step-marks,"4 steps, no [N mark] prefixes",low,no
CTRL-EXMPLR-6-SA-005,bank,control-and-coordination,lazytopper/src/data/questionBanks/class10/science/controlAndCoordination.exemplar.ts:279,no-step-marks,"2 steps, no [N mark] prefixes",low,no
CTRL-EXMPLR-6-SA-006,bank,control-and-coordination,lazytopper/src/data/questionBanks/class10/science/controlAndCoordination.exemplar.ts:287,no-step-marks,"4 steps, no [N mark] prefixes",low,no
CTRL-EXMPLR-6-SA-007,bank,control-and-coordination,lazytopper/src/data/questionBanks/class10/science/controlAndCoordination.exemplar.ts:294,no-step-marks,"3 steps, no [N mark] prefixes",low,no
CTRL-EXMPLR-6-SA-008,bank,control-and-coordination,lazytopper/src/data/questionBanks/class10/science/controlAndCoordination.exemplar.ts:301,no-step-marks,"4 steps, no [N mark] prefixes",low,no
CTRL-EXMPLR-6-SA-010,bank,control-and-coordination,lazytopper/src/data/questionBanks/class10/science/controlAndCoordination.exemplar.ts:315,no-step-marks,"4 steps, no [N mark] prefixes",low,no
CTRL-EXMPLR-6-SA-011,bank,control-and-coordination,lazytopper/src/data/questionBanks/class10/science/controlAndCoordination.exemplar.ts:322,no-step-marks,"4 steps, no [N mark] prefixes",low,no
CTRL-EXMPLR-6-LA-001,bank,control-and-coordination,lazytopper/src/data/questionBanks/class10/science/controlAndCoordination.exemplar.ts:330,no-step-marks,"6 steps, no [N mark] prefixes",low,no
CTRL-EXMPLR-6-LA-002,bank,control-and-coordination,lazytopper/src/data/questionBanks/class10/science/controlAndCoordination.exemplar.ts:338,no-step-marks,"6 steps, no [N mark] prefixes",low,no
CTRL-EXMPLR-6-LA-003,bank,control-and-coordination,lazytopper/src/data/questionBanks/class10/science/controlAndCoordination.exemplar.ts:345,no-step-marks,"5 steps, no [N mark] prefixes",low,no
CTRL-EXMPLR-6-LA-004,bank,control-and-coordination,lazytopper/src/data/questionBanks/class10/science/controlAndCoordination.exemplar.ts:352,no-step-marks,"6 steps, no [N mark] prefixes",low,no
CTRL-EXMPLR-6-LA-005,bank,control-and-coordination,lazytopper/src/data/questionBanks/class10/science/controlAndCoordination.exemplar.ts:359,no-step-marks,"6 steps, no [N mark] prefixes",low,no
CTRL-EXMPLR-6-LA-006,bank,control-and-coordination,lazytopper/src/data/questionBanks/class10/science/controlAndCoordination.exemplar.ts:366,no-step-marks,"6 steps, no [N mark] prefixes",low,no
CTRL-EXMPLR-6-LA-007,bank,control-and-coordination,lazytopper/src/data/questionBanks/class10/science/controlAndCoordination.exemplar.ts:374,no-step-marks,"6 steps, no [N mark] prefixes",low,no
CTRL-EXMPLR-6-LA-008,bank,control-and-coordination,lazytopper/src/data/questionBanks/class10/science/controlAndCoordination.exemplar.ts:382,no-step-marks,"6 steps, no [N mark] prefixes",low,no
CTRL-EXMPLR-6-LA-009,bank,control-and-coordination,lazytopper/src/data/questionBanks/class10/science/controlAndCoordination.exemplar.ts:389,no-step-marks,"6 steps, no [N mark] prefixes",low,no
REPR-NCERT-7-SA-001,bank,how-do-organisms-reproduce,lazytopper/src/data/questionBanks/class10/science/reproduction.ncert.ts:11,no-step-marks,"4 steps, no [N mark] prefixes",low,no
REPR-NCERT-7-SA-002,bank,how-do-organisms-reproduce,lazytopper/src/data/questionBanks/class10/science/reproduction.ncert.ts:19,no-step-marks,"4 steps, no [N mark] prefixes",low,no
REPR-NCERT-7-SA-003,bank,how-do-organisms-reproduce,lazytopper/src/data/questionBanks/class10/science/reproduction.ncert.ts:28,no-step-marks,"4 steps, no [N mark] prefixes",low,no
REPR-NCERT-7-SA-004,bank,how-do-organisms-reproduce,lazytopper/src/data/questionBanks/class10/science/reproduction.ncert.ts:35,no-step-marks,"4 steps, no [N mark] prefixes",low,no
REPR-NCERT-7-SA-005,bank,how-do-organisms-reproduce,lazytopper/src/data/questionBanks/class10/science/reproduction.ncert.ts:42,no-step-marks,"4 steps, no [N mark] prefixes",low,no
REPR-NCERT-7-SA-006,bank,how-do-organisms-reproduce,lazytopper/src/data/questionBanks/class10/science/reproduction.ncert.ts:49,no-step-marks,"4 steps, no [N mark] prefixes",low,no
REPR-NCERT-7-SA-007,bank,how-do-organisms-reproduce,lazytopper/src/data/questionBanks/class10/science/reproduction.ncert.ts:56,no-step-marks,"4 steps, no [N mark] prefixes",low,no
REPR-NCERT-7-SA-008,bank,how-do-organisms-reproduce,lazytopper/src/data/questionBanks/class10/science/reproduction.ncert.ts:64,no-step-marks,"5 steps, no [N mark] prefixes",low,no
REPR-NCERT-7-SA-009,bank,how-do-organisms-reproduce,lazytopper/src/data/questionBanks/class10/science/reproduction.ncert.ts:72,no-step-marks,"4 steps, no [N mark] prefixes",low,no
REPR-NCERT-7-SA-010,bank,how-do-organisms-reproduce,lazytopper/src/data/questionBanks/class10/science/reproduction.ncert.ts:79,no-step-marks,"6 steps, no [N mark] prefixes",low,no
REPR-NCERT-7-SA-011,bank,how-do-organisms-reproduce,lazytopper/src/data/questionBanks/class10/science/reproduction.ncert.ts:86,no-step-marks,"5 steps, no [N mark] prefixes",low,no
REPR-NCERT-7-SA-012,bank,how-do-organisms-reproduce,lazytopper/src/data/questionBanks/class10/science/reproduction.ncert.ts:94,no-step-marks,"5 steps, no [N mark] prefixes",low,no
REPR-NCERT-7-SA-014,bank,how-do-organisms-reproduce,lazytopper/src/data/questionBanks/class10/science/reproduction.ncert.ts:132,no-step-marks,"4 steps, no [N mark] prefixes",low,no
REPR-NCERT-7-SA-015,bank,how-do-organisms-reproduce,lazytopper/src/data/questionBanks/class10/science/reproduction.ncert.ts:139,no-step-marks,"5 steps, no [N mark] prefixes",low,no
REPR-NCERT-7-LA-001,bank,how-do-organisms-reproduce,lazytopper/src/data/questionBanks/class10/science/reproduction.ncert.ts:146,no-step-marks,"6 steps, no [N mark] prefixes",low,no
REPR-NCERT-7-SA-016,bank,how-do-organisms-reproduce,lazytopper/src/data/questionBanks/class10/science/reproduction.ncert.ts:154,no-step-marks,"5 steps, no [N mark] prefixes",low,no
REPR-NCERT-7-SA-017,bank,how-do-organisms-reproduce,lazytopper/src/data/questionBanks/class10/science/reproduction.ncert.ts:161,no-step-marks,"6 steps, no [N mark] prefixes",low,no
REPR-NCERT-7-SA-018,bank,how-do-organisms-reproduce,lazytopper/src/data/questionBanks/class10/science/reproduction.ncert.ts:168,no-step-marks,"5 steps, no [N mark] prefixes",low,no
REPR-NCERT-7-SA-019,bank,how-do-organisms-reproduce,lazytopper/src/data/questionBanks/class10/science/reproduction.ncert.ts:175,no-step-marks,"5 steps, no [N mark] prefixes",low,no
REPR-EXMPLR-7-SA-001,bank,how-do-organisms-reproduce,lazytopper/src/data/questionBanks/class10/science/reproduction.exemplar.ts:205,no-step-marks,"4 steps, no [N mark] prefixes",low,no
REPR-EXMPLR-7-SA-002,bank,how-do-organisms-reproduce,lazytopper/src/data/questionBanks/class10/science/reproduction.exemplar.ts:212,no-step-marks,"3 steps, no [N mark] prefixes",low,no
REPR-EXMPLR-7-SA-003,bank,how-do-organisms-reproduce,lazytopper/src/data/questionBanks/class10/science/reproduction.exemplar.ts:219,no-step-marks,"4 steps, no [N mark] prefixes",low,no
REPR-EXMPLR-7-SA-004,bank,how-do-organisms-reproduce,lazytopper/src/data/questionBanks/class10/science/reproduction.exemplar.ts:226,no-step-marks,"4 steps, no [N mark] prefixes",low,no
REPR-EXMPLR-7-SA-005,bank,how-do-organisms-reproduce,lazytopper/src/data/questionBanks/class10/science/reproduction.exemplar.ts:234,no-step-marks,"4 steps, no [N mark] prefixes",low,no
REPR-EXMPLR-7-SA-006,bank,how-do-organisms-reproduce,lazytopper/src/data/questionBanks/class10/science/reproduction.exemplar.ts:241,no-step-marks,"4 steps, no [N mark] prefixes",low,no
REPR-EXMPLR-7-SA-007,bank,how-do-organisms-reproduce,lazytopper/src/data/questionBanks/class10/science/reproduction.exemplar.ts:248,no-step-marks,"3 steps, no [N mark] prefixes",low,no
REPR-EXMPLR-7-SA-008,bank,how-do-organisms-reproduce,lazytopper/src/data/questionBanks/class10/science/reproduction.exemplar.ts:255,no-step-marks,"5 steps, no [N mark] prefixes",low,no
REPR-EXMPLR-7-SA-009,bank,how-do-organisms-reproduce,lazytopper/src/data/questionBanks/class10/science/reproduction.exemplar.ts:263,no-step-marks,"3 steps, no [N mark] prefixes",low,no
REPR-EXMPLR-7-SA-010,bank,how-do-organisms-reproduce,lazytopper/src/data/questionBanks/class10/science/reproduction.exemplar.ts:270,no-step-marks,"4 steps, no [N mark] prefixes",low,no
REPR-EXMPLR-7-SA-011,bank,how-do-organisms-reproduce,lazytopper/src/data/questionBanks/class10/science/reproduction.exemplar.ts:277,no-step-marks,"4 steps, no [N mark] prefixes",low,no
REPR-EXMPLR-7-SA-012,bank,how-do-organisms-reproduce,lazytopper/src/data/questionBanks/class10/science/reproduction.exemplar.ts:284,no-step-marks,"4 steps, no [N mark] prefixes",low,no
REPR-EXMPLR-7-SA-013,bank,how-do-organisms-reproduce,lazytopper/src/data/questionBanks/class10/science/reproduction.exemplar.ts:291,no-step-marks,"4 steps, no [N mark] prefixes",low,no
REPR-EXMPLR-7-SA-014,bank,how-do-organisms-reproduce,lazytopper/src/data/questionBanks/class10/science/reproduction.exemplar.ts:298,no-step-marks,"5 steps, no [N mark] prefixes",low,no
REPR-EXMPLR-7-SA-015,bank,how-do-organisms-reproduce,lazytopper/src/data/questionBanks/class10/science/reproduction.exemplar.ts:305,no-step-marks,"4 steps, no [N mark] prefixes",low,no
REPR-EXMPLR-7-SA-016,bank,how-do-organisms-reproduce,lazytopper/src/data/questionBanks/class10/science/reproduction.exemplar.ts:312,no-step-marks,"6 steps, no [N mark] prefixes",low,no
REPR-EXMPLR-7-SA-017,bank,how-do-organisms-reproduce,lazytopper/src/data/questionBanks/class10/science/reproduction.exemplar.ts:319,no-step-marks,"5 steps, no [N mark] prefixes",low,no
REPR-EXMPLR-7-SA-018,bank,how-do-organisms-reproduce,lazytopper/src/data/questionBanks/class10/science/reproduction.exemplar.ts:326,no-step-marks,"5 steps, no [N mark] prefixes",low,no
REPR-EXMPLR-7-SA-019,bank,how-do-organisms-reproduce,lazytopper/src/data/questionBanks/class10/science/reproduction.exemplar.ts:333,no-step-marks,"4 steps, no [N mark] prefixes",low,no
REPR-EXMPLR-7-SA-020,bank,how-do-organisms-reproduce,lazytopper/src/data/questionBanks/class10/science/reproduction.exemplar.ts:341,no-step-marks,"5 steps, no [N mark] prefixes",low,no
REPR-EXMPLR-7-SA-021,bank,how-do-organisms-reproduce,lazytopper/src/data/questionBanks/class10/science/reproduction.exemplar.ts:349,no-step-marks,"6 steps, no [N mark] prefixes",low,no
REPR-EXMPLR-7-LA-001,bank,how-do-organisms-reproduce,lazytopper/src/data/questionBanks/class10/science/reproduction.exemplar.ts:357,no-step-marks,"9 steps, no [N mark] prefixes",low,no
REPR-EXMPLR-7-LA-002,bank,how-do-organisms-reproduce,lazytopper/src/data/questionBanks/class10/science/reproduction.exemplar.ts:365,no-step-marks,"8 steps, no [N mark] prefixes",low,no
REPR-EXMPLR-7-LA-003,bank,how-do-organisms-reproduce,lazytopper/src/data/questionBanks/class10/science/reproduction.exemplar.ts:372,no-step-marks,"7 steps, no [N mark] prefixes",low,no
REPR-EXMPLR-7-LA-004,bank,how-do-organisms-reproduce,lazytopper/src/data/questionBanks/class10/science/reproduction.exemplar.ts:380,no-step-marks,"6 steps, no [N mark] prefixes",low,no
REPR-EXMPLR-7-LA-005,bank,how-do-organisms-reproduce,lazytopper/src/data/questionBanks/class10/science/reproduction.exemplar.ts:387,no-step-marks,"7 steps, no [N mark] prefixes",low,no
REPR-EXMPLR-7-LA-006,bank,how-do-organisms-reproduce,lazytopper/src/data/questionBanks/class10/science/reproduction.exemplar.ts:395,no-step-marks,"7 steps, no [N mark] prefixes",low,no
REPR-EXMPLR-7-LA-007,bank,how-do-organisms-reproduce,lazytopper/src/data/questionBanks/class10/science/reproduction.exemplar.ts:402,no-step-marks,"7 steps, no [N mark] prefixes",low,no
REPR-EXMPLR-7-LA-008,bank,how-do-organisms-reproduce,lazytopper/src/data/questionBanks/class10/science/reproduction.exemplar.ts:409,no-step-marks,"6 steps, no [N mark] prefixes",low,no
REPR-EXMPLR-7-LA-009,bank,how-do-organisms-reproduce,lazytopper/src/data/questionBanks/class10/science/reproduction.exemplar.ts:416,no-step-marks,"7 steps, no [N mark] prefixes",low,no
REPR-EXMPLR-7-LA-010,bank,how-do-organisms-reproduce,lazytopper/src/data/questionBanks/class10/science/reproduction.exemplar.ts:424,no-step-marks,"9 steps, no [N mark] prefixes",low,no
HERED-NCERT-8-SA-001,bank,heredity,lazytopper/src/data/questionBanks/class10/science/heredity.ncert.ts:11,no-step-marks,"4 steps, no [N mark] prefixes",low,no
HERED-NCERT-8-SA-002,bank,heredity,lazytopper/src/data/questionBanks/class10/science/heredity.ncert.ts:19,no-step-marks,"4 steps, no [N mark] prefixes",low,no
HERED-NCERT-8-SA-003,bank,heredity,lazytopper/src/data/questionBanks/class10/science/heredity.ncert.ts:28,no-step-marks,"5 steps, no [N mark] prefixes",low,no
HERED-NCERT-8-SA-004,bank,heredity,lazytopper/src/data/questionBanks/class10/science/heredity.ncert.ts:36,no-step-marks,"5 steps, no [N mark] prefixes",low,no
HERED-NCERT-8-SA-005,bank,heredity,lazytopper/src/data/questionBanks/class10/science/heredity.ncert.ts:44,no-step-marks,"5 steps, no [N mark] prefixes",low,no
HERED-NCERT-8-SA-006,bank,heredity,lazytopper/src/data/questionBanks/class10/science/heredity.ncert.ts:52,no-step-marks,"5 steps, no [N mark] prefixes",low,no
HERED-NCERT-8-SA-007,bank,heredity,lazytopper/src/data/questionBanks/class10/science/heredity.ncert.ts:70,no-step-marks,"5 steps, no [N mark] prefixes",low,no
HERED-NCERT-8-LA-001,bank,heredity,lazytopper/src/data/questionBanks/class10/science/heredity.ncert.ts:78,no-step-marks,"5 steps, no [N mark] prefixes",low,no
HERED-NCERT-8-SA-008,bank,heredity,lazytopper/src/data/questionBanks/class10/science/heredity.ncert.ts:86,no-step-marks,"5 steps, no [N mark] prefixes",low,no
HERED-EXMPLR-8-SA-001,bank,heredity,lazytopper/src/data/questionBanks/class10/science/heredity.exemplar.ts:135,no-step-marks,"5 steps, no [N mark] prefixes",low,no
HERED-EXMPLR-8-SA-002,bank,heredity,lazytopper/src/data/questionBanks/class10/science/heredity.exemplar.ts:142,no-step-marks,"4 steps, no [N mark] prefixes",low,no
HERED-EXMPLR-8-SA-003,bank,heredity,lazytopper/src/data/questionBanks/class10/science/heredity.exemplar.ts:149,no-step-marks,"4 steps, no [N mark] prefixes",low,no
HERED-EXMPLR-8-SA-004,bank,heredity,lazytopper/src/data/questionBanks/class10/science/heredity.exemplar.ts:156,no-step-marks,"5 steps, no [N mark] prefixes",low,no
HERED-EXMPLR-8-SA-005,bank,heredity,lazytopper/src/data/questionBanks/class10/science/heredity.exemplar.ts:164,no-step-marks,"4 steps, no [N mark] prefixes",low,no
HERED-EXMPLR-8-SA-006,bank,heredity,lazytopper/src/data/questionBanks/class10/science/heredity.exemplar.ts:171,no-step-marks,"5 steps, no [N mark] prefixes",low,no
HERED-EXMPLR-8-SA-007,bank,heredity,lazytopper/src/data/questionBanks/class10/science/heredity.exemplar.ts:178,no-step-marks,"5 steps, no [N mark] prefixes",low,no
HERED-EXMPLR-8-LA-001,bank,heredity,lazytopper/src/data/questionBanks/class10/science/heredity.exemplar.ts:187,no-step-marks,"5 steps, no [N mark] prefixes",low,no
HERED-EXMPLR-8-LA-003,bank,heredity,lazytopper/src/data/questionBanks/class10/science/heredity.exemplar.ts:203,no-step-marks,"5 steps, no [N mark] prefixes",low,no
HERED-EXMPLR-8-LA-004,bank,heredity,lazytopper/src/data/questionBanks/class10/science/heredity.exemplar.ts:211,no-step-marks,"5 steps, no [N mark] prefixes",low,no
HERED-EXMPLR-8-LA-005,bank,heredity,lazytopper/src/data/questionBanks/class10/science/heredity.exemplar.ts:219,no-step-marks,"5 steps, no [N mark] prefixes",low,no
EYE-NCERT-10-SA-001,bank,human-eye-and-colourful-world,lazytopper/src/data/questionBanks/class10/science/humanEye.ncert.ts:11,no-step-marks,"5 steps, no [N mark] prefixes",low,no
EYE-NCERT-10-SA-002,bank,human-eye-and-colourful-world,lazytopper/src/data/questionBanks/class10/science/humanEye.ncert.ts:19,no-step-marks,"4 steps, no [N mark] prefixes",low,no
EYE-NCERT-10-SA-003,bank,human-eye-and-colourful-world,lazytopper/src/data/questionBanks/class10/science/humanEye.ncert.ts:27,no-step-marks,"4 steps, no [N mark] prefixes",low,no
EYE-NCERT-10-SA-004,bank,human-eye-and-colourful-world,lazytopper/src/data/questionBanks/class10/science/humanEye.ncert.ts:34,no-step-marks,"5 steps, no [N mark] prefixes",low,no
EYE-NCERT-10-SA-005,bank,human-eye-and-colourful-world,lazytopper/src/data/questionBanks/class10/science/humanEye.ncert.ts:75,no-step-marks,"4 steps, no [N mark] prefixes",low,no
EYE-NCERT-10-SA-006,bank,human-eye-and-colourful-world,lazytopper/src/data/questionBanks/class10/science/humanEye.ncert.ts:83,no-step-marks,"5 steps, no [N mark] prefixes",low,no
EYE-NCERT-10-SA-007,bank,human-eye-and-colourful-world,lazytopper/src/data/questionBanks/class10/science/humanEye.ncert.ts:92,no-step-marks,"5 steps, no [N mark] prefixes",low,no
EYE-NCERT-10-SA-008,bank,human-eye-and-colourful-world,lazytopper/src/data/questionBanks/class10/science/humanEye.ncert.ts:101,no-step-marks,"4 steps, no [N mark] prefixes",low,no
EYE-NCERT-10-SA-009,bank,human-eye-and-colourful-world,lazytopper/src/data/questionBanks/class10/science/humanEye.ncert.ts:108,no-step-marks,"4 steps, no [N mark] prefixes",low,no
EYE-NCERT-10-SA-010,bank,human-eye-and-colourful-world,lazytopper/src/data/questionBanks/class10/science/humanEye.ncert.ts:116,no-step-marks,"5 steps, no [N mark] prefixes",low,no
EYE-NCERT-10-SA-011,bank,human-eye-and-colourful-world,lazytopper/src/data/questionBanks/class10/science/humanEye.ncert.ts:123,no-step-marks,"5 steps, no [N mark] prefixes",low,no
EYE-NCERT-10-SA-012,bank,human-eye-and-colourful-world,lazytopper/src/data/questionBanks/class10/science/humanEye.ncert.ts:131,no-step-marks,"4 steps, no [N mark] prefixes",low,no
EYE-EXMPLR-10-SA-001,bank,human-eye-and-colourful-world,lazytopper/src/data/questionBanks/class10/science/humanEye.exemplar.ts:132,no-step-marks,"5 steps, no [N mark] prefixes",low,no
EYE-EXMPLR-10-SA-002,bank,human-eye-and-colourful-world,lazytopper/src/data/questionBanks/class10/science/humanEye.exemplar.ts:141,no-step-marks,"5 steps, no [N mark] prefixes",low,no
EYE-EXMPLR-10-SA-003,bank,human-eye-and-colourful-world,lazytopper/src/data/questionBanks/class10/science/humanEye.exemplar.ts:149,no-step-marks,"5 steps, no [N mark] prefixes",low,no
EYE-EXMPLR-10-SA-004,bank,human-eye-and-colourful-world,lazytopper/src/data/questionBanks/class10/science/humanEye.exemplar.ts:156,no-step-marks,"4 steps, no [N mark] prefixes",low,no
EYE-EXMPLR-10-SA-005,bank,human-eye-and-colourful-world,lazytopper/src/data/questionBanks/class10/science/humanEye.exemplar.ts:165,no-step-marks,"5 steps, no [N mark] prefixes",low,no
EYE-EXMPLR-10-SA-006,bank,human-eye-and-colourful-world,lazytopper/src/data/questionBanks/class10/science/humanEye.exemplar.ts:174,no-step-marks,"5 steps, no [N mark] prefixes",low,no
EYE-EXMPLR-10-SA-007,bank,human-eye-and-colourful-world,lazytopper/src/data/questionBanks/class10/science/humanEye.exemplar.ts:182,no-step-marks,"4 steps, no [N mark] prefixes",low,no
EYE-EXMPLR-10-SA-008,bank,human-eye-and-colourful-world,lazytopper/src/data/questionBanks/class10/science/humanEye.exemplar.ts:190,no-step-marks,"5 steps, no [N mark] prefixes",low,no
EYE-EXMPLR-10-SA-009,bank,human-eye-and-colourful-world,lazytopper/src/data/questionBanks/class10/science/humanEye.exemplar.ts:197,no-step-marks,"5 steps, no [N mark] prefixes",low,no
EYE-EXMPLR-10-LA-001,bank,human-eye-and-colourful-world,lazytopper/src/data/questionBanks/class10/science/humanEye.exemplar.ts:213,no-step-marks,"5 steps, no [N mark] prefixes",low,no
EYE-EXMPLR-10-LA-002,bank,human-eye-and-colourful-world,lazytopper/src/data/questionBanks/class10/science/humanEye.exemplar.ts:221,no-step-marks,"5 steps, no [N mark] prefixes",low,no
EYE-EXMPLR-10-LA-003,bank,human-eye-and-colourful-world,lazytopper/src/data/questionBanks/class10/science/humanEye.exemplar.ts:229,no-step-marks,"5 steps, no [N mark] prefixes",low,no
EYE-EXMPLR-10-LA-005,bank,human-eye-and-colourful-world,lazytopper/src/data/questionBanks/class10/science/humanEye.exemplar.ts:245,no-step-marks,"5 steps, no [N mark] prefixes",low,no
EYE-EXMPLR-10-LA-006,bank,human-eye-and-colourful-world,lazytopper/src/data/questionBanks/class10/science/humanEye.exemplar.ts:253,no-step-marks,"5 steps, no [N mark] prefixes",low,no
MAG-NCERT-12-SA-001,bank,magnetic-effects-of-electric-current,lazytopper/src/data/questionBanks/class10/science/magneticEffects.ncert.ts:11,no-step-marks,"4 steps, no [N mark] prefixes",low,no
MAG-NCERT-12-SA-002,bank,magnetic-effects-of-electric-current,lazytopper/src/data/questionBanks/class10/science/magneticEffects.ncert.ts:21,no-step-marks,"4 steps, no [N mark] prefixes",low,no
MAG-NCERT-12-SA-003,bank,magnetic-effects-of-electric-current,lazytopper/src/data/questionBanks/class10/science/magneticEffects.ncert.ts:30,no-step-marks,"4 steps, no [N mark] prefixes",low,no
MAG-NCERT-12-SA-004,bank,magnetic-effects-of-electric-current,lazytopper/src/data/questionBanks/class10/science/magneticEffects.ncert.ts:56,no-step-marks,"5 steps, no [N mark] prefixes",low,no
MAG-NCERT-12-SA-005,bank,magnetic-effects-of-electric-current,lazytopper/src/data/questionBanks/class10/science/magneticEffects.ncert.ts:73,no-step-marks,"4 steps, no [N mark] prefixes",low,no
MAG-NCERT-12-SA-006,bank,magnetic-effects-of-electric-current,lazytopper/src/data/questionBanks/class10/science/magneticEffects.ncert.ts:80,no-step-marks,"5 steps, no [N mark] prefixes",low,no
MAG-NCERT-12-SA-007,bank,magnetic-effects-of-electric-current,lazytopper/src/data/questionBanks/class10/science/magneticEffects.ncert.ts:88,no-step-marks,"4 steps, no [N mark] prefixes",low,no
MAG-NCERT-12-SA-008,bank,magnetic-effects-of-electric-current,lazytopper/src/data/questionBanks/class10/science/magneticEffects.ncert.ts:96,no-step-marks,"5 steps, no [N mark] prefixes",low,no
MAG-NCERT-12-SA-009,bank,magnetic-effects-of-electric-current,lazytopper/src/data/questionBanks/class10/science/magneticEffects.ncert.ts:132,no-step-marks,"3 steps, no [N mark] prefixes",low,no
MAG-NCERT-12-SA-010,bank,magnetic-effects-of-electric-current,lazytopper/src/data/questionBanks/class10/science/magneticEffects.ncert.ts:139,no-step-marks,"3 steps, no [N mark] prefixes",low,no
MAG-NCERT-12-SA-011,bank,magnetic-effects-of-electric-current,lazytopper/src/data/questionBanks/class10/science/magneticEffects.ncert.ts:146,no-step-marks,"4 steps, no [N mark] prefixes",low,no
MAG-NCERT-12-SA-012,bank,magnetic-effects-of-electric-current,lazytopper/src/data/questionBanks/class10/science/magneticEffects.ncert.ts:153,no-step-marks,"5 steps, no [N mark] prefixes",low,no
MAG-NCERT-12-SA-013,bank,magnetic-effects-of-electric-current,lazytopper/src/data/questionBanks/class10/science/magneticEffects.ncert.ts:169,no-step-marks,"4 steps, no [N mark] prefixes",low,no
MAG-NCERT-12-SA-014,bank,magnetic-effects-of-electric-current,lazytopper/src/data/questionBanks/class10/science/magneticEffects.ncert.ts:176,no-step-marks,"4 steps, no [N mark] prefixes",low,no
MAG-EXMPLR-12-SA-001,bank,magnetic-effects-of-electric-current,lazytopper/src/data/questionBanks/class10/science/magneticEffects.exemplar.ts:118,no-step-marks,"5 steps, no [N mark] prefixes",low,no
MAG-EXMPLR-12-SA-002,bank,magnetic-effects-of-electric-current,lazytopper/src/data/questionBanks/class10/science/magneticEffects.exemplar.ts:126,no-step-marks,"5 steps, no [N mark] prefixes",low,no
MAG-EXMPLR-12-SA-003,bank,magnetic-effects-of-electric-current,lazytopper/src/data/questionBanks/class10/science/magneticEffects.exemplar.ts:135,no-step-marks,"4 steps, no [N mark] prefixes",low,no
MAG-EXMPLR-12-SA-004,bank,magnetic-effects-of-electric-current,lazytopper/src/data/questionBanks/class10/science/magneticEffects.exemplar.ts:143,no-step-marks,"3 steps, no [N mark] prefixes",low,no
MAG-EXMPLR-12-SA-005,bank,magnetic-effects-of-electric-current,lazytopper/src/data/questionBanks/class10/science/magneticEffects.exemplar.ts:150,no-step-marks,"4 steps, no [N mark] prefixes",low,no
MAG-EXMPLR-12-SA-006,bank,magnetic-effects-of-electric-current,lazytopper/src/data/questionBanks/class10/science/magneticEffects.exemplar.ts:158,no-step-marks,"5 steps, no [N mark] prefixes",low,no
MAG-EXMPLR-12-SA-007,bank,magnetic-effects-of-electric-current,lazytopper/src/data/questionBanks/class10/science/magneticEffects.exemplar.ts:165,no-step-marks,"4 steps, no [N mark] prefixes",low,no
MAG-EXMPLR-12-SA-008,bank,magnetic-effects-of-electric-current,lazytopper/src/data/questionBanks/class10/science/magneticEffects.exemplar.ts:172,no-step-marks,"4 steps, no [N mark] prefixes",low,no
MAG-EXMPLR-12-SA-011,bank,magnetic-effects-of-electric-current,lazytopper/src/data/questionBanks/class10/science/magneticEffects.exemplar.ts:193,no-step-marks,"5 steps, no [N mark] prefixes",low,no
MAG-EXMPLR-12-SA-012,bank,magnetic-effects-of-electric-current,lazytopper/src/data/questionBanks/class10/science/magneticEffects.exemplar.ts:200,no-step-marks,"5 steps, no [N mark] prefixes",low,no
MAG-EXMPLR-12-LA-001,bank,magnetic-effects-of-electric-current,lazytopper/src/data/questionBanks/class10/science/magneticEffects.exemplar.ts:209,no-step-marks,"5 steps, no [N mark] prefixes",low,no
MAG-EXMPLR-12-LA-002,bank,magnetic-effects-of-electric-current,lazytopper/src/data/questionBanks/class10/science/magneticEffects.exemplar.ts:216,no-step-marks,"6 steps, no [N mark] prefixes",low,no
MAG-EXMPLR-12-LA-003,bank,magnetic-effects-of-electric-current,lazytopper/src/data/questionBanks/class10/science/magneticEffects.exemplar.ts:224,no-step-marks,"6 steps, no [N mark] prefixes",low,no
MAG-EXMPLR-12-LA-004,bank,magnetic-effects-of-electric-current,lazytopper/src/data/questionBanks/class10/science/magneticEffects.exemplar.ts:232,no-step-marks,"6 steps, no [N mark] prefixes",low,no
MAG-EXMPLR-12-LA-007,bank,magnetic-effects-of-electric-current,lazytopper/src/data/questionBanks/class10/science/magneticEffects.exemplar.ts:258,no-step-marks,"6 steps, no [N mark] prefixes",low,no
RN-N-NCERT-1-SA-001,bank,real-numbers,lazytopper/src/data/questionBanks/class10/maths/realNumbers.ncert.ts:84,no-step-marks,"4 steps, no [N mark] prefixes",low,no
RN-N-NCERT-1-SA-002,bank,real-numbers,lazytopper/src/data/questionBanks/class10/maths/realNumbers.ncert.ts:92,no-step-marks,"4 steps, no [N mark] prefixes",low,no
RN-N-NCERT-1-SA-003,bank,real-numbers,lazytopper/src/data/questionBanks/class10/maths/realNumbers.ncert.ts:100,no-step-marks,"4 steps, no [N mark] prefixes",low,no
RN-N-NCERT-1-SA-005,bank,real-numbers,lazytopper/src/data/questionBanks/class10/maths/realNumbers.ncert.ts:117,no-step-marks,"5 steps, no [N mark] prefixes",low,no
RN-N-NCERT-1-SA-006,bank,real-numbers,lazytopper/src/data/questionBanks/class10/maths/realNumbers.ncert.ts:125,no-step-marks,"5 steps, no [N mark] prefixes",low,no
RN-N-NCERT-1-SA-007,bank,real-numbers,lazytopper/src/data/questionBanks/class10/maths/realNumbers.ncert.ts:133,no-step-marks,"5 steps, no [N mark] prefixes",low,no
RN-N-NCERT-1-SA-008,bank,real-numbers,lazytopper/src/data/questionBanks/class10/maths/realNumbers.ncert.ts:141,no-step-marks,"5 steps, no [N mark] prefixes",low,no
RN-N-NCERT-1-SA-009,bank,real-numbers,lazytopper/src/data/questionBanks/class10/maths/realNumbers.ncert.ts:149,no-step-marks,"5 steps, no [N mark] prefixes",low,no
RN-N-NCERT-1-SA-010,bank,real-numbers,lazytopper/src/data/questionBanks/class10/maths/realNumbers.ncert.ts:157,no-step-marks,"5 steps, no [N mark] prefixes",low,no
RN-N-NCERT-1-LA-001,bank,real-numbers,lazytopper/src/data/questionBanks/class10/maths/realNumbers.ncert.ts:166,no-step-marks,"5 steps, no [N mark] prefixes",low,no
RN-N-NCERT-1-LA-002,bank,real-numbers,lazytopper/src/data/questionBanks/class10/maths/realNumbers.ncert.ts:174,no-step-marks,"5 steps, no [N mark] prefixes",low,no
RN-N-NCERT-1-LA-003,bank,real-numbers,lazytopper/src/data/questionBanks/class10/maths/realNumbers.ncert.ts:182,no-step-marks,"5 steps, no [N mark] prefixes",low,no
RN-N-NCERT-1-LA-004,bank,real-numbers,lazytopper/src/data/questionBanks/class10/maths/realNumbers.ncert.ts:190,no-step-marks,"5 steps, no [N mark] prefixes",low,no
RN-N-NCERT-1-CB-001,bank,real-numbers,lazytopper/src/data/questionBanks/class10/maths/realNumbers.ncert.ts:199,no-step-marks,"5 steps, no [N mark] prefixes",low,no
RN-N-EXMPLR-1-SA-001,bank,real-numbers,lazytopper/src/data/questionBanks/class10/maths/realNumbers.exemplar.ts:58,no-step-marks,"4 steps, no [N mark] prefixes",low,no
RN-N-EXMPLR-1-SA-002,bank,real-numbers,lazytopper/src/data/questionBanks/class10/maths/realNumbers.exemplar.ts:66,no-step-marks,"4 steps, no [N mark] prefixes",low,no
RN-N-EXMPLR-1-SA-003,bank,real-numbers,lazytopper/src/data/questionBanks/class10/maths/realNumbers.exemplar.ts:74,no-step-marks,"4 steps, no [N mark] prefixes",low,no
RN-N-EXMPLR-1-SA-006,bank,real-numbers,lazytopper/src/data/questionBanks/class10/maths/realNumbers.exemplar.ts:99,no-step-marks,"5 steps, no [N mark] prefixes",low,no
RN-N-EXMPLR-1-SA-008,bank,real-numbers,lazytopper/src/data/questionBanks/class10/maths/realNumbers.exemplar.ts:115,no-step-marks,"4 steps, no [N mark] prefixes",low,no
RN-N-EXMPLR-1-LA-001,bank,real-numbers,lazytopper/src/data/questionBanks/class10/maths/realNumbers.exemplar.ts:124,no-step-marks,"5 steps, no [N mark] prefixes",low,no
RN-N-EXMPLR-1-LA-003,bank,real-numbers,lazytopper/src/data/questionBanks/class10/maths/realNumbers.exemplar.ts:140,no-step-marks,"5 steps, no [N mark] prefixes",low,no
RN-N-EXMPLR-1-CB-001,bank,real-numbers,lazytopper/src/data/questionBanks/class10/maths/realNumbers.exemplar.ts:149,no-step-marks,"4 steps, no [N mark] prefixes",low,no
PLE-N-NCERT-3-SA-001,bank,pair-of-linear-equations,lazytopper/src/data/questionBanks/class10/maths/pairOfLinearEquations.ncert.ts:48,no-step-marks,"4 steps, no [N mark] prefixes",low,no
PLE-N-NCERT-3-SA-002,bank,pair-of-linear-equations,lazytopper/src/data/questionBanks/class10/maths/pairOfLinearEquations.ncert.ts:56,no-step-marks,"4 steps, no [N mark] prefixes",low,no
PLE-N-NCERT-3-SA-003,bank,pair-of-linear-equations,lazytopper/src/data/questionBanks/class10/maths/pairOfLinearEquations.ncert.ts:64,no-step-marks,"4 steps, no [N mark] prefixes",low,no
PLE-N-NCERT-3-SA-004,bank,pair-of-linear-equations,lazytopper/src/data/questionBanks/class10/maths/pairOfLinearEquations.ncert.ts:72,no-step-marks,"4 steps, no [N mark] prefixes",low,no
PLE-N-NCERT-3-SA-005,bank,pair-of-linear-equations,lazytopper/src/data/questionBanks/class10/maths/pairOfLinearEquations.ncert.ts:89,no-step-marks,"5 steps, no [N mark] prefixes",low,no
PLE-N-NCERT-3-SA-006,bank,pair-of-linear-equations,lazytopper/src/data/questionBanks/class10/maths/pairOfLinearEquations.ncert.ts:97,no-step-marks,"5 steps, no [N mark] prefixes",low,no
PLE-N-NCERT-3-SA-007,bank,pair-of-linear-equations,lazytopper/src/data/questionBanks/class10/maths/pairOfLinearEquations.ncert.ts:105,no-step-marks,"5 steps, no [N mark] prefixes",low,no
PLE-N-NCERT-3-SA-008,bank,pair-of-linear-equations,lazytopper/src/data/questionBanks/class10/maths/pairOfLinearEquations.ncert.ts:112,no-step-marks,"5 steps, no [N mark] prefixes",low,no
PLE-N-NCERT-3-SA-009,bank,pair-of-linear-equations,lazytopper/src/data/questionBanks/class10/maths/pairOfLinearEquations.ncert.ts:119,no-step-marks,"5 steps, no [N mark] prefixes",low,no
PLE-N-NCERT-3-SA-010,bank,pair-of-linear-equations,lazytopper/src/data/questionBanks/class10/maths/pairOfLinearEquations.ncert.ts:126,no-step-marks,"5 steps, no [N mark] prefixes",low,no
PLE-N-NCERT-3-SA-011,bank,pair-of-linear-equations,lazytopper/src/data/questionBanks/class10/maths/pairOfLinearEquations.ncert.ts:134,no-step-marks,"5 steps, no [N mark] prefixes",low,no
PLE-N-NCERT-3-SA-012,bank,pair-of-linear-equations,lazytopper/src/data/questionBanks/class10/maths/pairOfLinearEquations.ncert.ts:142,no-step-marks,"5 steps, no [N mark] prefixes",low,no
PLE-N-NCERT-3-LA-001,bank,pair-of-linear-equations,lazytopper/src/data/questionBanks/class10/maths/pairOfLinearEquations.ncert.ts:151,no-step-marks,"5 steps, no [N mark] prefixes",low,no
PLE-N-NCERT-3-LA-002,bank,pair-of-linear-equations,lazytopper/src/data/questionBanks/class10/maths/pairOfLinearEquations.ncert.ts:159,no-step-marks,"5 steps, no [N mark] prefixes",low,no
PLE-N-NCERT-3-LA-003,bank,pair-of-linear-equations,lazytopper/src/data/questionBanks/class10/maths/pairOfLinearEquations.ncert.ts:167,no-step-marks,"6 steps, no [N mark] prefixes",low,no
PLE-N-NCERT-3-CB-001,bank,pair-of-linear-equations,lazytopper/src/data/questionBanks/class10/maths/pairOfLinearEquations.ncert.ts:184,no-step-marks,"5 steps, no [N mark] prefixes",low,no
PLE-N-NCERT-3-CB-002,bank,pair-of-linear-equations,lazytopper/src/data/questionBanks/class10/maths/pairOfLinearEquations.ncert.ts:192,no-step-marks,"5 steps, no [N mark] prefixes",low,no
PLE-N-NCERT-3-CB-003,bank,pair-of-linear-equations,lazytopper/src/data/questionBanks/class10/maths/pairOfLinearEquations.ncert.ts:200,no-step-marks,"5 steps, no [N mark] prefixes",low,no
PLE-N-EXMPLR-3-VSA-001,bank,pair-of-linear-equations,lazytopper/src/data/questionBanks/class10/maths/pairOfLinearEquations.exemplar.ts:113,no-step-marks,"4 steps, no [N mark] prefixes",low,no
PLE-N-EXMPLR-3-VSA-002,bank,pair-of-linear-equations,lazytopper/src/data/questionBanks/class10/maths/pairOfLinearEquations.exemplar.ts:120,no-step-marks,"4 steps, no [N mark] prefixes",low,no
PLE-N-EXMPLR-3-VSA-003,bank,pair-of-linear-equations,lazytopper/src/data/questionBanks/class10/maths/pairOfLinearEquations.exemplar.ts:128,no-step-marks,"4 steps, no [N mark] prefixes",low,no
PLE-N-EXMPLR-3-VSA-004,bank,pair-of-linear-equations,lazytopper/src/data/questionBanks/class10/maths/pairOfLinearEquations.exemplar.ts:135,no-step-marks,"4 steps, no [N mark] prefixes",low,no
PLE-N-EXMPLR-3-SA-001,bank,pair-of-linear-equations,lazytopper/src/data/questionBanks/class10/maths/pairOfLinearEquations.exemplar.ts:144,no-step-marks,"5 steps, no [N mark] prefixes",low,no
PLE-N-EXMPLR-3-SA-002,bank,pair-of-linear-equations,lazytopper/src/data/questionBanks/class10/maths/pairOfLinearEquations.exemplar.ts:152,no-step-marks,"6 steps, no [N mark] prefixes",low,no
PLE-N-EXMPLR-3-SA-003,bank,pair-of-linear-equations,lazytopper/src/data/questionBanks/class10/maths/pairOfLinearEquations.exemplar.ts:160,no-step-marks,"5 steps, no [N mark] prefixes",low,no
PLE-N-EXMPLR-3-SA-004,bank,pair-of-linear-equations,lazytopper/src/data/questionBanks/class10/maths/pairOfLinearEquations.exemplar.ts:168,no-step-marks,"4 steps, no [N mark] prefixes",low,no
PLE-N-EXMPLR-3-SA-005,bank,pair-of-linear-equations,lazytopper/src/data/questionBanks/class10/maths/pairOfLinearEquations.exemplar.ts:175,no-step-marks,"4 steps, no [N mark] prefixes",low,no
PLE-N-EXMPLR-3-SA-006,bank,pair-of-linear-equations,lazytopper/src/data/questionBanks/class10/maths/pairOfLinearEquations.exemplar.ts:182,no-step-marks,"5 steps, no [N mark] prefixes",low,no
PLE-N-EXMPLR-3-SA-007,bank,pair-of-linear-equations,lazytopper/src/data/questionBanks/class10/maths/pairOfLinearEquations.exemplar.ts:190,no-step-marks,"4 steps, no [N mark] prefixes",low,no
PLE-N-EXMPLR-3-LA-001,bank,pair-of-linear-equations,lazytopper/src/data/questionBanks/class10/maths/pairOfLinearEquations.exemplar.ts:207,no-step-marks,"5 steps, no [N mark] prefixes",low,no
PLE-N-EXMPLR-3-LA-002,bank,pair-of-linear-equations,lazytopper/src/data/questionBanks/class10/maths/pairOfLinearEquations.exemplar.ts:214,no-step-marks,"6 steps, no [N mark] prefixes",low,no
PLE-N-EXMPLR-3-LA-003,bank,pair-of-linear-equations,lazytopper/src/data/questionBanks/class10/maths/pairOfLinearEquations.exemplar.ts:222,no-step-marks,"5 steps, no [N mark] prefixes",low,no
PLE-N-EXMPLR-3-LA-004,bank,pair-of-linear-equations,lazytopper/src/data/questionBanks/class10/maths/pairOfLinearEquations.exemplar.ts:230,no-step-marks,"6 steps, no [N mark] prefixes",low,no
PLE-N-EXMPLR-3-LA-005,bank,pair-of-linear-equations,lazytopper/src/data/questionBanks/class10/maths/pairOfLinearEquations.exemplar.ts:238,no-step-marks,"6 steps, no [N mark] prefixes",low,no
PLE-N-EXMPLR-3-LA-006,bank,pair-of-linear-equations,lazytopper/src/data/questionBanks/class10/maths/pairOfLinearEquations.exemplar.ts:246,no-step-marks,"6 steps, no [N mark] prefixes",low,no
QE-N-NCERT-4-SA-001,bank,quadratic-equations,lazytopper/src/data/questionBanks/class10/maths/quadraticEquations.ncert.ts:64,no-step-marks,"4 steps, no [N mark] prefixes",low,no
QE-N-NCERT-4-SA-002,bank,quadratic-equations,lazytopper/src/data/questionBanks/class10/maths/quadraticEquations.ncert.ts:72,no-step-marks,"4 steps, no [N mark] prefixes",low,no
QE-N-NCERT-4-SA-003,bank,quadratic-equations,lazytopper/src/data/questionBanks/class10/maths/quadraticEquations.ncert.ts:80,no-step-marks,"4 steps, no [N mark] prefixes",low,no
QE-N-NCERT-4-SA-004,bank,quadratic-equations,lazytopper/src/data/questionBanks/class10/maths/quadraticEquations.ncert.ts:88,no-step-marks,"4 steps, no [N mark] prefixes",low,no
QE-N-NCERT-4-SH-001,bank,quadratic-equations,lazytopper/src/data/questionBanks/class10/maths/quadraticEquations.ncert.ts:97,no-step-marks,"5 steps, no [N mark] prefixes",low,no
QE-N-NCERT-4-SH-002,bank,quadratic-equations,lazytopper/src/data/questionBanks/class10/maths/quadraticEquations.ncert.ts:105,no-step-marks,"5 steps, no [N mark] prefixes",low,no
QE-N-NCERT-4-SH-004,bank,quadratic-equations,lazytopper/src/data/questionBanks/class10/maths/quadraticEquations.ncert.ts:121,no-step-marks,"4 steps, no [N mark] prefixes",low,no
QE-N-NCERT-4-SH-005,bank,quadratic-equations,lazytopper/src/data/questionBanks/class10/maths/quadraticEquations.ncert.ts:129,no-step-marks,"5 steps, no [N mark] prefixes",low,no
QE-N-NCERT-4-SH-006,bank,quadratic-equations,lazytopper/src/data/questionBanks/class10/maths/quadraticEquations.ncert.ts:137,no-step-marks,"5 steps, no [N mark] prefixes",low,no
QE-N-NCERT-4-SH-007,bank,quadratic-equations,lazytopper/src/data/questionBanks/class10/maths/quadraticEquations.ncert.ts:145,no-step-marks,"6 steps, no [N mark] prefixes",low,no
QE-N-NCERT-4-SH-008,bank,quadratic-equations,lazytopper/src/data/questionBanks/class10/maths/quadraticEquations.ncert.ts:153,no-step-marks,"5 steps, no [N mark] prefixes",low,no
QE-N-NCERT-4-SH-009,bank,quadratic-equations,lazytopper/src/data/questionBanks/class10/maths/quadraticEquations.ncert.ts:161,no-step-marks,"5 steps, no [N mark] prefixes",low,no
QE-N-NCERT-4-LA-001,bank,quadratic-equations,lazytopper/src/data/questionBanks/class10/maths/quadraticEquations.ncert.ts:170,no-step-marks,"6 steps, no [N mark] prefixes",low,no
QE-N-NCERT-4-LA-002,bank,quadratic-equations,lazytopper/src/data/questionBanks/class10/maths/quadraticEquations.ncert.ts:178,no-step-marks,"6 steps, no [N mark] prefixes",low,no
QE-N-NCERT-4-LA-003,bank,quadratic-equations,lazytopper/src/data/questionBanks/class10/maths/quadraticEquations.ncert.ts:186,no-step-marks,"6 steps, no [N mark] prefixes",low,no
QE-N-NCERT-4-LA-004,bank,quadratic-equations,lazytopper/src/data/questionBanks/class10/maths/quadraticEquations.ncert.ts:194,no-step-marks,"6 steps, no [N mark] prefixes",low,no
QE-N-NCERT-4-CB-001,bank,quadratic-equations,lazytopper/src/data/questionBanks/class10/maths/quadraticEquations.ncert.ts:203,no-step-marks,"5 steps, no [N mark] prefixes",low,no
QE-N-NCERT-4-CB-002,bank,quadratic-equations,lazytopper/src/data/questionBanks/class10/maths/quadraticEquations.ncert.ts:211,no-step-marks,"5 steps, no [N mark] prefixes",low,no
QE-N-NCERT-4-CB-003,bank,quadratic-equations,lazytopper/src/data/questionBanks/class10/maths/quadraticEquations.ncert.ts:219,no-step-marks,"5 steps, no [N mark] prefixes",low,no
QE-N-EXMPLR-4-VSA-001,bank,quadratic-equations,lazytopper/src/data/questionBanks/class10/maths/quadraticEquations.exemplar.ts:129,no-step-marks,"4 steps, no [N mark] prefixes",low,no
QE-N-EXMPLR-4-VSA-002,bank,quadratic-equations,lazytopper/src/data/questionBanks/class10/maths/quadraticEquations.exemplar.ts:136,no-step-marks,"4 steps, no [N mark] prefixes",low,no
QE-N-EXMPLR-4-VSA-003,bank,quadratic-equations,lazytopper/src/data/questionBanks/class10/maths/quadraticEquations.exemplar.ts:143,no-step-marks,"3 steps, no [N mark] prefixes",low,no
QE-N-EXMPLR-4-VSA-004,bank,quadratic-equations,lazytopper/src/data/questionBanks/class10/maths/quadraticEquations.exemplar.ts:150,no-step-marks,"5 steps, no [N mark] prefixes",low,no
QE-N-EXMPLR-4-VSA-005,bank,quadratic-equations,lazytopper/src/data/questionBanks/class10/maths/quadraticEquations.exemplar.ts:158,no-step-marks,"4 steps, no [N mark] prefixes",low,no
QE-N-EXMPLR-4-SA-001,bank,quadratic-equations,lazytopper/src/data/questionBanks/class10/maths/quadraticEquations.exemplar.ts:166,no-step-marks,"5 steps, no [N mark] prefixes",low,no
QE-N-EXMPLR-4-SA-002,bank,quadratic-equations,lazytopper/src/data/questionBanks/class10/maths/quadraticEquations.exemplar.ts:174,no-step-marks,"4 steps, no [N mark] prefixes",low,no
QE-N-EXMPLR-4-SA-003,bank,quadratic-equations,lazytopper/src/data/questionBanks/class10/maths/quadraticEquations.exemplar.ts:181,no-step-marks,"5 steps, no [N mark] prefixes",low,no
QE-N-EXMPLR-4-SA-004,bank,quadratic-equations,lazytopper/src/data/questionBanks/class10/maths/quadraticEquations.exemplar.ts:189,no-step-marks,"5 steps, no [N mark] prefixes",low,no
QE-N-EXMPLR-4-SA-005,bank,quadratic-equations,lazytopper/src/data/questionBanks/class10/maths/quadraticEquations.exemplar.ts:197,no-step-marks,"5 steps, no [N mark] prefixes",low,no
QE-N-EXMPLR-4-SA-006,bank,quadratic-equations,lazytopper/src/data/questionBanks/class10/maths/quadraticEquations.exemplar.ts:205,no-step-marks,"4 steps, no [N mark] prefixes",low,no
QE-N-EXMPLR-4-SA-007,bank,quadratic-equations,lazytopper/src/data/questionBanks/class10/maths/quadraticEquations.exemplar.ts:212,no-step-marks,"5 steps, no [N mark] prefixes",low,no
QE-N-EXMPLR-4-SA-008,bank,quadratic-equations,lazytopper/src/data/questionBanks/class10/maths/quadraticEquations.exemplar.ts:220,no-step-marks,"5 steps, no [N mark] prefixes",low,no
QE-N-EXMPLR-4-LA-001,bank,quadratic-equations,lazytopper/src/data/questionBanks/class10/maths/quadraticEquations.exemplar.ts:228,no-step-marks,"6 steps, no [N mark] prefixes",low,no
QE-N-EXMPLR-4-LA-002,bank,quadratic-equations,lazytopper/src/data/questionBanks/class10/maths/quadraticEquations.exemplar.ts:236,no-step-marks,"6 steps, no [N mark] prefixes",low,no
QE-N-EXMPLR-4-LA-003,bank,quadratic-equations,lazytopper/src/data/questionBanks/class10/maths/quadraticEquations.exemplar.ts:244,no-step-marks,"6 steps, no [N mark] prefixes",low,no
QE-N-EXMPLR-4-LA-004,bank,quadratic-equations,lazytopper/src/data/questionBanks/class10/maths/quadraticEquations.exemplar.ts:252,no-step-marks,"5 steps, no [N mark] prefixes",low,no
QE-N-EXMPLR-4-CB-002,bank,quadratic-equations,lazytopper/src/data/questionBanks/class10/maths/quadraticEquations.exemplar.ts:270,no-step-marks,"5 steps, no [N mark] prefixes",low,no
QE-N-EXMPLR-4-CB-003,bank,quadratic-equations,lazytopper/src/data/questionBanks/class10/maths/quadraticEquations.exemplar.ts:278,no-step-marks,"5 steps, no [N mark] prefixes",low,no
TRI-N-NCERT-6-VSA-001,bank,triangles,lazytopper/src/data/questionBanks/class10/maths/triangles.ncert.ts:29,no-step-marks,"4 steps, no [N mark] prefixes",low,no
TRI-N-NCERT-6-SA-001,bank,triangles,lazytopper/src/data/questionBanks/class10/maths/triangles.ncert.ts:37,no-step-marks,"4 steps, no [N mark] prefixes",low,no
TRI-N-NCERT-6-SA-002,bank,triangles,lazytopper/src/data/questionBanks/class10/maths/triangles.ncert.ts:45,no-step-marks,"5 steps, no [N mark] prefixes",low,no
TRI-N-NCERT-6-SA-003,bank,triangles,lazytopper/src/data/questionBanks/class10/maths/triangles.ncert.ts:53,no-step-marks,"3 steps, no [N mark] prefixes",low,no
TRI-N-NCERT-6-LA-001,bank,triangles,lazytopper/src/data/questionBanks/class10/maths/triangles.ncert.ts:60,no-step-marks,"6 steps, no [N mark] prefixes",low,no
TRI-N-NCERT-6-LA-002,bank,triangles,lazytopper/src/data/questionBanks/class10/maths/triangles.ncert.ts:68,no-step-marks,"6 steps, no [N mark] prefixes",low,no
TRI-N-NCERT-6-LA-003,bank,triangles,lazytopper/src/data/questionBanks/class10/maths/triangles.ncert.ts:77,no-step-marks,"7 steps, no [N mark] prefixes",low,no
TRI-N-NCERT-6-SA-004,bank,triangles,lazytopper/src/data/questionBanks/class10/maths/triangles.ncert.ts:86,no-step-marks,"5 steps, no [N mark] prefixes",low,no
TRI-N-NCERT-6-LA-004,bank,triangles,lazytopper/src/data/questionBanks/class10/maths/triangles.ncert.ts:94,no-step-marks,"7 steps, no [N mark] prefixes",low,no
TRI-N-NCERT-6-LA-005,bank,triangles,lazytopper/src/data/questionBanks/class10/maths/triangles.ncert.ts:102,no-step-marks,"7 steps, no [N mark] prefixes",low,no
TRI-N-NCERT-6-SA-005,bank,triangles,lazytopper/src/data/questionBanks/class10/maths/triangles.ncert.ts:110,no-step-marks,"6 steps, no [N mark] prefixes",low,no
TRI-N-NCERT-6-LA-006,bank,triangles,lazytopper/src/data/questionBanks/class10/maths/triangles.ncert.ts:128,no-step-marks,"7 steps, no [N mark] prefixes",low,no
TRI-N-NCERT-6-SA-006,bank,triangles,lazytopper/src/data/questionBanks/class10/maths/triangles.ncert.ts:144,no-step-marks,"6 steps, no [N mark] prefixes",low,no
TRI-N-NCERT-6-SA-007,bank,triangles,lazytopper/src/data/questionBanks/class10/maths/triangles.ncert.ts:152,no-step-marks,"3 steps, no [N mark] prefixes",low,no
TRI-N-NCERT-6-SA-008,bank,triangles,lazytopper/src/data/questionBanks/class10/maths/triangles.ncert.ts:160,no-step-marks,"5 steps, no [N mark] prefixes",low,no
TRI-N-NCERT-6-CB-001,bank,triangles,lazytopper/src/data/questionBanks/class10/maths/triangles.ncert.ts:205,no-step-marks,"5 steps, no [N mark] prefixes",low,no
TRI-N-EXMPLR-6-SA-002,bank,triangles,lazytopper/src/data/questionBanks/class10/maths/triangles.exemplar.ts:92,no-step-marks,"3 steps, no [N mark] prefixes",low,no
TRI-N-EXMPLR-6-SA-003,bank,triangles,lazytopper/src/data/questionBanks/class10/maths/triangles.exemplar.ts:100,no-step-marks,"4 steps, no [N mark] prefixes",low,no
TRI-N-EXMPLR-6-SA-004,bank,triangles,lazytopper/src/data/questionBanks/class10/maths/triangles.exemplar.ts:107,no-step-marks,"5 steps, no [N mark] prefixes",low,no
TRI-N-EXMPLR-6-SA-005,bank,triangles,lazytopper/src/data/questionBanks/class10/maths/triangles.exemplar.ts:115,no-step-marks,"3 steps, no [N mark] prefixes",low,no
TRI-N-EXMPLR-6-SA-006,bank,triangles,lazytopper/src/data/questionBanks/class10/maths/triangles.exemplar.ts:123,no-step-marks,"3 steps, no [N mark] prefixes",low,no
TRI-N-EXMPLR-6-SA-007,bank,triangles,lazytopper/src/data/questionBanks/class10/maths/triangles.exemplar.ts:141,no-step-marks,"4 steps, no [N mark] prefixes",low,no
TRI-N-EXMPLR-6-SA-008,bank,triangles,lazytopper/src/data/questionBanks/class10/maths/triangles.exemplar.ts:148,no-step-marks,"4 steps, no [N mark] prefixes",low,no
TRI-N-EXMPLR-6-SA-009,bank,triangles,lazytopper/src/data/questionBanks/class10/maths/triangles.exemplar.ts:156,no-step-marks,"4 steps, no [N mark] prefixes",low,no
TRI-N-EXMPLR-6-SA-010,bank,triangles,lazytopper/src/data/questionBanks/class10/maths/triangles.exemplar.ts:164,no-step-marks,"7 steps, no [N mark] prefixes",low,no
TRI-N-EXMPLR-6-SA-011,bank,triangles,lazytopper/src/data/questionBanks/class10/maths/triangles.exemplar.ts:172,no-step-marks,"4 steps, no [N mark] prefixes",low,no
TRI-N-EXMPLR-6-SA-012,bank,triangles,lazytopper/src/data/questionBanks/class10/maths/triangles.exemplar.ts:181,no-step-marks,"3 steps, no [N mark] prefixes",low,no
TRI-N-EXMPLR-6-SA-013,bank,triangles,lazytopper/src/data/questionBanks/class10/maths/triangles.exemplar.ts:189,no-step-marks,"3 steps, no [N mark] prefixes",low,no
TRI-N-EXMPLR-6-LA-002,bank,triangles,lazytopper/src/data/questionBanks/class10/maths/triangles.exemplar.ts:198,no-step-marks,"6 steps, no [N mark] prefixes",low,no
TRI-N-EXMPLR-6-LA-003,bank,triangles,lazytopper/src/data/questionBanks/class10/maths/triangles.exemplar.ts:207,no-step-marks,"5 steps, no [N mark] prefixes",low,no
TRI-N-EXMPLR-6-LA-004,bank,triangles,lazytopper/src/data/questionBanks/class10/maths/triangles.exemplar.ts:215,no-step-marks,"7 steps, no [N mark] prefixes",low,no
TRI-N-EXMPLR-6-LA-005,bank,triangles,lazytopper/src/data/questionBanks/class10/maths/triangles.exemplar.ts:223,no-step-marks,"5 steps, no [N mark] prefixes",low,no
TRI-N-EXMPLR-6-LA-006,bank,triangles,lazytopper/src/data/questionBanks/class10/maths/triangles.exemplar.ts:231,no-step-marks,"7 steps, no [N mark] prefixes",low,no
TRI-N-EXMPLR-6-LA-007,bank,triangles,lazytopper/src/data/questionBanks/class10/maths/triangles.exemplar.ts:239,no-step-marks,"5 steps, no [N mark] prefixes",low,no
TRI-N-EXMPLR-6-CB-001,bank,triangles,lazytopper/src/data/questionBanks/class10/maths/triangles.exemplar.ts:248,no-step-marks,"4 steps, no [N mark] prefixes",low,no
TRI-N-EXMPLR-6-CB-002,bank,quadratic-equations,lazytopper/src/data/questionBanks/class10/maths/triangles.exemplar.ts:257,no-step-marks,"5 steps, no [N mark] prefixes",low,no
CG-N-NCERT-7-EX-001,bank,coordinate-geometry,lazytopper/src/data/questionBanks/class10/maths/coordinateGeometry.ncert.ts:13,no-step-marks,"7 steps, no [N mark] prefixes",low,no
CG-N-NCERT-7-EX-002,bank,coordinate-geometry,lazytopper/src/data/questionBanks/class10/maths/coordinateGeometry.ncert.ts:21,no-step-marks,"7 steps, no [N mark] prefixes",low,no
CG-N-NCERT-7-EX-003,bank,coordinate-geometry,lazytopper/src/data/questionBanks/class10/maths/coordinateGeometry.ncert.ts:29,no-step-marks,"5 steps, no [N mark] prefixes",low,no
CG-N-NCERT-7-EX-004,bank,coordinate-geometry,lazytopper/src/data/questionBanks/class10/maths/coordinateGeometry.ncert.ts:37,no-step-marks,"6 steps, no [N mark] prefixes",low,no
CG-N-NCERT-7-EX-005,bank,coordinate-geometry,lazytopper/src/data/questionBanks/class10/maths/coordinateGeometry.ncert.ts:45,no-step-marks,"5 steps, no [N mark] prefixes",low,no
CG-N-NCERT-7-EX-006,bank,coordinate-geometry,lazytopper/src/data/questionBanks/class10/maths/coordinateGeometry.ncert.ts:53,no-step-marks,"3 steps, no [N mark] prefixes",low,no
CG-N-NCERT-7-EX-007,bank,coordinate-geometry,lazytopper/src/data/questionBanks/class10/maths/coordinateGeometry.ncert.ts:60,no-step-marks,"4 steps, no [N mark] prefixes",low,no
CG-N-NCERT-7-EX-008,bank,coordinate-geometry,lazytopper/src/data/questionBanks/class10/maths/coordinateGeometry.ncert.ts:68,no-step-marks,"3 steps, no [N mark] prefixes",low,no
CG-N-NCERT-7-EX-009,bank,coordinate-geometry,lazytopper/src/data/questionBanks/class10/maths/coordinateGeometry.ncert.ts:76,no-step-marks,"4 steps, no [N mark] prefixes",low,no
CG-N-NCERT-7-EX-010,bank,coordinate-geometry,lazytopper/src/data/questionBanks/class10/maths/coordinateGeometry.ncert.ts:84,no-step-marks,"4 steps, no [N mark] prefixes",low,no
CG-N-NCERT-7-EX-012,bank,coordinate-geometry,lazytopper/src/data/questionBanks/class10/maths/coordinateGeometry.ncert.ts:101,no-step-marks,"2 steps, no [N mark] prefixes",low,no
CG-N-NCERT-7-EX-013,bank,coordinate-geometry,lazytopper/src/data/questionBanks/class10/maths/coordinateGeometry.ncert.ts:108,no-step-marks,"3 steps, no [N mark] prefixes",low,no
CG-N-NCERT-7-EX-014,bank,coordinate-geometry,lazytopper/src/data/questionBanks/class10/maths/coordinateGeometry.ncert.ts:115,no-step-marks,"3 steps, no [N mark] prefixes",low,no
CG-N-NCERT-7-EX-015,bank,coordinate-geometry,lazytopper/src/data/questionBanks/class10/maths/coordinateGeometry.ncert.ts:123,no-step-marks,"5 steps, no [N mark] prefixes",low,no
CG-N-NCERT-7-EX-016,bank,coordinate-geometry,lazytopper/src/data/questionBanks/class10/maths/coordinateGeometry.ncert.ts:131,no-step-marks,"4 steps, no [N mark] prefixes",low,no
CG-N-NCERT-7-EX-017,bank,coordinate-geometry,lazytopper/src/data/questionBanks/class10/maths/coordinateGeometry.ncert.ts:139,no-step-marks,"5 steps, no [N mark] prefixes",low,no
CG-N-NCERT-7-EX-018,bank,coordinate-geometry,lazytopper/src/data/questionBanks/class10/maths/coordinateGeometry.ncert.ts:146,no-step-marks,"4 steps, no [N mark] prefixes",low,no
CG-N-NCERT-7-EX-019,bank,coordinate-geometry,lazytopper/src/data/questionBanks/class10/maths/coordinateGeometry.ncert.ts:154,no-step-marks,"5 steps, no [N mark] prefixes",low,no
CG-N-NCERT-7-EX-020,bank,coordinate-geometry,lazytopper/src/data/questionBanks/class10/maths/coordinateGeometry.ncert.ts:163,no-step-marks,"3 steps, no [N mark] prefixes",low,no
CG-N-NCERT-7-EX-021,bank,coordinate-geometry,lazytopper/src/data/questionBanks/class10/maths/coordinateGeometry.ncert.ts:170,no-step-marks,"3 steps, no [N mark] prefixes",low,no
CG-N-NCERT-7-EX-022,bank,coordinate-geometry,lazytopper/src/data/questionBanks/class10/maths/coordinateGeometry.ncert.ts:178,no-step-marks,"4 steps, no [N mark] prefixes",low,no
CG-N-NCERT-7-EX-023,bank,coordinate-geometry,lazytopper/src/data/questionBanks/class10/maths/coordinateGeometry.ncert.ts:186,no-step-marks,"5 steps, no [N mark] prefixes",low,no
CG-N-NCERT-7-EX-024,bank,coordinate-geometry,lazytopper/src/data/questionBanks/class10/maths/coordinateGeometry.ncert.ts:194,no-step-marks,"4 steps, no [N mark] prefixes",low,no
CG-N-NCERT-7-EX-025,bank,coordinate-geometry,lazytopper/src/data/questionBanks/class10/maths/coordinateGeometry.ncert.ts:201,no-step-marks,"4 steps, no [N mark] prefixes",low,no
BX-COORD-D-012,bank,coordinate-geometry,lazytopper/src/data/questionBanks/class10/maths/coordinateGeometry.expand.longD.ts:90,figure-unbound,stem: figure,high,no
CG-N-EXMPLR-7-EX-014,bank,coordinate-geometry,lazytopper/src/data/questionBanks/class10/maths/coordinateGeometry.exemplar.ts:122,no-step-marks,"3 steps, no [N mark] prefixes",low,no
CG-N-EXMPLR-7-EX-015,bank,coordinate-geometry,lazytopper/src/data/questionBanks/class10/maths/coordinateGeometry.exemplar.ts:129,no-step-marks,"3 steps, no [N mark] prefixes",low,no
CG-N-EXMPLR-7-EX-016,bank,coordinate-geometry,lazytopper/src/data/questionBanks/class10/maths/coordinateGeometry.exemplar.ts:137,no-step-marks,"4 steps, no [N mark] prefixes",low,no
CG-N-EXMPLR-7-EX-017,bank,coordinate-geometry,lazytopper/src/data/questionBanks/class10/maths/coordinateGeometry.exemplar.ts:145,no-step-marks,"3 steps, no [N mark] prefixes",low,no
CG-N-EXMPLR-7-EX-020,bank,coordinate-geometry,lazytopper/src/data/questionBanks/class10/maths/coordinateGeometry.exemplar.ts:167,no-step-marks,"5 steps, no [N mark] prefixes",low,no
CG-N-EXMPLR-7-EX-022,bank,coordinate-geometry,lazytopper/src/data/questionBanks/class10/maths/coordinateGeometry.exemplar.ts:183,no-step-marks,"6 steps, no [N mark] prefixes",low,no
CG-N-EXMPLR-7-EX-023,bank,coordinate-geometry,lazytopper/src/data/questionBanks/class10/maths/coordinateGeometry.exemplar.ts:192,no-step-marks,"5 steps, no [N mark] prefixes",low,no
TRIG-N-NCERT-8-SA-001,bank,trigonometry,lazytopper/src/data/questionBanks/class10/maths/trigonometry.ncert.ts:13,no-step-marks,"5 steps, no [N mark] prefixes",low,no
TRIG-N-NCERT-8-SA-002,bank,trigonometry,lazytopper/src/data/questionBanks/class10/maths/trigonometry.ncert.ts:26,no-step-marks,"5 steps, no [N mark] prefixes",low,no
TRIG-N-NCERT-8-SA-003,bank,trigonometry,lazytopper/src/data/questionBanks/class10/maths/trigonometry.ncert.ts:39,no-step-marks,"5 steps, no [N mark] prefixes",low,no
TRIG-N-NCERT-8-LA-001,bank,trigonometry,lazytopper/src/data/questionBanks/class10/maths/trigonometry.ncert.ts:52,no-step-marks,"6 steps, no [N mark] prefixes",low,no
TRIG-N-NCERT-8-SA-004,bank,trigonometry,lazytopper/src/data/questionBanks/class10/maths/trigonometry.ncert.ts:66,no-step-marks,"4 steps, no [N mark] prefixes",low,no
TRIG-N-NCERT-8-SA-005,bank,trigonometry,lazytopper/src/data/questionBanks/class10/maths/trigonometry.ncert.ts:78,no-step-marks,"4 steps, no [N mark] prefixes",low,no
TRIG-N-NCERT-8-SA-006,bank,trigonometry,lazytopper/src/data/questionBanks/class10/maths/trigonometry.ncert.ts:105,no-step-marks,"3 steps, no [N mark] prefixes",low,no
TRIG-N-NCERT-8-SA-007,bank,trigonometry,lazytopper/src/data/questionBanks/class10/maths/trigonometry.ncert.ts:116,no-step-marks,"4 steps, no [N mark] prefixes",low,no
TRIG-N-NCERT-8-SA-008,bank,trigonometry,lazytopper/src/data/questionBanks/class10/maths/trigonometry.ncert.ts:142,no-step-marks,"4 steps, no [N mark] prefixes",low,no
TRIG-N-NCERT-8-LA-002,bank,trigonometry,lazytopper/src/data/questionBanks/class10/maths/trigonometry.ncert.ts:228,no-step-marks,"6 steps, no [N mark] prefixes",low,no
TRIG-N-NCERT-8-LA-003,bank,trigonometry,lazytopper/src/data/questionBanks/class10/maths/trigonometry.ncert.ts:242,no-step-marks,"5 steps, no [N mark] prefixes",low,no
TRIG-N-NCERT-9-SA-001,bank,trigonometry,lazytopper/src/data/questionBanks/class10/maths/trigonometry.ncert.ts:258,no-step-marks,"4 steps, no [N mark] prefixes",low,no
TRIG-N-NCERT-9-LA-001,bank,trigonometry,lazytopper/src/data/questionBanks/class10/maths/trigonometry.ncert.ts:270,no-step-marks,"5 steps, no [N mark] prefixes",low,no
TRIG-N-NCERT-9-LA-002,bank,trigonometry,lazytopper/src/data/questionBanks/class10/maths/trigonometry.ncert.ts:283,no-step-marks,"5 steps, no [N mark] prefixes",low,no
TRIG-N-NCERT-9-SA-002,bank,trigonometry,lazytopper/src/data/questionBanks/class10/maths/trigonometry.ncert.ts:297,no-step-marks,"3 steps, no [N mark] prefixes",low,no
TRIG-N-NCERT-9-SA-003,bank,trigonometry,lazytopper/src/data/questionBanks/class10/maths/trigonometry.ncert.ts:308,no-step-marks,"5 steps, no [N mark] prefixes",low,no
TRIG-N-NCERT-9-SA-004,bank,trigonometry,lazytopper/src/data/questionBanks/class10/maths/trigonometry.ncert.ts:321,no-step-marks,"2 steps, no [N mark] prefixes",low,no
TRIG-N-NCERT-9-SA-005,bank,trigonometry,lazytopper/src/data/questionBanks/class10/maths/trigonometry.ncert.ts:331,no-step-marks,"3 steps, no [N mark] prefixes",low,no
TRIG-N-NCERT-9-LA-003,bank,trigonometry,lazytopper/src/data/questionBanks/class10/maths/trigonometry.ncert.ts:342,no-step-marks,"6 steps, no [N mark] prefixes",low,no
TRIG-N-NCERT-9-LA-004,bank,trigonometry,lazytopper/src/data/questionBanks/class10/maths/trigonometry.ncert.ts:356,no-step-marks,"5 steps, no [N mark] prefixes",low,no
TRIG-N-NCERT-9-LA-005,bank,trigonometry,lazytopper/src/data/questionBanks/class10/maths/trigonometry.ncert.ts:369,no-step-marks,"5 steps, no [N mark] prefixes",low,no
TRIG-N-NCERT-9-CB-001,bank,trigonometry,lazytopper/src/data/questionBanks/class10/maths/trigonometry.ncert.ts:382,no-step-marks,"6 steps, no [N mark] prefixes",low,no
TRIG-N-NCERT-9-LA-006,bank,trigonometry,lazytopper/src/data/questionBanks/class10/maths/trigonometry.ncert.ts:396,no-step-marks,"6 steps, no [N mark] prefixes",low,no
TRIG-N-NCERT-9-CB-002,bank,trigonometry,lazytopper/src/data/questionBanks/class10/maths/trigonometry.ncert.ts:410,no-step-marks,"6 steps, no [N mark] prefixes",low,no
TRIG-N-EXMPLR-8-SA-002,bank,trigonometry,lazytopper/src/data/questionBanks/class10/maths/trigonometry.exemplar.ts:171,no-step-marks,"3 steps, no [N mark] prefixes",low,no
TRIG-N-EXMPLR-8-SA-003,bank,trigonometry,lazytopper/src/data/questionBanks/class10/maths/trigonometry.exemplar.ts:202,no-step-marks,"5 steps, no [N mark] prefixes",low,no
TRIG-N-EXMPLR-8-SA-004,bank,trigonometry,lazytopper/src/data/questionBanks/class10/maths/trigonometry.exemplar.ts:215,no-step-marks,"4 steps, no [N mark] prefixes",low,no
TRIG-N-EXMPLR-8-SA-005,bank,trigonometry,lazytopper/src/data/questionBanks/class10/maths/trigonometry.exemplar.ts:227,no-step-marks,"3 steps, no [N mark] prefixes",low,no
TRIG-N-EXMPLR-8-SA-006,bank,trigonometry,lazytopper/src/data/questionBanks/class10/maths/trigonometry.exemplar.ts:238,no-step-marks,"3 steps, no [N mark] prefixes",low,no
TRIG-N-EXMPLR-8-SA-007,bank,trigonometry,lazytopper/src/data/questionBanks/class10/maths/trigonometry.exemplar.ts:249,no-step-marks,"3 steps, no [N mark] prefixes",low,no
TRIG-N-EXMPLR-8-LA-002,bank,trigonometry,lazytopper/src/data/questionBanks/class10/maths/trigonometry.exemplar.ts:273,no-step-marks,"6 steps, no [N mark] prefixes",low,no
TRIG-N-EXMPLR-9-SA-001,bank,trigonometry,lazytopper/src/data/questionBanks/class10/maths/trigonometry.exemplar.ts:316,no-step-marks,"3 steps, no [N mark] prefixes",low,no
TRIG-N-EXMPLR-9-SA-002,bank,trigonometry,lazytopper/src/data/questionBanks/class10/maths/trigonometry.exemplar.ts:327,no-step-marks,"5 steps, no [N mark] prefixes",low,no
TRIG-N-EXMPLR-9-SA-003,bank,trigonometry,lazytopper/src/data/questionBanks/class10/maths/trigonometry.exemplar.ts:340,no-step-marks,"4 steps, no [N mark] prefixes",low,no
TRIG-N-EXMPLR-9-SA-004,bank,trigonometry,lazytopper/src/data/questionBanks/class10/maths/trigonometry.exemplar.ts:353,no-step-marks,"2 steps, no [N mark] prefixes",low,no
TRIG-N-EXMPLR-9-SA-005,bank,trigonometry,lazytopper/src/data/questionBanks/class10/maths/trigonometry.exemplar.ts:363,no-step-marks,"4 steps, no [N mark] prefixes",low,no
TRIG-N-EXMPLR-9-SA-006,bank,trigonometry,lazytopper/src/data/questionBanks/class10/maths/trigonometry.exemplar.ts:375,no-step-marks,"4 steps, no [N mark] prefixes",low,no
TRIG-N-EXMPLR-9-LA-001,bank,trigonometry,lazytopper/src/data/questionBanks/class10/maths/trigonometry.exemplar.ts:388,no-step-marks,"6 steps, no [N mark] prefixes",low,no
TRIG-N-EXMPLR-9-LA-003,bank,trigonometry,lazytopper/src/data/questionBanks/class10/maths/trigonometry.exemplar.ts:415,no-step-marks,"5 steps, no [N mark] prefixes",low,no
TRIG-N-EXMPLR-9-LA-005,bank,trigonometry,lazytopper/src/data/questionBanks/class10/maths/trigonometry.exemplar.ts:441,no-step-marks,"7 steps, no [N mark] prefixes",low,no
TRIG-N-EXMPLR-9-CB-001,bank,trigonometry,lazytopper/src/data/questionBanks/class10/maths/trigonometry.exemplar.ts:456,no-step-marks,"6 steps, no [N mark] prefixes",low,no
TRIG-N-EXMPLR-9-CB-002,bank,trigonometry,lazytopper/src/data/questionBanks/class10/maths/trigonometry.exemplar.ts:470,no-step-marks,"5 steps, no [N mark] prefixes",low,no
SAV-N-NCERT-12-VSA-001,bank,surface-areas-and-volumes,lazytopper/src/data/questionBanks/class10/maths/surfaceAreasAndVolumes.ncert.ts:84,no-step-marks,"3 steps, no [N mark] prefixes",low,no
SAV-N-NCERT-12-SA-001,bank,surface-areas-and-volumes,lazytopper/src/data/questionBanks/class10/maths/surfaceAreasAndVolumes.ncert.ts:97,no-step-marks,"3 steps, no [N mark] prefixes",low,no
SAV-N-NCERT-12-SA-004,bank,surface-areas-and-volumes,lazytopper/src/data/questionBanks/class10/maths/surfaceAreasAndVolumes.ncert.ts:111,no-step-marks,"4 steps, no [N mark] prefixes",low,no
SAV-N-NCERT-12-SA-005,bank,surface-areas-and-volumes,lazytopper/src/data/questionBanks/class10/maths/surfaceAreasAndVolumes.ncert.ts:125,no-step-marks,"3 steps, no [N mark] prefixes",low,no
SAV-N-NCERT-12-SA-006,bank,surface-areas-and-volumes,lazytopper/src/data/questionBanks/class10/maths/surfaceAreasAndVolumes.ncert.ts:138,no-step-marks,"4 steps, no [N mark] prefixes",low,no
SAV-N-NCERT-12-SA-007,bank,surface-areas-and-volumes,lazytopper/src/data/questionBanks/class10/maths/surfaceAreasAndVolumes.ncert.ts:152,no-step-marks,"4 steps, no [N mark] prefixes",low,no
SAV-N-NCERT-12-LA-001,bank,surface-areas-and-volumes,lazytopper/src/data/questionBanks/class10/maths/surfaceAreasAndVolumes.ncert.ts:167,no-step-marks,"5 steps, no [N mark] prefixes",low,no
SAV-N-NCERT-12-LA-004,bank,surface-areas-and-volumes,lazytopper/src/data/questionBanks/class10/maths/surfaceAreasAndVolumes.ncert.ts:182,no-step-marks,"5 steps, no [N mark] prefixes",low,no
SAV-N-NCERT-12-CB-001,bank,surface-areas-and-volumes,lazytopper/src/data/questionBanks/class10/maths/surfaceAreasAndVolumes.ncert.ts:198,no-step-marks,"4 steps, no [N mark] prefixes",low,no
SAV-N-EXMPLR-12-VSA-001,bank,surface-areas-and-volumes,lazytopper/src/data/questionBanks/class10/maths/surfaceAreasAndVolumes.exemplar.ts:149,no-step-marks,"3 steps, no [N mark] prefixes",low,no
SAV-N-EXMPLR-12-VSA-002,bank,surface-areas-and-volumes,lazytopper/src/data/questionBanks/class10/maths/surfaceAreasAndVolumes.exemplar.ts:161,no-step-marks,"4 steps, no [N mark] prefixes",low,no
SAV-N-EXMPLR-12-SA-003,bank,surface-areas-and-volumes,lazytopper/src/data/questionBanks/class10/maths/surfaceAreasAndVolumes.exemplar.ts:175,no-step-marks,"3 steps, no [N mark] prefixes",low,no
SAV-N-EXMPLR-12-SA-004,bank,surface-areas-and-volumes,lazytopper/src/data/questionBanks/class10/maths/surfaceAreasAndVolumes.exemplar.ts:187,no-step-marks,"3 steps, no [N mark] prefixes",low,no
SAV-N-EXMPLR-12-SA-005,bank,surface-areas-and-volumes,lazytopper/src/data/questionBanks/class10/maths/surfaceAreasAndVolumes.exemplar.ts:199,no-step-marks,"3 steps, no [N mark] prefixes",low,no
SAV-N-EXMPLR-12-SA-006,bank,surface-areas-and-volumes,lazytopper/src/data/questionBanks/class10/maths/surfaceAreasAndVolumes.exemplar.ts:212,no-step-marks,"4 steps, no [N mark] prefixes",low,no
SAV-N-EXMPLR-12-LA-008,bank,surface-areas-and-volumes,lazytopper/src/data/questionBanks/class10/maths/surfaceAreasAndVolumes.exemplar.ts:257,no-step-marks,"5 steps, no [N mark] prefixes",low,no
POLY-N-NCERT-2-VSA-001,bank,polynomials,lazytopper/src/data/questionBanks/class10/maths/polynomials.ncert.ts:82,no-step-marks,"3 steps, no [N mark] prefixes",low,no
POLY-N-NCERT-2-VSA-002,bank,polynomials,lazytopper/src/data/questionBanks/class10/maths/polynomials.ncert.ts:88,no-step-marks,"2 steps, no [N mark] prefixes",low,no
POLY-N-NCERT-2-VSA-003,bank,polynomials,lazytopper/src/data/questionBanks/class10/maths/polynomials.ncert.ts:94,no-step-marks,"2 steps, no [N mark] prefixes",low,no
POLY-N-NCERT-2-SA-001,bank,polynomials,lazytopper/src/data/questionBanks/class10/maths/polynomials.ncert.ts:101,no-step-marks,"4 steps, no [N mark] prefixes",low,no
POLY-N-NCERT-2-SA-002,bank,polynomials,lazytopper/src/data/questionBanks/class10/maths/polynomials.ncert.ts:107,no-step-marks,"4 steps, no [N mark] prefixes",low,no
POLY-N-NCERT-2-SA-003,bank,polynomials,lazytopper/src/data/questionBanks/class10/maths/polynomials.ncert.ts:113,no-step-marks,"3 steps, no [N mark] prefixes",low,no
POLY-N-NCERT-2-SA-004,bank,polynomials,lazytopper/src/data/questionBanks/class10/maths/polynomials.ncert.ts:120,no-step-marks,"2 steps, no [N mark] prefixes",low,no
POLY-N-NCERT-2-SA-005,bank,polynomials,lazytopper/src/data/questionBanks/class10/maths/polynomials.ncert.ts:126,no-step-marks,"4 steps, no [N mark] prefixes",low,no
POLY-N-NCERT-2-LA-002,bank,polynomials,lazytopper/src/data/questionBanks/class10/maths/polynomials.ncert.ts:139,no-step-marks,"3 steps, no [N mark] prefixes",low,no
POLY-N-NCERT-2-CB-001,bank,polynomials,lazytopper/src/data/questionBanks/class10/maths/polynomials.ncert.ts:147,no-step-marks,"4 steps, no [N mark] prefixes",low,no
POLY-N-NCERT-2-CRE-001,bank,polynomials,lazytopper/src/data/questionBanks/class10/maths/polynomials.ncert.ts:154,no-step-marks,"5 steps, no [N mark] prefixes",low,no
POLY-N-EXEM-2-VSA-001,bank,polynomials,lazytopper/src/data/questionBanks/class10/maths/polynomials.exemplar.ts:98,no-step-marks,"3 steps, no [N mark] prefixes",low,no
POLY-N-EXEM-2-VSA-002,bank,polynomials,lazytopper/src/data/questionBanks/class10/maths/polynomials.exemplar.ts:104,no-step-marks,"3 steps, no [N mark] prefixes",low,no
POLY-N-EXEM-2-SA-001,bank,polynomials,lazytopper/src/data/questionBanks/class10/maths/polynomials.exemplar.ts:117,no-step-marks,"4 steps, no [N mark] prefixes",low,no
POLY-N-EXEM-2-SA-002,bank,polynomials,lazytopper/src/data/questionBanks/class10/maths/polynomials.exemplar.ts:123,no-step-marks,"4 steps, no [N mark] prefixes",low,no
POLY-N-EXEM-2-SA-003,bank,polynomials,lazytopper/src/data/questionBanks/class10/maths/polynomials.exemplar.ts:129,no-step-marks,"4 steps, no [N mark] prefixes",low,no
POLY-N-EXEM-2-SA-004,bank,polynomials,lazytopper/src/data/questionBanks/class10/maths/polynomials.exemplar.ts:135,no-step-marks,"3 steps, no [N mark] prefixes",low,no
POLY-N-EXEM-2-CB-001,bank,polynomials,lazytopper/src/data/questionBanks/class10/maths/polynomials.exemplar.ts:162,no-step-marks,"4 steps, no [N mark] prefixes",low,no
AP-N-NCERT-5-VSA-001,bank,arithmetic-progression,lazytopper/src/data/questionBanks/class10/maths/arithmeticProgression.ncert.ts:82,no-step-marks,"3 steps, no [N mark] prefixes",low,no
AP-N-NCERT-5-VSA-002,bank,arithmetic-progression,lazytopper/src/data/questionBanks/class10/maths/arithmeticProgression.ncert.ts:88,no-step-marks,"3 steps, no [N mark] prefixes",low,no
AP-N-NCERT-5-VSA-003,bank,arithmetic-progression,lazytopper/src/data/questionBanks/class10/maths/arithmeticProgression.ncert.ts:94,no-step-marks,"3 steps, no [N mark] prefixes",low,no
AP-N-NCERT-5-VSA-004,bank,arithmetic-progression,lazytopper/src/data/questionBanks/class10/maths/arithmeticProgression.ncert.ts:101,no-step-marks,"3 steps, no [N mark] prefixes",low,no
AP-N-NCERT-5-SA-001,bank,arithmetic-progression,lazytopper/src/data/questionBanks/class10/maths/arithmeticProgression.ncert.ts:108,no-step-marks,"4 steps, no [N mark] prefixes",low,no
AP-N-NCERT-5-SA-002,bank,arithmetic-progression,lazytopper/src/data/questionBanks/class10/maths/arithmeticProgression.ncert.ts:114,no-step-marks,"4 steps, no [N mark] prefixes",low,no
AP-N-NCERT-5-SA-003,bank,arithmetic-progression,lazytopper/src/data/questionBanks/class10/maths/arithmeticProgression.ncert.ts:120,no-step-marks,"3 steps, no [N mark] prefixes",low,no
AP-N-NCERT-5-SA-004,bank,arithmetic-progression,lazytopper/src/data/questionBanks/class10/maths/arithmeticProgression.ncert.ts:126,no-step-marks,"4 steps, no [N mark] prefixes",low,no
AP-N-NCERT-5-SA-005,bank,arithmetic-progression,lazytopper/src/data/questionBanks/class10/maths/arithmeticProgression.ncert.ts:133,no-step-marks,"3 steps, no [N mark] prefixes",low,no
AP-N-NCERT-5-SA-006,bank,arithmetic-progression,lazytopper/src/data/questionBanks/class10/maths/arithmeticProgression.ncert.ts:139,no-step-marks,"3 steps, no [N mark] prefixes",low,no
AP-N-NCERT-5-LA-001,bank,arithmetic-progression,lazytopper/src/data/questionBanks/class10/maths/arithmeticProgression.ncert.ts:146,no-step-marks,"5 steps, no [N mark] prefixes",low,no
AP-N-NCERT-5-LA-002,bank,arithmetic-progression,lazytopper/src/data/questionBanks/class10/maths/arithmeticProgression.ncert.ts:153,no-step-marks,"5 steps, no [N mark] prefixes",low,no
AP-N-NCERT-5-LA-003,bank,arithmetic-progression,lazytopper/src/data/questionBanks/class10/maths/arithmeticProgression.ncert.ts:159,no-step-marks,"5 steps, no [N mark] prefixes",low,no
AP-N-NCERT-5-CB-001,bank,arithmetic-progression,lazytopper/src/data/questionBanks/class10/maths/arithmeticProgression.ncert.ts:166,no-step-marks,"4 steps, no [N mark] prefixes",low,no
AP-N-NCERT-5-CB-002,bank,arithmetic-progression,lazytopper/src/data/questionBanks/class10/maths/arithmeticProgression.ncert.ts:173,no-step-marks,"5 steps, no [N mark] prefixes",low,no
AP-N-NCERT-5-CRE-001,bank,arithmetic-progression,lazytopper/src/data/questionBanks/class10/maths/arithmeticProgression.ncert.ts:181,no-step-marks,"5 steps, no [N mark] prefixes",low,no
AP-N-EXEM-5-VSA-001,bank,arithmetic-progression,lazytopper/src/data/questionBanks/class10/maths/arithmeticProgression.exemplar.ts:106,no-step-marks,"3 steps, no [N mark] prefixes",low,no
AP-N-EXEM-5-VSA-002,bank,arithmetic-progression,lazytopper/src/data/questionBanks/class10/maths/arithmeticProgression.exemplar.ts:112,no-step-marks,"2 steps, no [N mark] prefixes",low,no
AP-N-EXEM-5-VSA-003,bank,arithmetic-progression,lazytopper/src/data/questionBanks/class10/maths/arithmeticProgression.exemplar.ts:118,no-step-marks,"3 steps, no [N mark] prefixes",low,no
AP-N-EXEM-5-SA-001,bank,arithmetic-progression,lazytopper/src/data/questionBanks/class10/maths/arithmeticProgression.exemplar.ts:126,no-step-marks,"3 steps, no [N mark] prefixes",low,no
AP-N-EXEM-5-SA-002,bank,arithmetic-progression,lazytopper/src/data/questionBanks/class10/maths/arithmeticProgression.exemplar.ts:132,no-step-marks,"3 steps, no [N mark] prefixes",low,no
AP-N-EXEM-5-SA-003,bank,arithmetic-progression,lazytopper/src/data/questionBanks/class10/maths/arithmeticProgression.exemplar.ts:138,no-step-marks,"3 steps, no [N mark] prefixes",low,no
AP-N-EXEM-5-SA-004,bank,arithmetic-progression,lazytopper/src/data/questionBanks/class10/maths/arithmeticProgression.exemplar.ts:145,no-step-marks,"3 steps, no [N mark] prefixes",low,no
AP-N-EXEM-5-SA-005,bank,arithmetic-progression,lazytopper/src/data/questionBanks/class10/maths/arithmeticProgression.exemplar.ts:151,no-step-marks,"3 steps, no [N mark] prefixes",low,no
AP-N-EXEM-5-SA-006,bank,arithmetic-progression,lazytopper/src/data/questionBanks/class10/maths/arithmeticProgression.exemplar.ts:158,no-step-marks,"4 steps, no [N mark] prefixes",low,no
AP-N-EXEM-5-LA-001,bank,arithmetic-progression,lazytopper/src/data/questionBanks/class10/maths/arithmeticProgression.exemplar.ts:165,no-step-marks,"5 steps, no [N mark] prefixes",low,no
AP-N-EXEM-5-CB-001,bank,arithmetic-progression,lazytopper/src/data/questionBanks/class10/maths/arithmeticProgression.exemplar.ts:179,no-step-marks,"4 steps, no [N mark] prefixes",low,no
AP-N-EXEM-5-CRE-001,bank,arithmetic-progression,lazytopper/src/data/questionBanks/class10/maths/arithmeticProgression.exemplar.ts:186,no-step-marks,"4 steps, no [N mark] prefixes",low,no
CIRC-N-NCERT-10-VSA-001,bank,circles,lazytopper/src/data/questionBanks/class10/maths/circles.ncert.ts:81,no-step-marks,"4 steps, no [N mark] prefixes",low,no
CIRC-N-NCERT-10-VSA-002,bank,circles,lazytopper/src/data/questionBanks/class10/maths/circles.ncert.ts:87,no-step-marks,"3 steps, no [N mark] prefixes",low,no
CIRC-N-NCERT-10-SA-003,bank,circles,lazytopper/src/data/questionBanks/class10/maths/circles.ncert.ts:107,no-step-marks,"4 steps, no [N mark] prefixes",low,no
CIRC-N-NCERT-10-SA-004,bank,circles,lazytopper/src/data/questionBanks/class10/maths/circles.ncert.ts:113,no-step-marks,"4 steps, no [N mark] prefixes",low,no
CIRC-N-NCERT-10-SA-005,bank,circles,lazytopper/src/data/questionBanks/class10/maths/circles.ncert.ts:120,no-step-marks,"5 steps, no [N mark] prefixes",low,no
CIRC-N-NCERT-10-LA-001,bank,circles,lazytopper/src/data/questionBanks/class10/maths/circles.ncert.ts:127,no-step-marks,"9 steps, no [N mark] prefixes",low,no
CIRC-N-NCERT-10-LA-002,bank,circles,lazytopper/src/data/questionBanks/class10/maths/circles.ncert.ts:134,no-step-marks,"5 steps, no [N mark] prefixes",low,no
CIRC-N-NCERT-10-CB-001,bank,circles,lazytopper/src/data/questionBanks/class10/maths/circles.ncert.ts:141,no-step-marks,"4 steps, no [N mark] prefixes",low,no
CIRC-N-NCERT-10-CRE-001,bank,circles,lazytopper/src/data/questionBanks/class10/maths/circles.ncert.ts:149,no-step-marks,"4 steps, no [N mark] prefixes",low,no
CIRC-N-EXEM-10-VSA-001,bank,circles,lazytopper/src/data/questionBanks/class10/maths/circles.exemplar.ts:89,no-step-marks,"3 steps, no [N mark] prefixes",low,no
CIRC-N-EXEM-10-VSA-002,bank,circles,lazytopper/src/data/questionBanks/class10/maths/circles.exemplar.ts:95,no-step-marks,"2 steps, no [N mark] prefixes",low,no
CIRC-N-EXEM-10-VSA-003,bank,circles,lazytopper/src/data/questionBanks/class10/maths/circles.exemplar.ts:101,no-step-marks,"3 steps, no [N mark] prefixes",low,no
CIRC-N-EXEM-10-SA-001,bank,circles,lazytopper/src/data/questionBanks/class10/maths/circles.exemplar.ts:108,no-step-marks,"3 steps, no [N mark] prefixes",low,no
CIRC-N-EXEM-10-SA-002,bank,circles,lazytopper/src/data/questionBanks/class10/maths/circles.exemplar.ts:114,no-step-marks,"4 steps, no [N mark] prefixes",low,no
CIRC-N-EXEM-10-SA-003,bank,circles,lazytopper/src/data/questionBanks/class10/maths/circles.exemplar.ts:120,no-step-marks,"3 steps, no [N mark] prefixes",low,no
CIRC-N-EXEM-10-SA-004,bank,circles,lazytopper/src/data/questionBanks/class10/maths/circles.exemplar.ts:127,no-step-marks,"4 steps, no [N mark] prefixes",low,no
CIRC-N-EXEM-10-SA-005,bank,circles,lazytopper/src/data/questionBanks/class10/maths/circles.exemplar.ts:133,no-step-marks,"4 steps, no [N mark] prefixes",low,no
CIRC-N-EXEM-10-LA-002,bank,circles,lazytopper/src/data/questionBanks/class10/maths/circles.exemplar.ts:147,no-step-marks,"6 steps, no [N mark] prefixes",low,no
CIRC-N-EXEM-10-CB-001,bank,circles,lazytopper/src/data/questionBanks/class10/maths/circles.exemplar.ts:154,no-step-marks,"4 steps, no [N mark] prefixes",low,no
CIRC-N-EXEM-10-CRE-001,bank,circles,lazytopper/src/data/questionBanks/class10/maths/circles.exemplar.ts:161,no-step-marks,"4 steps, no [N mark] prefixes",low,no
ARC-N-NCERT-11-VSA-001,bank,areas-related-to-circles,lazytopper/src/data/questionBanks/class10/maths/areasRelatedToCircles.ncert.ts:81,no-step-marks,"2 steps, no [N mark] prefixes",low,no
ARC-N-NCERT-11-VSA-002,bank,areas-related-to-circles,lazytopper/src/data/questionBanks/class10/maths/areasRelatedToCircles.ncert.ts:87,no-step-marks,"2 steps, no [N mark] prefixes",low,no
ARC-N-NCERT-11-SA-001,bank,areas-related-to-circles,lazytopper/src/data/questionBanks/class10/maths/areasRelatedToCircles.ncert.ts:94,no-step-marks,"2 steps, no [N mark] prefixes",low,no
ARC-N-NCERT-11-SA-002,bank,areas-related-to-circles,lazytopper/src/data/questionBanks/class10/maths/areasRelatedToCircles.ncert.ts:101,no-step-marks,"3 steps, no [N mark] prefixes",low,no
ARC-N-NCERT-11-SA-003,bank,areas-related-to-circles,lazytopper/src/data/questionBanks/class10/maths/areasRelatedToCircles.ncert.ts:107,no-step-marks,"3 steps, no [N mark] prefixes",low,no
ARC-N-NCERT-11-SA-004,bank,areas-related-to-circles,lazytopper/src/data/questionBanks/class10/maths/areasRelatedToCircles.ncert.ts:113,no-step-marks,"3 steps, no [N mark] prefixes",low,no
ARC-N-NCERT-11-SA-005,bank,areas-related-to-circles,lazytopper/src/data/questionBanks/class10/maths/areasRelatedToCircles.ncert.ts:119,no-step-marks,"4 steps, no [N mark] prefixes",low,no
ARC-N-NCERT-11-CB-001,bank,areas-related-to-circles,lazytopper/src/data/questionBanks/class10/maths/areasRelatedToCircles.ncert.ts:141,no-step-marks,"4 steps, no [N mark] prefixes",low,no
ARC-N-EXEM-11-VSA-001,bank,areas-related-to-circles,lazytopper/src/data/questionBanks/class10/maths/areasRelatedToCircles.exemplar.ts:90,no-step-marks,"3 steps, no [N mark] prefixes",low,no
ARC-N-EXEM-11-VSA-002,bank,areas-related-to-circles,lazytopper/src/data/questionBanks/class10/maths/areasRelatedToCircles.exemplar.ts:96,no-step-marks,"3 steps, no [N mark] prefixes",low,no
ARC-N-EXEM-11-VSA-003,bank,areas-related-to-circles,lazytopper/src/data/questionBanks/class10/maths/areasRelatedToCircles.exemplar.ts:102,no-step-marks,"3 steps, no [N mark] prefixes",low,no
ARC-N-EXEM-11-SA-001,bank,areas-related-to-circles,lazytopper/src/data/questionBanks/class10/maths/areasRelatedToCircles.exemplar.ts:109,no-step-marks,"2 steps, no [N mark] prefixes",low,no
ARC-N-EXEM-11-SA-002,bank,areas-related-to-circles,lazytopper/src/data/questionBanks/class10/maths/areasRelatedToCircles.exemplar.ts:115,no-step-marks,"2 steps, no [N mark] prefixes",low,no
ARC-N-EXEM-11-SA-003,bank,areas-related-to-circles,lazytopper/src/data/questionBanks/class10/maths/areasRelatedToCircles.exemplar.ts:121,no-step-marks,"3 steps, no [N mark] prefixes",low,no
ARC-N-EXEM-11-SA-004,bank,areas-related-to-circles,lazytopper/src/data/questionBanks/class10/maths/areasRelatedToCircles.exemplar.ts:128,no-step-marks,"2 steps, no [N mark] prefixes",low,no
ARC-N-EXEM-11-SA-005,bank,areas-related-to-circles,lazytopper/src/data/questionBanks/class10/maths/areasRelatedToCircles.exemplar.ts:134,no-step-marks,"3 steps, no [N mark] prefixes",low,no
ARC-N-EXEM-11-SA-006,bank,areas-related-to-circles,lazytopper/src/data/questionBanks/class10/maths/areasRelatedToCircles.exemplar.ts:140,no-step-marks,"3 steps, no [N mark] prefixes",low,no
ARC-N-EXEM-11-CB-001,bank,areas-related-to-circles,lazytopper/src/data/questionBanks/class10/maths/areasRelatedToCircles.exemplar.ts:161,no-step-marks,"4 steps, no [N mark] prefixes",low,no
ARC-N-EXEM-11-CRE-001,bank,areas-related-to-circles,lazytopper/src/data/questionBanks/class10/maths/areasRelatedToCircles.exemplar.ts:168,no-step-marks,"4 steps, no [N mark] prefixes",low,no
STAT-N-NCERT-13-VSA-002,bank,statistics,lazytopper/src/data/questionBanks/class10/maths/statistics.ncert.ts:78,no-step-marks,"2 steps, no [N mark] prefixes",low,no
STAT-N-NCERT-13-SA-001,bank,statistics,lazytopper/src/data/questionBanks/class10/maths/statistics.ncert.ts:85,no-step-marks,"3 steps, no [N mark] prefixes",low,no
STAT-N-NCERT-13-SA-002,bank,statistics,lazytopper/src/data/questionBanks/class10/maths/statistics.ncert.ts:92,no-step-marks,"3 steps, no [N mark] prefixes",low,no
STAT-N-NCERT-13-SA-003,bank,statistics,lazytopper/src/data/questionBanks/class10/maths/statistics.ncert.ts:98,no-step-marks,"3 steps, no [N mark] prefixes",low,no
STAT-N-NCERT-13-SA-004,bank,statistics,lazytopper/src/data/questionBanks/class10/maths/statistics.ncert.ts:104,no-step-marks,"3 steps, no [N mark] prefixes",low,no
STAT-N-NCERT-13-SA-005,bank,statistics,lazytopper/src/data/questionBanks/class10/maths/statistics.ncert.ts:110,no-step-marks,"3 steps, no [N mark] prefixes",low,no
STAT-N-NCERT-13-SA-006,bank,statistics,lazytopper/src/data/questionBanks/class10/maths/statistics.ncert.ts:117,no-step-marks,"4 steps, no [N mark] prefixes",low,no
STAT-N-NCERT-13-CB-001,bank,statistics,lazytopper/src/data/questionBanks/class10/maths/statistics.ncert.ts:138,no-step-marks,"4 steps, no [N mark] prefixes",low,no
STAT-N-NCERT-13-CRE-001,bank,statistics,lazytopper/src/data/questionBanks/class10/maths/statistics.ncert.ts:145,no-step-marks,"4 steps, no [N mark] prefixes",low,no
STAT-N-EXEM-13-VSA-001,bank,statistics,lazytopper/src/data/questionBanks/class10/maths/statistics.exemplar.ts:93,no-step-marks,"2 steps, no [N mark] prefixes",low,no
STAT-N-EXEM-13-VSA-002,bank,statistics,lazytopper/src/data/questionBanks/class10/maths/statistics.exemplar.ts:99,no-step-marks,"2 steps, no [N mark] prefixes",low,no
STAT-N-EXEM-13-SA-001,bank,statistics,lazytopper/src/data/questionBanks/class10/maths/statistics.exemplar.ts:106,no-step-marks,"3 steps, no [N mark] prefixes",low,no
STAT-N-EXEM-13-SA-002,bank,statistics,lazytopper/src/data/questionBanks/class10/maths/statistics.exemplar.ts:112,no-step-marks,"3 steps, no [N mark] prefixes",low,no
STAT-N-EXEM-13-SA-003,bank,statistics,lazytopper/src/data/questionBanks/class10/maths/statistics.exemplar.ts:119,no-step-marks,"4 steps, no [N mark] prefixes",low,no
STAT-N-EXEM-13-SA-004,bank,statistics,lazytopper/src/data/questionBanks/class10/maths/statistics.exemplar.ts:125,no-step-marks,"2 steps, no [N mark] prefixes",low,no
STAT-N-EXEM-13-SA-005,bank,statistics,lazytopper/src/data/questionBanks/class10/maths/statistics.exemplar.ts:131,no-step-marks,"2 steps, no [N mark] prefixes",low,no
STAT-N-EXEM-13-SA-006,bank,statistics,lazytopper/src/data/questionBanks/class10/maths/statistics.exemplar.ts:137,no-step-marks,"2 steps, no [N mark] prefixes",low,no
STAT-N-EXEM-13-CB-001,bank,statistics,lazytopper/src/data/questionBanks/class10/maths/statistics.exemplar.ts:158,no-step-marks,"4 steps, no [N mark] prefixes",low,no
STAT-N-EXEM-13-CRE-001,bank,statistics,lazytopper/src/data/questionBanks/class10/maths/statistics.exemplar.ts:165,no-step-marks,"5 steps, no [N mark] prefixes",low,no
PROB-N-NCERT-14-VSA-001,bank,probability,lazytopper/src/data/questionBanks/class10/maths/probability.ncert.ts:90,no-step-marks,"2 steps, no [N mark] prefixes",low,no
PROB-N-NCERT-14-VSA-002,bank,probability,lazytopper/src/data/questionBanks/class10/maths/probability.ncert.ts:96,no-step-marks,"3 steps, no [N mark] prefixes",low,no
PROB-N-NCERT-14-VSA-003,bank,probability,lazytopper/src/data/questionBanks/class10/maths/probability.ncert.ts:102,no-step-marks,"3 steps, no [N mark] prefixes",low,no
PROB-N-NCERT-14-SA-001,bank,probability,lazytopper/src/data/questionBanks/class10/maths/probability.ncert.ts:109,no-step-marks,"4 steps, no [N mark] prefixes",low,no
PROB-N-NCERT-14-SA-002,bank,probability,lazytopper/src/data/questionBanks/class10/maths/probability.ncert.ts:115,no-step-marks,"3 steps, no [N mark] prefixes",low,no
PROB-N-NCERT-14-SA-003,bank,probability,lazytopper/src/data/questionBanks/class10/maths/probability.ncert.ts:121,no-step-marks,"3 steps, no [N mark] prefixes",low,no
PROB-N-NCERT-14-SA-004,bank,probability,lazytopper/src/data/questionBanks/class10/maths/probability.ncert.ts:127,no-step-marks,"4 steps, no [N mark] prefixes",low,no
PROB-N-NCERT-14-SA-005,bank,probability,lazytopper/src/data/questionBanks/class10/maths/probability.ncert.ts:133,no-step-marks,"3 steps, no [N mark] prefixes",low,no
PROB-N-NCERT-14-LA-001,bank,probability,lazytopper/src/data/questionBanks/class10/maths/probability.ncert.ts:140,no-step-marks,"6 steps, no [N mark] prefixes",low,no
PROB-N-NCERT-14-LA-002,bank,probability,lazytopper/src/data/questionBanks/class10/maths/probability.ncert.ts:147,no-step-marks,"5 steps, no [N mark] prefixes",low,no
PROB-N-NCERT-14-CB-001,bank,probability,lazytopper/src/data/questionBanks/class10/maths/probability.ncert.ts:154,no-step-marks,"4 steps, no [N mark] prefixes",low,no
PROB-N-NCERT-14-CRE-001,bank,probability,lazytopper/src/data/questionBanks/class10/maths/probability.ncert.ts:161,no-step-marks,"4 steps, no [N mark] prefixes",low,no
PROB-N-EXEM-14-VSA-001,bank,probability,lazytopper/src/data/questionBanks/class10/maths/probability.exemplar.ts:107,no-step-marks,"3 steps, no [N mark] prefixes",low,no
PROB-N-EXEM-14-VSA-002,bank,probability,lazytopper/src/data/questionBanks/class10/maths/probability.exemplar.ts:113,no-step-marks,"3 steps, no [N mark] prefixes",low,no
PROB-N-EXEM-14-SA-001,bank,probability,lazytopper/src/data/questionBanks/class10/maths/probability.exemplar.ts:120,no-step-marks,"3 steps, no [N mark] prefixes",low,no
PROB-N-EXEM-14-SA-002,bank,probability,lazytopper/src/data/questionBanks/class10/maths/probability.exemplar.ts:126,no-step-marks,"4 steps, no [N mark] prefixes",low,no
PROB-N-EXEM-14-SA-003,bank,probability,lazytopper/src/data/questionBanks/class10/maths/probability.exemplar.ts:133,no-step-marks,"4 steps, no [N mark] prefixes",low,no
PROB-N-EXEM-14-SA-004,bank,probability,lazytopper/src/data/questionBanks/class10/maths/probability.exemplar.ts:139,no-step-marks,"3 steps, no [N mark] prefixes",low,no
PROB-N-EXEM-14-SA-005,bank,probability,lazytopper/src/data/questionBanks/class10/maths/probability.exemplar.ts:145,no-step-marks,"3 steps, no [N mark] prefixes",low,no
PROB-N-EXEM-14-CB-001,bank,probability,lazytopper/src/data/questionBanks/class10/maths/probability.exemplar.ts:166,no-step-marks,"4 steps, no [N mark] prefixes",low,no
PROB-N-EXEM-14-CRE-001,bank,probability,lazytopper/src/data/questionBanks/class10/maths/probability.exemplar.ts:174,no-step-marks,"4 steps, no [N mark] prefixes",low,no
Z3-AP-005,bank,arithmetic-progression,lazytopper/src/data/questionBanks/class10/maths/competency.z3.ts:292,figure-unbound,stem: figure,high,no
Z3-CG-004,bank,coordinate-geometry,lazytopper/src/data/questionBanks/class10/maths/competency.z3.ts:484,figure-unbound,requiresDiagram=true; ,medium,no
TRI-PRF-D-001,bank,triangles,lazytopper/src/data/questionBanks/class10/maths/triangles.proof.ts:27,no-step-marks,"17 steps, no [N mark] prefixes",low,no
TRI-PRF-D-005,bank,triangles,lazytopper/src/data/questionBanks/class10/maths/triangles.proof.ts:199,no-step-marks,"20 steps, no [N mark] prefixes",low,no
TRI-PRF-D-006,bank,triangles,lazytopper/src/data/questionBanks/class10/maths/triangles.proof.ts:243,no-step-marks,"14 steps, no [N mark] prefixes",low,no
TRI-PRF-C-001,bank,triangles,lazytopper/src/data/questionBanks/class10/maths/triangles.proof.ts:323,no-step-marks,"9 steps, no [N mark] prefixes",low,no
TRI-PRF-C-002,bank,triangles,lazytopper/src/data/questionBanks/class10/maths/triangles.proof.ts:355,no-step-marks,"12 steps, no [N mark] prefixes",low,no
BX-TRI-E-003,bank,triangles,lazytopper/src/data/questionBanks/class10/maths/triangles.expand.caseE.ts:29,figure-unbound,stem: figure,high,no
TRIG-PRF-D-001,bank,trigonometry,lazytopper/src/data/questionBanks/class10/maths/trigonometry.proof.ts:26,no-step-marks,"12 steps, no [N mark] prefixes",low,no
TRIG-PRF-D-002,bank,trigonometry,lazytopper/src/data/questionBanks/class10/maths/trigonometry.proof.ts:61,no-step-marks,"22 steps, no [N mark] prefixes",low,no
TRIG-PRF-D-003,bank,trigonometry,lazytopper/src/data/questionBanks/class10/maths/trigonometry.proof.ts:106,no-step-marks,"16 steps, no [N mark] prefixes",low,no
TRIG-PRF-D-004,bank,trigonometry,lazytopper/src/data/questionBanks/class10/maths/trigonometry.proof.ts:145,no-step-marks,"17 steps, no [N mark] prefixes",low,no
TRIG-PRF-D-006,bank,trigonometry,lazytopper/src/data/questionBanks/class10/maths/trigonometry.proof.ts:222,no-step-marks,"15 steps, no [N mark] prefixes",low,no
TRIG-PRF-C-001,bank,trigonometry,lazytopper/src/data/questionBanks/class10/maths/trigonometry.proof.ts:264,no-step-marks,"7 steps, no [N mark] prefixes",low,no
TRIG-PRF-C-002,bank,trigonometry,lazytopper/src/data/questionBanks/class10/maths/trigonometry.proof.ts:294,no-step-marks,"8 steps, no [N mark] prefixes",low,no
TRIG-PRF-C-003,bank,trigonometry,lazytopper/src/data/questionBanks/class10/maths/trigonometry.proof.ts:324,no-step-marks,"16 steps, no [N mark] prefixes",low,no
TRIG-PRF-C-004,bank,trigonometry,lazytopper/src/data/questionBanks/class10/maths/trigonometry.proof.ts:364,no-step-marks,"7 steps, no [N mark] prefixes",low,no
TRIG-PRF-C-006,bank,trigonometry,lazytopper/src/data/questionBanks/class10/maths/trigonometry.proof.ts:433,no-step-marks,"15 steps, no [N mark] prefixes",low,no
CASE-MATHS-AP-002,bank,arithmetic-progression,lazytopper/src/data/questionBanks/class10/maths/maths.caseBased.ts:129,no-step-marks,"24 steps, no [N mark] prefixes",low,no
CASE-MATHS-QE-001,bank,quadratic-equations,lazytopper/src/data/questionBanks/class10/maths/maths.caseBased.ts:174,no-step-marks,"25 steps, no [N mark] prefixes",low,no
CASE-SCI-EL-001,bank,electricity,lazytopper/src/data/questionBanks/class10/science/science.caseBased.ts:19,no-step-marks,"22 steps, no [N mark] prefixes",low,no
CASE-SCI-LP-001,bank,life-processes,lazytopper/src/data/questionBanks/class10/science/science.caseBased.ts:87,no-step-marks,"26 steps, no [N mark] prefixes",low,no
CASE-SCI-LP-002,bank,life-processes,lazytopper/src/data/questionBanks/class10/science/science.caseBased.ts:134,no-step-marks,"30 steps, no [N mark] prefixes",low,no
CASE-SCI-LIGHT-001,bank,light-reflection-and-refraction,lazytopper/src/data/questionBanks/class10/science/science.caseBased.ts:185,no-step-marks,"29 steps, no [N mark] prefixes",low,no
CIR-PRF-D-001,bank,circles,lazytopper/src/data/questionBanks/class10/maths/circles.proof.ts:27,no-step-marks,"15 steps, no [N mark] prefixes",low,no
CIR-PRF-D-002,bank,circles,lazytopper/src/data/questionBanks/class10/maths/circles.proof.ts:65,no-step-marks,"18 steps, no [N mark] prefixes",low,no
CIR-PRF-D-003,bank,circles,lazytopper/src/data/questionBanks/class10/maths/circles.proof.ts:106,no-step-marks,"13 steps, no [N mark] prefixes",low,no
CIR-PRF-D-004,bank,circles,lazytopper/src/data/questionBanks/class10/maths/circles.proof.ts:142,no-step-marks,"15 steps, no [N mark] prefixes",low,no
CIR-PRF-D-005,bank,circles,lazytopper/src/data/questionBanks/class10/maths/circles.proof.ts:180,no-step-marks,"20 steps, no [N mark] prefixes",low,no
CIR-PRF-C-001,bank,circles,lazytopper/src/data/questionBanks/class10/maths/circles.proof.ts:227,no-step-marks,"9 steps, no [N mark] prefixes",low,no
CIR-PRF-C-002,bank,circles,lazytopper/src/data/questionBanks/class10/maths/circles.proof.ts:259,no-step-marks,"10 steps, no [N mark] prefixes",low,no
CIR-PRF-C-003,bank,circles,lazytopper/src/data/questionBanks/class10/maths/circles.proof.ts:291,no-step-marks,"15 steps, no [N mark] prefixes",low,no
CIR-PRF-C-004,bank,circles,lazytopper/src/data/questionBanks/class10/maths/circles.proof.ts:328,no-step-marks,"10 steps, no [N mark] prefixes",low,no
CIR-PRF-C-005,bank,circles,lazytopper/src/data/questionBanks/class10/maths/circles.proof.ts:360,no-step-marks,"19 steps, no [N mark] prefixes",low,no
SQP-M-RN-002,bank,real-numbers,lazytopper/src/data/questionBanks/class10/maths/real-numbers.sqp.ts:36,no-step-marks,"3 steps, no [N mark] prefixes",low,no
SQP-M-RN-003,bank,real-numbers,lazytopper/src/data/questionBanks/class10/maths/real-numbers.sqp.ts:57,no-step-marks,"3 steps, no [N mark] prefixes",low,no
SQP-M-POLY-002,bank,polynomials,lazytopper/src/data/questionBanks/class10/maths/polynomials.sqp.ts:36,no-step-marks,"3 steps, no [N mark] prefixes",low,no
SQP-M-PLE-002,bank,pair-of-linear-equations,lazytopper/src/data/questionBanks/class10/maths/pair-of-linear-equations.sqp.ts:36,no-step-marks,"3 steps, no [N mark] prefixes",low,no
SQP-M-QE-002,bank,quadratic-equations,lazytopper/src/data/questionBanks/class10/maths/quadratic-equations.sqp.ts:36,no-step-marks,"6 steps, no [N mark] prefixes",low,no
SQP-M-AP-003,bank,arithmetic-progression,lazytopper/src/data/questionBanks/class10/maths/arithmetic-progression.sqp.ts:60,no-step-marks,"4 steps, no [N mark] prefixes",low,no
SQP-M-TRI-002,bank,triangles,lazytopper/src/data/questionBanks/class10/maths/triangles.sqp.ts:36,no-step-marks,"3 steps, no [N mark] prefixes",low,no
SQP-M-CG-003,bank,coordinate-geometry,lazytopper/src/data/questionBanks/class10/maths/coordinate-geometry.sqp.ts:62,no-step-marks,"4 steps, no [N mark] prefixes",low,no
SQP-M-TRIG-004,bank,trigonometry,lazytopper/src/data/questionBanks/class10/maths/trigonometry.sqp.ts:86,no-step-marks,"2 steps, no [N mark] prefixes",low,no
SQP-M-TRIG-005,bank,trigonometry,lazytopper/src/data/questionBanks/class10/maths/trigonometry.sqp.ts:106,no-step-marks,"3 steps, no [N mark] prefixes",low,no
SQP-M-TRIG-006,bank,trigonometry,lazytopper/src/data/questionBanks/class10/maths/trigonometry.sqp.ts:127,no-step-marks,"4 steps, no [N mark] prefixes",low,no
SQP-M-CI-003,bank,circles,lazytopper/src/data/questionBanks/class10/maths/circles.sqp.ts:60,no-step-marks,"3 steps, no [N mark] prefixes",low,no
SQP-M-CI-004,bank,circles,lazytopper/src/data/questionBanks/class10/maths/circles.sqp.ts:81,no-step-marks,"3 steps, no [N mark] prefixes",low,no
SQP-M-SAV-002,bank,surface-areas-and-volumes,lazytopper/src/data/questionBanks/class10/maths/surface-areas-and-volumes.sqp.ts:36,no-step-marks,"6 steps, no [N mark] prefixes",low,no
SQP-M-STAT-002,bank,statistics,lazytopper/src/data/questionBanks/class10/maths/statistics.sqp.ts:36,no-step-marks,"3 steps, no [N mark] prefixes",low,no
SQP-M-STAT-003,bank,statistics,lazytopper/src/data/questionBanks/class10/maths/statistics.sqp.ts:57,no-step-marks,"5 steps, no [N mark] prefixes",low,no
SQP-S-CC-001,bank,carbon-and-its-compounds,lazytopper/src/data/questionBanks/class10/science/carbon-and-its-compounds.sqp.ts:12,no-step-marks,"5 steps, no [N mark] prefixes",low,no
SQP-S-CNC-002,bank,control-and-coordination,lazytopper/src/data/questionBanks/class10/science/control-and-coordination.sqp.ts:36,no-step-marks,"3 steps, no [N mark] prefixes",low,no
SQP-S-REPR-002,bank,how-do-organisms-reproduce,lazytopper/src/data/questionBanks/class10/science/how-do-organisms-reproduce.sqp.ts:38,no-step-marks,"2 steps, no [N mark] prefixes",low,no
SQP-S-REPR-003,bank,how-do-organisms-reproduce,lazytopper/src/data/questionBanks/class10/science/how-do-organisms-reproduce.sqp.ts:58,no-step-marks,"5 steps, no [N mark] prefixes",low,no
SQP-S-HER-002,bank,heredity,lazytopper/src/data/questionBanks/class10/science/heredity.sqp.ts:39,no-step-marks,"3 steps, no [N mark] prefixes",low,no
SQP-S-HER-003,bank,heredity,lazytopper/src/data/questionBanks/class10/science/heredity.sqp.ts:60,no-step-marks,"4 steps, no [N mark] prefixes",low,no
APQ-M-RN-004,bank,real-numbers,lazytopper/src/data/questionBanks/class10/maths/real-numbers.additionalPQ.ts:42,no-step-marks,"2 steps, no [N mark] prefixes",low,no
APQ-M-RN-005,bank,real-numbers,lazytopper/src/data/questionBanks/class10/maths/real-numbers.additionalPQ.ts:50,no-step-marks,"3 steps, no [N mark] prefixes",low,no
APQ-M-RN-006,bank,real-numbers,lazytopper/src/data/questionBanks/class10/maths/real-numbers.additionalPQ.ts:58,no-step-marks,"4 steps, no [N mark] prefixes",low,no
APQ-M-RN-008,bank,real-numbers,lazytopper/src/data/questionBanks/class10/maths/real-numbers.additionalPQ.ts:82,no-step-marks,"3 steps, no [N mark] prefixes",low,no
APQ-M-RN-009,bank,real-numbers,lazytopper/src/data/questionBanks/class10/maths/real-numbers.additionalPQ.ts:90,no-step-marks,"3 steps, no [N mark] prefixes",low,no
APQ-M-POLY-003,bank,polynomials,lazytopper/src/data/questionBanks/class10/maths/polynomials.additionalPQ.ts:30,no-step-marks,"4 steps, no [N mark] prefixes",low,no
APQ-M-POLY-004,bank,polynomials,lazytopper/src/data/questionBanks/class10/maths/polynomials.additionalPQ.ts:38,no-step-marks,"3 steps, no [N mark] prefixes",low,no
APQ-M-POLY-006,bank,polynomials,lazytopper/src/data/questionBanks/class10/maths/polynomials.additionalPQ.ts:59,no-step-marks,"3 steps, no [N mark] prefixes",low,no
APQ-M-PLE-004,bank,pair-of-linear-equations,lazytopper/src/data/questionBanks/class10/maths/pair-of-linear-equations.additionalPQ.ts:39,no-step-marks,"2 steps, no [N mark] prefixes",low,no
APQ-M-PLE-005,bank,pair-of-linear-equations,lazytopper/src/data/questionBanks/class10/maths/pair-of-linear-equations.additionalPQ.ts:47,no-step-marks,"4 steps, no [N mark] prefixes",low,no
APQ-M-PLE-006,bank,pair-of-linear-equations,lazytopper/src/data/questionBanks/class10/maths/pair-of-linear-equations.additionalPQ.ts:55,no-step-marks,"4 steps, no [N mark] prefixes",low,no
APQ-M-PLE-007,bank,pair-of-linear-equations,lazytopper/src/data/questionBanks/class10/maths/pair-of-linear-equations.additionalPQ.ts:65,figure-unbound,stem: Shown below,high,no
APQ-M-PLE-008,bank,pair-of-linear-equations,lazytopper/src/data/questionBanks/class10/maths/pair-of-linear-equations.additionalPQ.ts:74,no-step-marks,"2 steps, no [N mark] prefixes",low,no
APQ-M-PLE-009,bank,pair-of-linear-equations,lazytopper/src/data/questionBanks/class10/maths/pair-of-linear-equations.additionalPQ.ts:82,no-step-marks,"3 steps, no [N mark] prefixes",low,no
APQ-M-PLE-010,bank,pair-of-linear-equations,lazytopper/src/data/questionBanks/class10/maths/pair-of-linear-equations.additionalPQ.ts:91,no-step-marks,"3 steps, no [N mark] prefixes",low,no
APQ-M-QE-003,bank,quadratic-equations,lazytopper/src/data/questionBanks/class10/maths/quadratic-equations.additionalPQ.ts:28,no-step-marks,"5 steps, no [N mark] prefixes",low,no
APQ-M-QE-004,bank,quadratic-equations,lazytopper/src/data/questionBanks/class10/maths/quadratic-equations.additionalPQ.ts:39,no-step-marks,"5 steps, no [N mark] prefixes",low,no
APQ-M-QE-006,bank,quadratic-equations,lazytopper/src/data/questionBanks/class10/maths/quadratic-equations.additionalPQ.ts:58,no-step-marks,"5 steps, no [N mark] prefixes",low,no
APQ-M-QE-007,bank,quadratic-equations,lazytopper/src/data/questionBanks/class10/maths/quadratic-equations.additionalPQ.ts:66,no-step-marks,"5 steps, no [N mark] prefixes",low,no
APQ-M-AP-003,bank,arithmetic-progression,lazytopper/src/data/questionBanks/class10/maths/arithmetic-progression.additionalPQ.ts:28,no-step-marks,"4 steps, no [N mark] prefixes",low,no
APQ-M-AP-004,bank,arithmetic-progression,lazytopper/src/data/questionBanks/class10/maths/arithmetic-progression.additionalPQ.ts:36,no-step-marks,"4 steps, no [N mark] prefixes",low,no
APQ-M-AP-005,bank,arithmetic-progression,lazytopper/src/data/questionBanks/class10/maths/arithmetic-progression.additionalPQ.ts:46,no-step-marks,"4 steps, no [N mark] prefixes",low,no
APQ-M-TRI-006,bank,triangles,lazytopper/src/data/questionBanks/class10/maths/triangles.additionalPQ.ts:63,no-step-marks,"2 steps, no [N mark] prefixes",low,no
APQ-M-TRI-011,bank,triangles,lazytopper/src/data/questionBanks/class10/maths/triangles.additionalPQ.ts:113,no-step-marks,"5 steps, no [N mark] prefixes",low,no
APQ-M-TRIG-006,bank,trigonometry,lazytopper/src/data/questionBanks/class10/maths/trigonometry.additionalPQ.ts:63,no-step-marks,"2 steps, no [N mark] prefixes",low,no
APQ-M-TRIG-007,bank,trigonometry,lazytopper/src/data/questionBanks/class10/maths/trigonometry.additionalPQ.ts:71,no-step-marks,"3 steps, no [N mark] prefixes",low,no
APQ-M-TRIG-008,bank,trigonometry,lazytopper/src/data/questionBanks/class10/maths/trigonometry.additionalPQ.ts:79,no-step-marks,"3 steps, no [N mark] prefixes",low,no
APQ-M-TRIG-014,bank,trigonometry,lazytopper/src/data/questionBanks/class10/maths/trigonometry.additionalPQ.ts:138,no-step-marks,"3 steps, no [N mark] prefixes",low,no
APQ-M-TRIG-015,bank,trigonometry,lazytopper/src/data/questionBanks/class10/maths/trigonometry.additionalPQ.ts:146,no-step-marks,"2 steps, no [N mark] prefixes",low,no
APQ-M-TRIG-016,bank,trigonometry,lazytopper/src/data/questionBanks/class10/maths/trigonometry.additionalPQ.ts:154,no-step-marks,"3 steps, no [N mark] prefixes",low,no
APQ-M-CIRC-005,bank,circles,lazytopper/src/data/questionBanks/class10/maths/circles.additionalPQ.ts:53,no-step-marks,"2 steps, no [N mark] prefixes",low,no
APQ-M-CIRC-006,bank,circles,lazytopper/src/data/questionBanks/class10/maths/circles.additionalPQ.ts:62,no-step-marks,"3 steps, no [N mark] prefixes",low,no
APQ-M-CIRC-007,bank,circles,lazytopper/src/data/questionBanks/class10/maths/circles.additionalPQ.ts:70,no-step-marks,"5 steps, no [N mark] prefixes",low,no
APQ-M-CIRC-011,bank,circles,lazytopper/src/data/questionBanks/class10/maths/circles.additionalPQ.ts:116,no-step-marks,"4 steps, no [N mark] prefixes",low,no
APQ-M-CIRC-012,bank,circles,lazytopper/src/data/questionBanks/class10/maths/circles.additionalPQ.ts:125,no-step-marks,"4 steps, no [N mark] prefixes",low,no
APQ-M-CIRC-012,bank,circles,lazytopper/src/data/questionBanks/class10/maths/circles.additionalPQ.ts:125,figure-unbound,stem: figure,high,no
APQ-M-ARC-005,bank,areas-related-to-circles,lazytopper/src/data/questionBanks/class10/maths/areas-related-to-circles.additionalPQ.ts:49,no-step-marks,"4 steps, no [N mark] prefixes",low,no
APQ-M-ARC-009,bank,areas-related-to-circles,lazytopper/src/data/questionBanks/class10/maths/areas-related-to-circles.additionalPQ.ts:90,no-step-marks,"2 steps, no [N mark] prefixes",low,no
APQ-M-SAV-005,bank,surface-areas-and-volumes,lazytopper/src/data/questionBanks/class10/maths/surface-areas-and-volumes.additionalPQ.ts:48,no-step-marks,"2 steps, no [N mark] prefixes",low,no
APQ-M-SAV-007,bank,surface-areas-and-volumes,lazytopper/src/data/questionBanks/class10/maths/surface-areas-and-volumes.additionalPQ.ts:69,figure-unbound,stem: Shown below,high,no
APQ-M-SAV-008,bank,surface-areas-and-volumes,lazytopper/src/data/questionBanks/class10/maths/surface-areas-and-volumes.additionalPQ.ts:78,no-step-marks,"5 steps, no [N mark] prefixes",low,no
APQ-M-STAT-005,bank,statistics,lazytopper/src/data/questionBanks/class10/maths/statistics.additionalPQ.ts:46,no-step-marks,"5 steps, no [N mark] prefixes",low,no
APQ-M-PROB-004,bank,probability,lazytopper/src/data/questionBanks/class10/maths/probability.additionalPQ.ts:44,no-step-marks,"3 steps, no [N mark] prefixes",low,no
APQ-M-PROB-005,bank,probability,lazytopper/src/data/questionBanks/class10/maths/probability.additionalPQ.ts:52,no-step-marks,"3 steps, no [N mark] prefixes",low,no
APQ-M-PROB-007,bank,probability,lazytopper/src/data/questionBanks/class10/maths/probability.additionalPQ.ts:72,no-step-marks,"4 steps, no [N mark] prefixes",low,no
APQ-S-CARB-002,bank,carbon-and-its-compounds,lazytopper/src/data/questionBanks/class10/science/carbon-and-its-compounds.additionalPQ.ts:18,no-step-marks,"5 steps, no [N mark] prefixes",low,no
APQ-S-CARB-007,bank,carbon-and-its-compounds,lazytopper/src/data/questionBanks/class10/science/carbon-and-its-compounds.additionalPQ.ts:65,no-step-marks,"5 steps, no [N mark] prefixes",low,no
APQ-S-CARB-008,bank,carbon-and-its-compounds,lazytopper/src/data/questionBanks/class10/science/carbon-and-its-compounds.additionalPQ.ts:73,no-step-marks,"5 steps, no [N mark] prefixes",low,no
APQ-S-CTRL-001,bank,control-and-coordination,lazytopper/src/data/questionBanks/class10/science/control-and-coordination.additionalPQ.ts:10,no-step-marks,"3 steps, no [N mark] prefixes",low,no
APQ-S-CTRL-002,bank,control-and-coordination,lazytopper/src/data/questionBanks/class10/science/control-and-coordination.additionalPQ.ts:18,no-step-marks,"5 steps, no [N mark] prefixes",low,no
APQ-S-CTRL-004,bank,control-and-coordination,lazytopper/src/data/questionBanks/class10/science/control-and-coordination.additionalPQ.ts:42,no-step-marks,"3 steps, no [N mark] prefixes",low,no
APQ-S-REPR-002,bank,how-do-organisms-reproduce,lazytopper/src/data/questionBanks/class10/science/how-do-organisms-reproduce.additionalPQ.ts:19,no-step-marks,"2 steps, no [N mark] prefixes",low,no
APQ-S-REPR-004,bank,how-do-organisms-reproduce,lazytopper/src/data/questionBanks/class10/science/how-do-organisms-reproduce.additionalPQ.ts:37,no-step-marks,"2 steps, no [N mark] prefixes",low,no
APQ-S-REPR-005,bank,how-do-organisms-reproduce,lazytopper/src/data/questionBanks/class10/science/how-do-organisms-reproduce.additionalPQ.ts:45,no-step-marks,"3 steps, no [N mark] prefixes",low,no
APQ-S-HERED-003,bank,heredity,lazytopper/src/data/questionBanks/class10/science/heredity.additionalPQ.ts:38,no-step-marks,"3 steps, no [N mark] prefixes",low,no
APQ-S-HERED-006,bank,heredity,lazytopper/src/data/questionBanks/class10/science/heredity.additionalPQ.ts:68,no-step-marks,"5 steps, no [N mark] prefixes",low,no
APQ-S-EYE-004,bank,human-eye-and-colourful-world,lazytopper/src/data/questionBanks/class10/science/human-eye-and-colourful-world.additionalPQ.ts:44,no-step-marks,"2 steps, no [N mark] prefixes",low,no
APQ-S-MAG-002,bank,magnetic-effects-of-electric-current,lazytopper/src/data/questionBanks/class10/science/magnetic-effects-of-electric-current.additionalPQ.ts:24,no-step-marks,"2 steps, no [N mark] prefixes",low,no
APQ-S-MAG-004,bank,magnetic-effects-of-electric-current,lazytopper/src/data/questionBanks/class10/science/magnetic-effects-of-electric-current.additionalPQ.ts:50,no-step-marks,"2 steps, no [N mark] prefixes",low,no
APQ-S-MAG-005,bank,magnetic-effects-of-electric-current,lazytopper/src/data/questionBanks/class10/science/magnetic-effects-of-electric-current.additionalPQ.ts:58,no-step-marks,"2 steps, no [N mark] prefixes",low,no
APQ-S-MAG-006,bank,magnetic-effects-of-electric-current,lazytopper/src/data/questionBanks/class10/science/magnetic-effects-of-electric-current.additionalPQ.ts:66,no-step-marks,"3 steps, no [N mark] prefixes",low,no
APQ-S-ENV-004,bank,our-environment,lazytopper/src/data/questionBanks/class10/science/our-environment.additionalPQ.ts:48,no-step-marks,"2 steps, no [N mark] prefixes",low,no
APQ-S-ENV-008,bank,our-environment,lazytopper/src/data/questionBanks/class10/science/our-environment.additionalPQ.ts:96,no-step-marks,"2 steps, no [N mark] prefixes",low,no
SCQ-S-CHEM-017,bank,chemical-reactions-and-equations,lazytopper/src/data/questionBanks/class10/science/chemical-reactions-and-equations.chapterwise.ts:143,no-finalAnswer,finalAnswer missing/empty,medium,no
SCQ-S-CHEM-018,bank,chemical-reactions-and-equations,lazytopper/src/data/questionBanks/class10/science/chemical-reactions-and-equations.chapterwise.ts:149,no-finalAnswer,finalAnswer missing/empty,medium,no
SCQ-S-CHEM-019,bank,chemical-reactions-and-equations,lazytopper/src/data/questionBanks/class10/science/chemical-reactions-and-equations.chapterwise.ts:155,no-finalAnswer,finalAnswer missing/empty,medium,no
SCQ-S-CHEM-020,bank,chemical-reactions-and-equations,lazytopper/src/data/questionBanks/class10/science/chemical-reactions-and-equations.chapterwise.ts:161,no-finalAnswer,finalAnswer missing/empty,medium,no
SCQ-S-CHEM-021,bank,chemical-reactions-and-equations,lazytopper/src/data/questionBanks/class10/science/chemical-reactions-and-equations.chapterwise.ts:167,no-finalAnswer,finalAnswer missing/empty,medium,no
SCQ-S-CHEM-022,bank,chemical-reactions-and-equations,lazytopper/src/data/questionBanks/class10/science/chemical-reactions-and-equations.chapterwise.ts:173,no-finalAnswer,finalAnswer missing/empty,medium,no
SCQ-S-CHEM-023,bank,chemical-reactions-and-equations,lazytopper/src/data/questionBanks/class10/science/chemical-reactions-and-equations.chapterwise.ts:179,no-finalAnswer,finalAnswer missing/empty,medium,no
SCQ-S-CHEM-024,bank,chemical-reactions-and-equations,lazytopper/src/data/questionBanks/class10/science/chemical-reactions-and-equations.chapterwise.ts:186,no-finalAnswer,finalAnswer missing/empty,medium,no
SCQ-S-CHEM-025,bank,chemical-reactions-and-equations,lazytopper/src/data/questionBanks/class10/science/chemical-reactions-and-equations.chapterwise.ts:192,no-finalAnswer,finalAnswer missing/empty,medium,no
SCQ-S-CHEM-027,bank,chemical-reactions-and-equations,lazytopper/src/data/questionBanks/class10/science/chemical-reactions-and-equations.chapterwise.ts:204,no-finalAnswer,finalAnswer missing/empty,medium,no
SCQ-S-CHEM-028,bank,chemical-reactions-and-equations,lazytopper/src/data/questionBanks/class10/science/chemical-reactions-and-equations.chapterwise.ts:211,no-finalAnswer,finalAnswer missing/empty,medium,no
SCQ-S-CHEM-029,bank,chemical-reactions-and-equations,lazytopper/src/data/questionBanks/class10/science/chemical-reactions-and-equations.chapterwise.ts:217,no-finalAnswer,finalAnswer missing/empty,medium,no
SCQ-S-CHEM-030,bank,chemical-reactions-and-equations,lazytopper/src/data/questionBanks/class10/science/chemical-reactions-and-equations.chapterwise.ts:223,no-finalAnswer,finalAnswer missing/empty,medium,no
SCQ-S-CHEM-031,bank,chemical-reactions-and-equations,lazytopper/src/data/questionBanks/class10/science/chemical-reactions-and-equations.chapterwise.ts:229,no-finalAnswer,finalAnswer missing/empty,medium,no
SCQ-S-CHEM-032,bank,chemical-reactions-and-equations,lazytopper/src/data/questionBanks/class10/science/chemical-reactions-and-equations.chapterwise.ts:235,no-finalAnswer,finalAnswer missing/empty,medium,no
SCQ-S-CHEM-033,bank,chemical-reactions-and-equations,lazytopper/src/data/questionBanks/class10/science/chemical-reactions-and-equations.chapterwise.ts:241,no-finalAnswer,finalAnswer missing/empty,medium,no
SCQ-S-CHEM-034,bank,chemical-reactions-and-equations,lazytopper/src/data/questionBanks/class10/science/chemical-reactions-and-equations.chapterwise.ts:247,no-finalAnswer,finalAnswer missing/empty,medium,no
SCQ-S-ACID-021,bank,acids-bases-and-salts,lazytopper/src/data/questionBanks/class10/science/acids-bases-and-salts.chapterwise.ts:177,no-finalAnswer,finalAnswer missing/empty,medium,no
SCQ-S-ACID-022,bank,acids-bases-and-salts,lazytopper/src/data/questionBanks/class10/science/acids-bases-and-salts.chapterwise.ts:183,no-finalAnswer,finalAnswer missing/empty,medium,no
SCQ-S-ACID-023,bank,acids-bases-and-salts,lazytopper/src/data/questionBanks/class10/science/acids-bases-and-salts.chapterwise.ts:189,no-finalAnswer,finalAnswer missing/empty,medium,no
SCQ-S-ACID-024,bank,acids-bases-and-salts,lazytopper/src/data/questionBanks/class10/science/acids-bases-and-salts.chapterwise.ts:195,no-finalAnswer,finalAnswer missing/empty,medium,no
SCQ-S-ACID-025,bank,acids-bases-and-salts,lazytopper/src/data/questionBanks/class10/science/acids-bases-and-salts.chapterwise.ts:201,no-finalAnswer,finalAnswer missing/empty,medium,no
SCQ-S-ACID-026,bank,acids-bases-and-salts,lazytopper/src/data/questionBanks/class10/science/acids-bases-and-salts.chapterwise.ts:207,no-finalAnswer,finalAnswer missing/empty,medium,no
SCQ-S-ACID-027,bank,acids-bases-and-salts,lazytopper/src/data/questionBanks/class10/science/acids-bases-and-salts.chapterwise.ts:213,no-finalAnswer,finalAnswer missing/empty,medium,no
SCQ-S-ACID-028,bank,acids-bases-and-salts,lazytopper/src/data/questionBanks/class10/science/acids-bases-and-salts.chapterwise.ts:219,no-finalAnswer,finalAnswer missing/empty,medium,no
SCQ-S-ACID-029,bank,acids-bases-and-salts,lazytopper/src/data/questionBanks/class10/science/acids-bases-and-salts.chapterwise.ts:225,no-finalAnswer,finalAnswer missing/empty,medium,no
SCQ-S-ACID-030,bank,acids-bases-and-salts,lazytopper/src/data/questionBanks/class10/science/acids-bases-and-salts.chapterwise.ts:231,no-finalAnswer,finalAnswer missing/empty,medium,no
SCQ-S-ACID-031,bank,acids-bases-and-salts,lazytopper/src/data/questionBanks/class10/science/acids-bases-and-salts.chapterwise.ts:237,no-finalAnswer,finalAnswer missing/empty,medium,no
SCQ-S-ACID-032,bank,acids-bases-and-salts,lazytopper/src/data/questionBanks/class10/science/acids-bases-and-salts.chapterwise.ts:243,no-finalAnswer,finalAnswer missing/empty,medium,no
SCQ-S-ACID-033,bank,acids-bases-and-salts,lazytopper/src/data/questionBanks/class10/science/acids-bases-and-salts.chapterwise.ts:249,no-finalAnswer,finalAnswer missing/empty,medium,no
SCQ-S-ACID-035,bank,acids-bases-and-salts,lazytopper/src/data/questionBanks/class10/science/acids-bases-and-salts.chapterwise.ts:261,no-finalAnswer,finalAnswer missing/empty,medium,no
SCQ-S-ACID-036,bank,acids-bases-and-salts,lazytopper/src/data/questionBanks/class10/science/acids-bases-and-salts.chapterwise.ts:267,no-finalAnswer,finalAnswer missing/empty,medium,no
SCQ-S-ACID-037,bank,acids-bases-and-salts,lazytopper/src/data/questionBanks/class10/science/acids-bases-and-salts.chapterwise.ts:273,no-finalAnswer,finalAnswer missing/empty,medium,no
SCQ-S-ACID-039,bank,acids-bases-and-salts,lazytopper/src/data/questionBanks/class10/science/acids-bases-and-salts.chapterwise.ts:287,no-finalAnswer,finalAnswer missing/empty,medium,no
SCQ-S-ACID-040,bank,acids-bases-and-salts,lazytopper/src/data/questionBanks/class10/science/acids-bases-and-salts.chapterwise.ts:293,no-finalAnswer,finalAnswer missing/empty,medium,no
SCQ-S-ACID-041,bank,acids-bases-and-salts,lazytopper/src/data/questionBanks/class10/science/acids-bases-and-salts.chapterwise.ts:299,no-finalAnswer,finalAnswer missing/empty,medium,no
SCQ-S-ACID-042,bank,acids-bases-and-salts,lazytopper/src/data/questionBanks/class10/science/acids-bases-and-salts.chapterwise.ts:305,no-finalAnswer,finalAnswer missing/empty,medium,no
SCQ-S-ACID-043,bank,acids-bases-and-salts,lazytopper/src/data/questionBanks/class10/science/acids-bases-and-salts.chapterwise.ts:311,no-finalAnswer,finalAnswer missing/empty,medium,no
SCQ-S-METAL-021,bank,metals-and-non-metals,lazytopper/src/data/questionBanks/class10/science/metals-and-non-metals.chapterwise.ts:175,no-finalAnswer,finalAnswer missing/empty,medium,no
SCQ-S-METAL-022,bank,metals-and-non-metals,lazytopper/src/data/questionBanks/class10/science/metals-and-non-metals.chapterwise.ts:181,no-finalAnswer,finalAnswer missing/empty,medium,no
SCQ-S-METAL-023,bank,metals-and-non-metals,lazytopper/src/data/questionBanks/class10/science/metals-and-non-metals.chapterwise.ts:188,no-finalAnswer,finalAnswer missing/empty,medium,no
SCQ-S-METAL-024,bank,metals-and-non-metals,lazytopper/src/data/questionBanks/class10/science/metals-and-non-metals.chapterwise.ts:194,no-finalAnswer,finalAnswer missing/empty,medium,no
SCQ-S-METAL-025,bank,metals-and-non-metals,lazytopper/src/data/questionBanks/class10/science/metals-and-non-metals.chapterwise.ts:200,no-finalAnswer,finalAnswer missing/empty,medium,no
SCQ-S-METAL-026,bank,metals-and-non-metals,lazytopper/src/data/questionBanks/class10/science/metals-and-non-metals.chapterwise.ts:206,no-finalAnswer,finalAnswer missing/empty,medium,no
SCQ-S-METAL-027,bank,metals-and-non-metals,lazytopper/src/data/questionBanks/class10/science/metals-and-non-metals.chapterwise.ts:212,no-finalAnswer,finalAnswer missing/empty,medium,no
SCQ-S-METAL-028,bank,metals-and-non-metals,lazytopper/src/data/questionBanks/class10/science/metals-and-non-metals.chapterwise.ts:218,no-finalAnswer,finalAnswer missing/empty,medium,no
SCQ-S-METAL-029,bank,metals-and-non-metals,lazytopper/src/data/questionBanks/class10/science/metals-and-non-metals.chapterwise.ts:224,no-finalAnswer,finalAnswer missing/empty,medium,no
SCQ-S-METAL-030,bank,metals-and-non-metals,lazytopper/src/data/questionBanks/class10/science/metals-and-non-metals.chapterwise.ts:230,no-finalAnswer,finalAnswer missing/empty,medium,no
SCQ-S-METAL-031,bank,metals-and-non-metals,lazytopper/src/data/questionBanks/class10/science/metals-and-non-metals.chapterwise.ts:236,no-finalAnswer,finalAnswer missing/empty,medium,no
SCQ-S-METAL-032,bank,metals-and-non-metals,lazytopper/src/data/questionBanks/class10/science/metals-and-non-metals.chapterwise.ts:242,no-finalAnswer,finalAnswer missing/empty,medium,no
SCQ-S-METAL-035,bank,metals-and-non-metals,lazytopper/src/data/questionBanks/class10/science/metals-and-non-metals.chapterwise.ts:262,no-finalAnswer,finalAnswer missing/empty,medium,no
SCQ-S-METAL-036,bank,metals-and-non-metals,lazytopper/src/data/questionBanks/class10/science/metals-and-non-metals.chapterwise.ts:268,no-finalAnswer,finalAnswer missing/empty,medium,no
SCQ-S-METAL-037,bank,metals-and-non-metals,lazytopper/src/data/questionBanks/class10/science/metals-and-non-metals.chapterwise.ts:274,no-finalAnswer,finalAnswer missing/empty,medium,no
SCQ-S-METAL-038,bank,metals-and-non-metals,lazytopper/src/data/questionBanks/class10/science/metals-and-non-metals.chapterwise.ts:280,no-finalAnswer,finalAnswer missing/empty,medium,no
SCQ-S-CARB-020,bank,carbon-and-its-compounds,lazytopper/src/data/questionBanks/class10/science/carbon-and-its-compounds.chapterwise.ts:169,no-step-marks,"1 steps, no [N mark] prefixes",low,no
SCQ-S-CARB-020,bank,carbon-and-its-compounds,lazytopper/src/data/questionBanks/class10/science/carbon-and-its-compounds.chapterwise.ts:169,no-finalAnswer,finalAnswer missing/empty,medium,no
SCQ-S-CARB-021,bank,carbon-and-its-compounds,lazytopper/src/data/questionBanks/class10/science/carbon-and-its-compounds.chapterwise.ts:175,no-step-marks,"1 steps, no [N mark] prefixes",low,no
SCQ-S-CARB-021,bank,carbon-and-its-compounds,lazytopper/src/data/questionBanks/class10/science/carbon-and-its-compounds.chapterwise.ts:175,no-finalAnswer,finalAnswer missing/empty,medium,no
SCQ-S-CARB-022,bank,carbon-and-its-compounds,lazytopper/src/data/questionBanks/class10/science/carbon-and-its-compounds.chapterwise.ts:181,no-step-marks,"1 steps, no [N mark] prefixes",low,no
SCQ-S-CARB-022,bank,carbon-and-its-compounds,lazytopper/src/data/questionBanks/class10/science/carbon-and-its-compounds.chapterwise.ts:181,no-finalAnswer,finalAnswer missing/empty,medium,no
SCQ-S-CARB-023,bank,carbon-and-its-compounds,lazytopper/src/data/questionBanks/class10/science/carbon-and-its-compounds.chapterwise.ts:187,no-step-marks,"1 steps, no [N mark] prefixes",low,no
SCQ-S-CARB-023,bank,carbon-and-its-compounds,lazytopper/src/data/questionBanks/class10/science/carbon-and-its-compounds.chapterwise.ts:187,no-finalAnswer,finalAnswer missing/empty,medium,no
SCQ-S-CARB-024,bank,carbon-and-its-compounds,lazytopper/src/data/questionBanks/class10/science/carbon-and-its-compounds.chapterwise.ts:193,no-finalAnswer,finalAnswer missing/empty,medium,no
SCQ-S-CARB-025,bank,carbon-and-its-compounds,lazytopper/src/data/questionBanks/class10/science/carbon-and-its-compounds.chapterwise.ts:200,no-step-marks,"1 steps, no [N mark] prefixes",low,no
SCQ-S-CARB-025,bank,carbon-and-its-compounds,lazytopper/src/data/questionBanks/class10/science/carbon-and-its-compounds.chapterwise.ts:200,no-finalAnswer,finalAnswer missing/empty,medium,no
SCQ-S-CARB-026,bank,carbon-and-its-compounds,lazytopper/src/data/questionBanks/class10/science/carbon-and-its-compounds.chapterwise.ts:206,no-step-marks,"1 steps, no [N mark] prefixes",low,no
SCQ-S-CARB-026,bank,carbon-and-its-compounds,lazytopper/src/data/questionBanks/class10/science/carbon-and-its-compounds.chapterwise.ts:206,no-finalAnswer,finalAnswer missing/empty,medium,no
SCQ-S-CARB-027,bank,carbon-and-its-compounds,lazytopper/src/data/questionBanks/class10/science/carbon-and-its-compounds.chapterwise.ts:212,no-step-marks,"1 steps, no [N mark] prefixes",low,no
SCQ-S-CARB-027,bank,carbon-and-its-compounds,lazytopper/src/data/questionBanks/class10/science/carbon-and-its-compounds.chapterwise.ts:212,no-finalAnswer,finalAnswer missing/empty,medium,no
SCQ-S-CARB-028,bank,carbon-and-its-compounds,lazytopper/src/data/questionBanks/class10/science/carbon-and-its-compounds.chapterwise.ts:218,no-step-marks,"1 steps, no [N mark] prefixes",low,no
SCQ-S-CARB-028,bank,carbon-and-its-compounds,lazytopper/src/data/questionBanks/class10/science/carbon-and-its-compounds.chapterwise.ts:218,no-finalAnswer,finalAnswer missing/empty,medium,no
SCQ-S-CARB-029,bank,carbon-and-its-compounds,lazytopper/src/data/questionBanks/class10/science/carbon-and-its-compounds.chapterwise.ts:224,no-step-marks,"1 steps, no [N mark] prefixes",low,no
SCQ-S-CARB-029,bank,carbon-and-its-compounds,lazytopper/src/data/questionBanks/class10/science/carbon-and-its-compounds.chapterwise.ts:224,no-finalAnswer,finalAnswer missing/empty,medium,no
SCQ-S-CARB-030,bank,carbon-and-its-compounds,lazytopper/src/data/questionBanks/class10/science/carbon-and-its-compounds.chapterwise.ts:230,no-step-marks,"1 steps, no [N mark] prefixes",low,no
SCQ-S-CARB-030,bank,carbon-and-its-compounds,lazytopper/src/data/questionBanks/class10/science/carbon-and-its-compounds.chapterwise.ts:230,no-finalAnswer,finalAnswer missing/empty,medium,no
SCQ-S-CARB-031,bank,carbon-and-its-compounds,lazytopper/src/data/questionBanks/class10/science/carbon-and-its-compounds.chapterwise.ts:236,no-step-marks,"1 steps, no [N mark] prefixes",low,no
SCQ-S-CARB-031,bank,carbon-and-its-compounds,lazytopper/src/data/questionBanks/class10/science/carbon-and-its-compounds.chapterwise.ts:236,no-finalAnswer,finalAnswer missing/empty,medium,no
SCQ-S-CARB-032,bank,carbon-and-its-compounds,lazytopper/src/data/questionBanks/class10/science/carbon-and-its-compounds.chapterwise.ts:242,no-step-marks,"1 steps, no [N mark] prefixes",low,no
SCQ-S-CARB-032,bank,carbon-and-its-compounds,lazytopper/src/data/questionBanks/class10/science/carbon-and-its-compounds.chapterwise.ts:242,no-finalAnswer,finalAnswer missing/empty,medium,no
SCQ-S-CARB-033,bank,carbon-and-its-compounds,lazytopper/src/data/questionBanks/class10/science/carbon-and-its-compounds.chapterwise.ts:248,no-step-marks,"1 steps, no [N mark] prefixes",low,no
SCQ-S-CARB-033,bank,carbon-and-its-compounds,lazytopper/src/data/questionBanks/class10/science/carbon-and-its-compounds.chapterwise.ts:248,no-finalAnswer,finalAnswer missing/empty,medium,no
SCQ-S-CARB-034,bank,carbon-and-its-compounds,lazytopper/src/data/questionBanks/class10/science/carbon-and-its-compounds.chapterwise.ts:254,no-step-marks,"1 steps, no [N mark] prefixes",low,no
SCQ-S-CARB-034,bank,carbon-and-its-compounds,lazytopper/src/data/questionBanks/class10/science/carbon-and-its-compounds.chapterwise.ts:254,no-finalAnswer,finalAnswer missing/empty,medium,no
SCQ-S-CARB-035,bank,carbon-and-its-compounds,lazytopper/src/data/questionBanks/class10/science/carbon-and-its-compounds.chapterwise.ts:260,no-step-marks,"1 steps, no [N mark] prefixes",low,no
SCQ-S-CARB-035,bank,carbon-and-its-compounds,lazytopper/src/data/questionBanks/class10/science/carbon-and-its-compounds.chapterwise.ts:260,no-finalAnswer,finalAnswer missing/empty,medium,no
SCQ-S-CARB-036,bank,carbon-and-its-compounds,lazytopper/src/data/questionBanks/class10/science/carbon-and-its-compounds.chapterwise.ts:266,no-step-marks,"1 steps, no [N mark] prefixes",low,no
SCQ-S-CARB-036,bank,carbon-and-its-compounds,lazytopper/src/data/questionBanks/class10/science/carbon-and-its-compounds.chapterwise.ts:266,no-finalAnswer,finalAnswer missing/empty,medium,no
SCQ-S-CARB-037,bank,carbon-and-its-compounds,lazytopper/src/data/questionBanks/class10/science/carbon-and-its-compounds.chapterwise.ts:272,no-step-marks,"1 steps, no [N mark] prefixes",low,no
SCQ-S-CARB-037,bank,carbon-and-its-compounds,lazytopper/src/data/questionBanks/class10/science/carbon-and-its-compounds.chapterwise.ts:272,no-finalAnswer,finalAnswer missing/empty,medium,no
SCQ-S-CARB-038,bank,carbon-and-its-compounds,lazytopper/src/data/questionBanks/class10/science/carbon-and-its-compounds.chapterwise.ts:278,no-finalAnswer,finalAnswer missing/empty,medium,no
SCQ-S-CARB-039,bank,carbon-and-its-compounds,lazytopper/src/data/questionBanks/class10/science/carbon-and-its-compounds.chapterwise.ts:290,no-finalAnswer,finalAnswer missing/empty,medium,no
SCQ-S-CARB-040,bank,carbon-and-its-compounds,lazytopper/src/data/questionBanks/class10/science/carbon-and-its-compounds.chapterwise.ts:302,no-finalAnswer,finalAnswer missing/empty,medium,no
SCQ-S-CARB-041,bank,carbon-and-its-compounds,lazytopper/src/data/questionBanks/class10/science/carbon-and-its-compounds.chapterwise.ts:314,no-finalAnswer,finalAnswer missing/empty,medium,no
SCQ-S-CARB-042,bank,carbon-and-its-compounds,lazytopper/src/data/questionBanks/class10/science/carbon-and-its-compounds.chapterwise.ts:326,no-finalAnswer,finalAnswer missing/empty,medium,no
SCQ-S-CARB-043,bank,carbon-and-its-compounds,lazytopper/src/data/questionBanks/class10/science/carbon-and-its-compounds.chapterwise.ts:338,no-finalAnswer,finalAnswer missing/empty,medium,no
SCO-S-LIFE-009,bank,life-processes,lazytopper/src/data/questionBanks/class10/science/life-processes.chapterwise.ts:78,figure-unbound,stem: shown in the,high,no
SCQ-S-LIFE-021,bank,life-processes,lazytopper/src/data/questionBanks/class10/science/life-processes.chapterwise.ts:179,no-finalAnswer,finalAnswer missing/empty,medium,no
SCQ-S-LIFE-022,bank,life-processes,lazytopper/src/data/questionBanks/class10/science/life-processes.chapterwise.ts:185,no-finalAnswer,finalAnswer missing/empty,medium,no
SCQ-S-LIFE-023,bank,life-processes,lazytopper/src/data/questionBanks/class10/science/life-processes.chapterwise.ts:191,no-finalAnswer,finalAnswer missing/empty,medium,no
SCQ-S-LIFE-024,bank,life-processes,lazytopper/src/data/questionBanks/class10/science/life-processes.chapterwise.ts:197,no-finalAnswer,finalAnswer missing/empty,medium,no
SCQ-S-LIFE-025,bank,life-processes,lazytopper/src/data/questionBanks/class10/science/life-processes.chapterwise.ts:203,no-finalAnswer,finalAnswer missing/empty,medium,no
SCQ-S-LIFE-026,bank,life-processes,lazytopper/src/data/questionBanks/class10/science/life-processes.chapterwise.ts:210,no-finalAnswer,finalAnswer missing/empty,medium,no
SCQ-S-LIFE-027,bank,life-processes,lazytopper/src/data/questionBanks/class10/science/life-processes.chapterwise.ts:216,no-finalAnswer,finalAnswer missing/empty,medium,no
SCQ-S-LIFE-028,bank,life-processes,lazytopper/src/data/questionBanks/class10/science/life-processes.chapterwise.ts:222,no-finalAnswer,finalAnswer missing/empty,medium,no
SCQ-S-LIFE-029,bank,life-processes,lazytopper/src/data/questionBanks/class10/science/life-processes.chapterwise.ts:228,no-finalAnswer,finalAnswer missing/empty,medium,no
SCQ-S-LIFE-030,bank,life-processes,lazytopper/src/data/questionBanks/class10/science/life-processes.chapterwise.ts:234,no-finalAnswer,finalAnswer missing/empty,medium,no
SCQ-S-LIFE-031,bank,life-processes,lazytopper/src/data/questionBanks/class10/science/life-processes.chapterwise.ts:240,no-finalAnswer,finalAnswer missing/empty,medium,no
SCQ-S-LIFE-032,bank,life-processes,lazytopper/src/data/questionBanks/class10/science/life-processes.chapterwise.ts:246,no-finalAnswer,finalAnswer missing/empty,medium,no
SCQ-S-LIFE-033,bank,life-processes,lazytopper/src/data/questionBanks/class10/science/life-processes.chapterwise.ts:253,no-finalAnswer,finalAnswer missing/empty,medium,no
SCQ-S-LIFE-034,bank,life-processes,lazytopper/src/data/questionBanks/class10/science/life-processes.chapterwise.ts:259,no-finalAnswer,finalAnswer missing/empty,medium,no
SCQ-S-LIFE-035,bank,life-processes,lazytopper/src/data/questionBanks/class10/science/life-processes.chapterwise.ts:265,no-finalAnswer,finalAnswer missing/empty,medium,no
SCQ-S-LIFE-036,bank,life-processes,lazytopper/src/data/questionBanks/class10/science/life-processes.chapterwise.ts:272,no-finalAnswer,finalAnswer missing/empty,medium,no
SCQ-S-LIFE-037,bank,life-processes,lazytopper/src/data/questionBanks/class10/science/life-processes.chapterwise.ts:278,no-finalAnswer,finalAnswer missing/empty,medium,no
SCQ-S-LIFE-038,bank,life-processes,lazytopper/src/data/questionBanks/class10/science/life-processes.chapterwise.ts:285,no-finalAnswer,finalAnswer missing/empty,medium,no
SCQ-S-LIFE-039,bank,life-processes,lazytopper/src/data/questionBanks/class10/science/life-processes.chapterwise.ts:291,no-finalAnswer,finalAnswer missing/empty,medium,no
SCQ-S-LIFE-040,bank,life-processes,lazytopper/src/data/questionBanks/class10/science/life-processes.chapterwise.ts:303,no-finalAnswer,finalAnswer missing/empty,medium,no
SCQ-S-LIFE-041,bank,life-processes,lazytopper/src/data/questionBanks/class10/science/life-processes.chapterwise.ts:316,no-finalAnswer,finalAnswer missing/empty,medium,no
SCQ-S-LIFE-042,bank,life-processes,lazytopper/src/data/questionBanks/class10/science/life-processes.chapterwise.ts:328,no-finalAnswer,finalAnswer missing/empty,medium,no
SCQ-S-LIFE-043,bank,life-processes,lazytopper/src/data/questionBanks/class10/science/life-processes.chapterwise.ts:340,no-finalAnswer,finalAnswer missing/empty,medium,no
SCQ-S-LIFE-044,bank,life-processes,lazytopper/src/data/questionBanks/class10/science/life-processes.chapterwise.ts:352,no-finalAnswer,finalAnswer missing/empty,medium,no
SCO-S-CTRL-011,bank,control-and-coordination,lazytopper/src/data/questionBanks/class10/science/control-and-coordination.chapterwise.ts:94,figure-unbound,stem: given diagram,high,no
SCQ-S-CTRL-021,bank,control-and-coordination,lazytopper/src/data/questionBanks/class10/science/control-and-coordination.chapterwise.ts:177,no-step-marks,"1 steps, no [N mark] prefixes",low,no
SCQ-S-CTRL-021,bank,control-and-coordination,lazytopper/src/data/questionBanks/class10/science/control-and-coordination.chapterwise.ts:177,no-finalAnswer,finalAnswer missing/empty,medium,no
SCQ-S-CTRL-022,bank,control-and-coordination,lazytopper/src/data/questionBanks/class10/science/control-and-coordination.chapterwise.ts:183,no-step-marks,"1 steps, no [N mark] prefixes",low,no
SCQ-S-CTRL-022,bank,control-and-coordination,lazytopper/src/data/questionBanks/class10/science/control-and-coordination.chapterwise.ts:183,no-finalAnswer,finalAnswer missing/empty,medium,no
SCQ-S-CTRL-023,bank,control-and-coordination,lazytopper/src/data/questionBanks/class10/science/control-and-coordination.chapterwise.ts:189,no-step-marks,"1 steps, no [N mark] prefixes",low,no
SCQ-S-CTRL-023,bank,control-and-coordination,lazytopper/src/data/questionBanks/class10/science/control-and-coordination.chapterwise.ts:189,no-finalAnswer,finalAnswer missing/empty,medium,no
SCQ-S-CTRL-024,bank,control-and-coordination,lazytopper/src/data/questionBanks/class10/science/control-and-coordination.chapterwise.ts:195,no-step-marks,"1 steps, no [N mark] prefixes",low,no
SCQ-S-CTRL-024,bank,control-and-coordination,lazytopper/src/data/questionBanks/class10/science/control-and-coordination.chapterwise.ts:195,no-finalAnswer,finalAnswer missing/empty,medium,no
SCQ-S-CTRL-025,bank,control-and-coordination,lazytopper/src/data/questionBanks/class10/science/control-and-coordination.chapterwise.ts:201,no-step-marks,"1 steps, no [N mark] prefixes",low,no
SCQ-S-CTRL-025,bank,control-and-coordination,lazytopper/src/data/questionBanks/class10/science/control-and-coordination.chapterwise.ts:201,no-finalAnswer,finalAnswer missing/empty,medium,no
SCQ-S-CTRL-026,bank,control-and-coordination,lazytopper/src/data/questionBanks/class10/science/control-and-coordination.chapterwise.ts:207,no-step-marks,"1 steps, no [N mark] prefixes",low,no
SCQ-S-CTRL-026,bank,control-and-coordination,lazytopper/src/data/questionBanks/class10/science/control-and-coordination.chapterwise.ts:207,no-finalAnswer,finalAnswer missing/empty,medium,no
SCQ-S-CTRL-027,bank,control-and-coordination,lazytopper/src/data/questionBanks/class10/science/control-and-coordination.chapterwise.ts:213,no-step-marks,"2 steps, no [N mark] prefixes",low,no
SCQ-S-CTRL-027,bank,control-and-coordination,lazytopper/src/data/questionBanks/class10/science/control-and-coordination.chapterwise.ts:213,no-finalAnswer,finalAnswer missing/empty,medium,no
SCQ-S-CTRL-028,bank,control-and-coordination,lazytopper/src/data/questionBanks/class10/science/control-and-coordination.chapterwise.ts:220,no-step-marks,"1 steps, no [N mark] prefixes",low,no
SCQ-S-CTRL-028,bank,control-and-coordination,lazytopper/src/data/questionBanks/class10/science/control-and-coordination.chapterwise.ts:220,no-finalAnswer,finalAnswer missing/empty,medium,no
SCQ-S-CTRL-029,bank,control-and-coordination,lazytopper/src/data/questionBanks/class10/science/control-and-coordination.chapterwise.ts:226,no-step-marks,"1 steps, no [N mark] prefixes",low,no
SCQ-S-CTRL-029,bank,control-and-coordination,lazytopper/src/data/questionBanks/class10/science/control-and-coordination.chapterwise.ts:226,no-finalAnswer,finalAnswer missing/empty,medium,no
SCQ-S-CTRL-030,bank,control-and-coordination,lazytopper/src/data/questionBanks/class10/science/control-and-coordination.chapterwise.ts:232,no-step-marks,"1 steps, no [N mark] prefixes",low,no
SCQ-S-CTRL-030,bank,control-and-coordination,lazytopper/src/data/questionBanks/class10/science/control-and-coordination.chapterwise.ts:232,no-finalAnswer,finalAnswer missing/empty,medium,no
SCQ-S-CTRL-031,bank,control-and-coordination,lazytopper/src/data/questionBanks/class10/science/control-and-coordination.chapterwise.ts:238,no-step-marks,"1 steps, no [N mark] prefixes",low,no
SCQ-S-CTRL-031,bank,control-and-coordination,lazytopper/src/data/questionBanks/class10/science/control-and-coordination.chapterwise.ts:238,no-finalAnswer,finalAnswer missing/empty,medium,no
SCQ-S-CTRL-032,bank,control-and-coordination,lazytopper/src/data/questionBanks/class10/science/control-and-coordination.chapterwise.ts:244,no-step-marks,"1 steps, no [N mark] prefixes",low,no
SCQ-S-CTRL-032,bank,control-and-coordination,lazytopper/src/data/questionBanks/class10/science/control-and-coordination.chapterwise.ts:244,no-finalAnswer,finalAnswer missing/empty,medium,no
SCQ-S-CTRL-033,bank,control-and-coordination,lazytopper/src/data/questionBanks/class10/science/control-and-coordination.chapterwise.ts:250,no-step-marks,"3 steps, no [N mark] prefixes",low,no
SCQ-S-CTRL-033,bank,control-and-coordination,lazytopper/src/data/questionBanks/class10/science/control-and-coordination.chapterwise.ts:250,no-finalAnswer,finalAnswer missing/empty,medium,no
SCQ-S-CTRL-034,bank,control-and-coordination,lazytopper/src/data/questionBanks/class10/science/control-and-coordination.chapterwise.ts:257,no-step-marks,"1 steps, no [N mark] prefixes",low,no
SCQ-S-CTRL-034,bank,control-and-coordination,lazytopper/src/data/questionBanks/class10/science/control-and-coordination.chapterwise.ts:257,no-finalAnswer,finalAnswer missing/empty,medium,no
SCQ-S-CTRL-035,bank,control-and-coordination,lazytopper/src/data/questionBanks/class10/science/control-and-coordination.chapterwise.ts:263,no-step-marks,"1 steps, no [N mark] prefixes",low,no
SCQ-S-CTRL-035,bank,control-and-coordination,lazytopper/src/data/questionBanks/class10/science/control-and-coordination.chapterwise.ts:263,no-finalAnswer,finalAnswer missing/empty,medium,no
SCQ-S-CTRL-036,bank,control-and-coordination,lazytopper/src/data/questionBanks/class10/science/control-and-coordination.chapterwise.ts:269,no-step-marks,"1 steps, no [N mark] prefixes",low,no
SCQ-S-CTRL-036,bank,control-and-coordination,lazytopper/src/data/questionBanks/class10/science/control-and-coordination.chapterwise.ts:269,no-finalAnswer,finalAnswer missing/empty,medium,no
SCQ-S-CTRL-037,bank,control-and-coordination,lazytopper/src/data/questionBanks/class10/science/control-and-coordination.chapterwise.ts:275,no-step-marks,"1 steps, no [N mark] prefixes",low,no
SCQ-S-CTRL-037,bank,control-and-coordination,lazytopper/src/data/questionBanks/class10/science/control-and-coordination.chapterwise.ts:275,no-finalAnswer,finalAnswer missing/empty,medium,no
SCQ-S-CTRL-038,bank,control-and-coordination,lazytopper/src/data/questionBanks/class10/science/control-and-coordination.chapterwise.ts:281,no-step-marks,"1 steps, no [N mark] prefixes",low,no
SCQ-S-CTRL-038,bank,control-and-coordination,lazytopper/src/data/questionBanks/class10/science/control-and-coordination.chapterwise.ts:281,no-finalAnswer,finalAnswer missing/empty,medium,no
SCQ-S-CTRL-039,bank,control-and-coordination,lazytopper/src/data/questionBanks/class10/science/control-and-coordination.chapterwise.ts:287,no-finalAnswer,finalAnswer missing/empty,medium,no
SCQ-S-CTRL-040,bank,control-and-coordination,lazytopper/src/data/questionBanks/class10/science/control-and-coordination.chapterwise.ts:299,no-finalAnswer,finalAnswer missing/empty,medium,no
SCQ-S-CTRL-041,bank,control-and-coordination,lazytopper/src/data/questionBanks/class10/science/control-and-coordination.chapterwise.ts:311,no-finalAnswer,finalAnswer missing/empty,medium,no
SCQ-S-CTRL-042,bank,control-and-coordination,lazytopper/src/data/questionBanks/class10/science/control-and-coordination.chapterwise.ts:323,no-finalAnswer,finalAnswer missing/empty,medium,no
SCQ-S-CTRL-043,bank,control-and-coordination,lazytopper/src/data/questionBanks/class10/science/control-and-coordination.chapterwise.ts:335,no-finalAnswer,finalAnswer missing/empty,medium,no
SCQ-S-REPR-021,bank,how-do-organisms-reproduce,lazytopper/src/data/questionBanks/class10/science/how-do-organisms-reproduce.chapterwise.ts:173,no-step-marks,"1 steps, no [N mark] prefixes",low,no
SCQ-S-REPR-021,bank,how-do-organisms-reproduce,lazytopper/src/data/questionBanks/class10/science/how-do-organisms-reproduce.chapterwise.ts:173,no-finalAnswer,finalAnswer missing/empty,medium,no
SCQ-S-REPR-022,bank,how-do-organisms-reproduce,lazytopper/src/data/questionBanks/class10/science/how-do-organisms-reproduce.chapterwise.ts:179,no-step-marks,"1 steps, no [N mark] prefixes",low,no
SCQ-S-REPR-022,bank,how-do-organisms-reproduce,lazytopper/src/data/questionBanks/class10/science/how-do-organisms-reproduce.chapterwise.ts:179,no-finalAnswer,finalAnswer missing/empty,medium,no
SCQ-S-REPR-023,bank,how-do-organisms-reproduce,lazytopper/src/data/questionBanks/class10/science/how-do-organisms-reproduce.chapterwise.ts:185,no-step-marks,"1 steps, no [N mark] prefixes",low,no
SCQ-S-REPR-023,bank,how-do-organisms-reproduce,lazytopper/src/data/questionBanks/class10/science/how-do-organisms-reproduce.chapterwise.ts:185,no-finalAnswer,finalAnswer missing/empty,medium,no
SCQ-S-REPR-024,bank,how-do-organisms-reproduce,lazytopper/src/data/questionBanks/class10/science/how-do-organisms-reproduce.chapterwise.ts:191,no-step-marks,"1 steps, no [N mark] prefixes",low,no
SCQ-S-REPR-024,bank,how-do-organisms-reproduce,lazytopper/src/data/questionBanks/class10/science/how-do-organisms-reproduce.chapterwise.ts:191,no-finalAnswer,finalAnswer missing/empty,medium,no
SCQ-S-REPR-025,bank,how-do-organisms-reproduce,lazytopper/src/data/questionBanks/class10/science/how-do-organisms-reproduce.chapterwise.ts:197,no-step-marks,"1 steps, no [N mark] prefixes",low,no
SCQ-S-REPR-025,bank,how-do-organisms-reproduce,lazytopper/src/data/questionBanks/class10/science/how-do-organisms-reproduce.chapterwise.ts:197,no-finalAnswer,finalAnswer missing/empty,medium,no
SCQ-S-REPR-026,bank,how-do-organisms-reproduce,lazytopper/src/data/questionBanks/class10/science/how-do-organisms-reproduce.chapterwise.ts:203,no-step-marks,"1 steps, no [N mark] prefixes",low,no
SCQ-S-REPR-026,bank,how-do-organisms-reproduce,lazytopper/src/data/questionBanks/class10/science/how-do-organisms-reproduce.chapterwise.ts:203,no-finalAnswer,finalAnswer missing/empty,medium,no
SCQ-S-REPR-027,bank,how-do-organisms-reproduce,lazytopper/src/data/questionBanks/class10/science/how-do-organisms-reproduce.chapterwise.ts:209,no-step-marks,"1 steps, no [N mark] prefixes",low,no
SCQ-S-REPR-027,bank,how-do-organisms-reproduce,lazytopper/src/data/questionBanks/class10/science/how-do-organisms-reproduce.chapterwise.ts:209,no-finalAnswer,finalAnswer missing/empty,medium,no
SCQ-S-REPR-028,bank,how-do-organisms-reproduce,lazytopper/src/data/questionBanks/class10/science/how-do-organisms-reproduce.chapterwise.ts:215,no-step-marks,"1 steps, no [N mark] prefixes",low,no
SCQ-S-REPR-028,bank,how-do-organisms-reproduce,lazytopper/src/data/questionBanks/class10/science/how-do-organisms-reproduce.chapterwise.ts:215,no-finalAnswer,finalAnswer missing/empty,medium,no
SCQ-S-REPR-029,bank,how-do-organisms-reproduce,lazytopper/src/data/questionBanks/class10/science/how-do-organisms-reproduce.chapterwise.ts:221,no-step-marks,"1 steps, no [N mark] prefixes",low,no
SCQ-S-REPR-029,bank,how-do-organisms-reproduce,lazytopper/src/data/questionBanks/class10/science/how-do-organisms-reproduce.chapterwise.ts:221,no-finalAnswer,finalAnswer missing/empty,medium,no
SCQ-S-REPR-030,bank,how-do-organisms-reproduce,lazytopper/src/data/questionBanks/class10/science/how-do-organisms-reproduce.chapterwise.ts:227,no-step-marks,"1 steps, no [N mark] prefixes",low,no
SCQ-S-REPR-030,bank,how-do-organisms-reproduce,lazytopper/src/data/questionBanks/class10/science/how-do-organisms-reproduce.chapterwise.ts:227,no-finalAnswer,finalAnswer missing/empty,medium,no
SCQ-S-REPR-031,bank,how-do-organisms-reproduce,lazytopper/src/data/questionBanks/class10/science/how-do-organisms-reproduce.chapterwise.ts:233,no-step-marks,"1 steps, no [N mark] prefixes",low,no
SCQ-S-REPR-031,bank,how-do-organisms-reproduce,lazytopper/src/data/questionBanks/class10/science/how-do-organisms-reproduce.chapterwise.ts:233,no-finalAnswer,finalAnswer missing/empty,medium,no
SCQ-S-REPR-032,bank,how-do-organisms-reproduce,lazytopper/src/data/questionBanks/class10/science/how-do-organisms-reproduce.chapterwise.ts:239,no-step-marks,"1 steps, no [N mark] prefixes",low,no
SCQ-S-REPR-032,bank,how-do-organisms-reproduce,lazytopper/src/data/questionBanks/class10/science/how-do-organisms-reproduce.chapterwise.ts:239,no-finalAnswer,finalAnswer missing/empty,medium,no
SCQ-S-REPR-033,bank,how-do-organisms-reproduce,lazytopper/src/data/questionBanks/class10/science/how-do-organisms-reproduce.chapterwise.ts:245,no-step-marks,"1 steps, no [N mark] prefixes",low,no
SCQ-S-REPR-033,bank,how-do-organisms-reproduce,lazytopper/src/data/questionBanks/class10/science/how-do-organisms-reproduce.chapterwise.ts:245,no-finalAnswer,finalAnswer missing/empty,medium,no
SCQ-S-REPR-034,bank,how-do-organisms-reproduce,lazytopper/src/data/questionBanks/class10/science/how-do-organisms-reproduce.chapterwise.ts:251,no-step-marks,"1 steps, no [N mark] prefixes",low,no
SCQ-S-REPR-034,bank,how-do-organisms-reproduce,lazytopper/src/data/questionBanks/class10/science/how-do-organisms-reproduce.chapterwise.ts:251,no-finalAnswer,finalAnswer missing/empty,medium,no
SCQ-S-REPR-035,bank,how-do-organisms-reproduce,lazytopper/src/data/questionBanks/class10/science/how-do-organisms-reproduce.chapterwise.ts:257,no-step-marks,"1 steps, no [N mark] prefixes",low,no
SCQ-S-REPR-035,bank,how-do-organisms-reproduce,lazytopper/src/data/questionBanks/class10/science/how-do-organisms-reproduce.chapterwise.ts:257,no-finalAnswer,finalAnswer missing/empty,medium,no
SCQ-S-REPR-036,bank,how-do-organisms-reproduce,lazytopper/src/data/questionBanks/class10/science/how-do-organisms-reproduce.chapterwise.ts:263,no-step-marks,"3 steps, no [N mark] prefixes",low,no
SCQ-S-REPR-037,bank,how-do-organisms-reproduce,lazytopper/src/data/questionBanks/class10/science/how-do-organisms-reproduce.chapterwise.ts:271,no-step-marks,"1 steps, no [N mark] prefixes",low,no
SCQ-S-REPR-037,bank,how-do-organisms-reproduce,lazytopper/src/data/questionBanks/class10/science/how-do-organisms-reproduce.chapterwise.ts:271,no-finalAnswer,finalAnswer missing/empty,medium,no
SCQ-S-REPR-038,bank,how-do-organisms-reproduce,lazytopper/src/data/questionBanks/class10/science/how-do-organisms-reproduce.chapterwise.ts:277,no-step-marks,"3 steps, no [N mark] prefixes",low,no
SCQ-S-REPR-039,bank,how-do-organisms-reproduce,lazytopper/src/data/questionBanks/class10/science/how-do-organisms-reproduce.chapterwise.ts:285,no-finalAnswer,finalAnswer missing/empty,medium,no
SCQ-S-REPR-040,bank,how-do-organisms-reproduce,lazytopper/src/data/questionBanks/class10/science/how-do-organisms-reproduce.chapterwise.ts:297,no-finalAnswer,finalAnswer missing/empty,medium,no
SCQ-S-REPR-041,bank,how-do-organisms-reproduce,lazytopper/src/data/questionBanks/class10/science/how-do-organisms-reproduce.chapterwise.ts:309,no-finalAnswer,finalAnswer missing/empty,medium,no
SCQ-S-REPR-042,bank,how-do-organisms-reproduce,lazytopper/src/data/questionBanks/class10/science/how-do-organisms-reproduce.chapterwise.ts:321,no-finalAnswer,finalAnswer missing/empty,medium,no
SCQ-S-REPR-043,bank,how-do-organisms-reproduce,lazytopper/src/data/questionBanks/class10/science/how-do-organisms-reproduce.chapterwise.ts:333,no-finalAnswer,finalAnswer missing/empty,medium,no
SCQ-S-REPR-044,bank,how-do-organisms-reproduce,lazytopper/src/data/questionBanks/class10/science/how-do-organisms-reproduce.chapterwise.ts:345,no-finalAnswer,finalAnswer missing/empty,medium,no
SCQ-S-HERED-021,bank,heredity,lazytopper/src/data/questionBanks/class10/science/heredity.chapterwise.ts:177,no-step-marks,"1 steps, no [N mark] prefixes",low,no
SCQ-S-HERED-021,bank,heredity,lazytopper/src/data/questionBanks/class10/science/heredity.chapterwise.ts:177,no-finalAnswer,finalAnswer missing/empty,medium,no
SCQ-S-HERED-022,bank,heredity,lazytopper/src/data/questionBanks/class10/science/heredity.chapterwise.ts:183,no-step-marks,"1 steps, no [N mark] prefixes",low,no
SCQ-S-HERED-022,bank,heredity,lazytopper/src/data/questionBanks/class10/science/heredity.chapterwise.ts:183,no-finalAnswer,finalAnswer missing/empty,medium,no
SCQ-S-HERED-023,bank,heredity,lazytopper/src/data/questionBanks/class10/science/heredity.chapterwise.ts:189,no-step-marks,"1 steps, no [N mark] prefixes",low,no
SCQ-S-HERED-023,bank,heredity,lazytopper/src/data/questionBanks/class10/science/heredity.chapterwise.ts:189,no-finalAnswer,finalAnswer missing/empty,medium,no
SCQ-S-HERED-024,bank,heredity,lazytopper/src/data/questionBanks/class10/science/heredity.chapterwise.ts:195,no-step-marks,"1 steps, no [N mark] prefixes",low,no
SCQ-S-HERED-024,bank,heredity,lazytopper/src/data/questionBanks/class10/science/heredity.chapterwise.ts:195,no-finalAnswer,finalAnswer missing/empty,medium,no
SCQ-S-HERED-025,bank,heredity,lazytopper/src/data/questionBanks/class10/science/heredity.chapterwise.ts:201,no-step-marks,"1 steps, no [N mark] prefixes",low,no
SCQ-S-HERED-025,bank,heredity,lazytopper/src/data/questionBanks/class10/science/heredity.chapterwise.ts:201,no-finalAnswer,finalAnswer missing/empty,medium,no
SCQ-S-HERED-026,bank,heredity,lazytopper/src/data/questionBanks/class10/science/heredity.chapterwise.ts:207,no-step-marks,"1 steps, no [N mark] prefixes",low,no
SCQ-S-HERED-026,bank,heredity,lazytopper/src/data/questionBanks/class10/science/heredity.chapterwise.ts:207,no-finalAnswer,finalAnswer missing/empty,medium,no
SCQ-S-HERED-027,bank,heredity,lazytopper/src/data/questionBanks/class10/science/heredity.chapterwise.ts:213,no-step-marks,"1 steps, no [N mark] prefixes",low,no
SCQ-S-HERED-027,bank,heredity,lazytopper/src/data/questionBanks/class10/science/heredity.chapterwise.ts:213,no-finalAnswer,finalAnswer missing/empty,medium,no
SCQ-S-HERED-028,bank,heredity,lazytopper/src/data/questionBanks/class10/science/heredity.chapterwise.ts:219,no-step-marks,"1 steps, no [N mark] prefixes",low,no
SCQ-S-HERED-028,bank,heredity,lazytopper/src/data/questionBanks/class10/science/heredity.chapterwise.ts:219,no-finalAnswer,finalAnswer missing/empty,medium,no
SCQ-S-HERED-030,bank,heredity,lazytopper/src/data/questionBanks/class10/science/heredity.chapterwise.ts:231,no-step-marks,"1 steps, no [N mark] prefixes",low,no
SCQ-S-HERED-030,bank,heredity,lazytopper/src/data/questionBanks/class10/science/heredity.chapterwise.ts:231,no-finalAnswer,finalAnswer missing/empty,medium,no
SCQ-S-HERED-031,bank,heredity,lazytopper/src/data/questionBanks/class10/science/heredity.chapterwise.ts:237,no-step-marks,"1 steps, no [N mark] prefixes",low,no
SCQ-S-HERED-031,bank,heredity,lazytopper/src/data/questionBanks/class10/science/heredity.chapterwise.ts:237,no-finalAnswer,finalAnswer missing/empty,medium,no
SCQ-S-HERED-032,bank,heredity,lazytopper/src/data/questionBanks/class10/science/heredity.chapterwise.ts:243,no-step-marks,"1 steps, no [N mark] prefixes",low,no
SCQ-S-HERED-032,bank,heredity,lazytopper/src/data/questionBanks/class10/science/heredity.chapterwise.ts:243,no-finalAnswer,finalAnswer missing/empty,medium,no
SCQ-S-HERED-033,bank,heredity,lazytopper/src/data/questionBanks/class10/science/heredity.chapterwise.ts:249,no-step-marks,"1 steps, no [N mark] prefixes",low,no
SCQ-S-HERED-033,bank,heredity,lazytopper/src/data/questionBanks/class10/science/heredity.chapterwise.ts:249,no-finalAnswer,finalAnswer missing/empty,medium,no
SCQ-S-HERED-034,bank,heredity,lazytopper/src/data/questionBanks/class10/science/heredity.chapterwise.ts:255,no-step-marks,"1 steps, no [N mark] prefixes",low,no
SCQ-S-HERED-034,bank,heredity,lazytopper/src/data/questionBanks/class10/science/heredity.chapterwise.ts:255,no-finalAnswer,finalAnswer missing/empty,medium,no
SCQ-S-HERED-035,bank,heredity,lazytopper/src/data/questionBanks/class10/science/heredity.chapterwise.ts:261,no-step-marks,"1 steps, no [N mark] prefixes",low,no
SCQ-S-HERED-035,bank,heredity,lazytopper/src/data/questionBanks/class10/science/heredity.chapterwise.ts:261,no-finalAnswer,finalAnswer missing/empty,medium,no
SCQ-S-HERED-036,bank,heredity,lazytopper/src/data/questionBanks/class10/science/heredity.chapterwise.ts:267,no-finalAnswer,finalAnswer missing/empty,medium,no
SCQ-S-HERED-038,bank,heredity,lazytopper/src/data/questionBanks/class10/science/heredity.chapterwise.ts:280,no-step-marks,"1 steps, no [N mark] prefixes",low,no
SCQ-S-HERED-038,bank,heredity,lazytopper/src/data/questionBanks/class10/science/heredity.chapterwise.ts:280,no-finalAnswer,finalAnswer missing/empty,medium,no
SCQ-S-HERED-039,bank,heredity,lazytopper/src/data/questionBanks/class10/science/heredity.chapterwise.ts:286,no-finalAnswer,finalAnswer missing/empty,medium,no
SCQ-S-HERED-040,bank,heredity,lazytopper/src/data/questionBanks/class10/science/heredity.chapterwise.ts:298,no-finalAnswer,finalAnswer missing/empty,medium,no
SCO-S-LIGHT-005,bank,light-reflection-and-refraction,lazytopper/src/data/questionBanks/class10/science/light-reflection-and-refraction.chapterwise.ts:44,figure-unbound,stem: figure,high,no
SCQ-S-LIGHT-021,bank,light-reflection-and-refraction,lazytopper/src/data/questionBanks/class10/science/light-reflection-and-refraction.chapterwise.ts:174,no-finalAnswer,finalAnswer missing/empty,medium,no
SCQ-S-LIGHT-023,bank,light-reflection-and-refraction,lazytopper/src/data/questionBanks/class10/science/light-reflection-and-refraction.chapterwise.ts:186,no-finalAnswer,finalAnswer missing/empty,medium,no
SCQ-S-LIGHT-024,bank,light-reflection-and-refraction,lazytopper/src/data/questionBanks/class10/science/light-reflection-and-refraction.chapterwise.ts:192,no-finalAnswer,finalAnswer missing/empty,medium,no
SCQ-S-LIGHT-025,bank,light-reflection-and-refraction,lazytopper/src/data/questionBanks/class10/science/light-reflection-and-refraction.chapterwise.ts:198,no-finalAnswer,finalAnswer missing/empty,medium,no
SCQ-S-LIGHT-026,bank,light-reflection-and-refraction,lazytopper/src/data/questionBanks/class10/science/light-reflection-and-refraction.chapterwise.ts:204,no-finalAnswer,finalAnswer missing/empty,medium,no
SCQ-S-LIGHT-027,bank,light-reflection-and-refraction,lazytopper/src/data/questionBanks/class10/science/light-reflection-and-refraction.chapterwise.ts:210,no-finalAnswer,finalAnswer missing/empty,medium,no
SCQ-S-LIGHT-028,bank,light-reflection-and-refraction,lazytopper/src/data/questionBanks/class10/science/light-reflection-and-refraction.chapterwise.ts:216,no-finalAnswer,finalAnswer missing/empty,medium,no
SCQ-S-LIGHT-029,bank,light-reflection-and-refraction,lazytopper/src/data/questionBanks/class10/science/light-reflection-and-refraction.chapterwise.ts:222,no-finalAnswer,finalAnswer missing/empty,medium,no
SCQ-S-LIGHT-030,bank,light-reflection-and-refraction,lazytopper/src/data/questionBanks/class10/science/light-reflection-and-refraction.chapterwise.ts:228,no-finalAnswer,finalAnswer missing/empty,medium,no
SCQ-S-LIGHT-031,bank,light-reflection-and-refraction,lazytopper/src/data/questionBanks/class10/science/light-reflection-and-refraction.chapterwise.ts:234,no-finalAnswer,finalAnswer missing/empty,medium,no
SCQ-S-LIGHT-032,bank,light-reflection-and-refraction,lazytopper/src/data/questionBanks/class10/science/light-reflection-and-refraction.chapterwise.ts:240,no-finalAnswer,finalAnswer missing/empty,medium,no
SCQ-S-LIGHT-033,bank,light-reflection-and-refraction,lazytopper/src/data/questionBanks/class10/science/light-reflection-and-refraction.chapterwise.ts:246,no-finalAnswer,finalAnswer missing/empty,medium,no
SCQ-S-LIGHT-035,bank,light-reflection-and-refraction,lazytopper/src/data/questionBanks/class10/science/light-reflection-and-refraction.chapterwise.ts:258,no-finalAnswer,finalAnswer missing/empty,medium,no
SCQ-S-LIGHT-038,bank,light-reflection-and-refraction,lazytopper/src/data/questionBanks/class10/science/light-reflection-and-refraction.chapterwise.ts:276,no-finalAnswer,finalAnswer missing/empty,medium,no
SCQ-S-LIGHT-039,bank,light-reflection-and-refraction,lazytopper/src/data/questionBanks/class10/science/light-reflection-and-refraction.chapterwise.ts:282,no-finalAnswer,finalAnswer missing/empty,medium,no
SCQ-S-LIGHT-040,bank,light-reflection-and-refraction,lazytopper/src/data/questionBanks/class10/science/light-reflection-and-refraction.chapterwise.ts:294,no-finalAnswer,finalAnswer missing/empty,medium,no
SCQ-S-LIGHT-041,bank,light-reflection-and-refraction,lazytopper/src/data/questionBanks/class10/science/light-reflection-and-refraction.chapterwise.ts:306,no-finalAnswer,finalAnswer missing/empty,medium,no
SCQ-S-LIGHT-042,bank,light-reflection-and-refraction,lazytopper/src/data/questionBanks/class10/science/light-reflection-and-refraction.chapterwise.ts:318,no-finalAnswer,finalAnswer missing/empty,medium,no
SCQ-S-LIGHT-043,bank,light-reflection-and-refraction,lazytopper/src/data/questionBanks/class10/science/light-reflection-and-refraction.chapterwise.ts:330,no-finalAnswer,finalAnswer missing/empty,medium,no
SCQ-S-LIGHT-044,bank,light-reflection-and-refraction,lazytopper/src/data/questionBanks/class10/science/light-reflection-and-refraction.chapterwise.ts:342,no-finalAnswer,finalAnswer missing/empty,medium,no
SCQ-S-EYE-021,bank,human-eye-and-colourful-world,lazytopper/src/data/questionBanks/class10/science/human-eye-and-colourful-world.chapterwise.ts:176,no-step-marks,"1 steps, no [N mark] prefixes",low,no
SCQ-S-EYE-021,bank,human-eye-and-colourful-world,lazytopper/src/data/questionBanks/class10/science/human-eye-and-colourful-world.chapterwise.ts:176,no-finalAnswer,finalAnswer missing/empty,medium,no
SCQ-S-EYE-022,bank,human-eye-and-colourful-world,lazytopper/src/data/questionBanks/class10/science/human-eye-and-colourful-world.chapterwise.ts:182,no-step-marks,"1 steps, no [N mark] prefixes",low,no
SCQ-S-EYE-022,bank,human-eye-and-colourful-world,lazytopper/src/data/questionBanks/class10/science/human-eye-and-colourful-world.chapterwise.ts:182,no-finalAnswer,finalAnswer missing/empty,medium,no
SCQ-S-EYE-023,bank,human-eye-and-colourful-world,lazytopper/src/data/questionBanks/class10/science/human-eye-and-colourful-world.chapterwise.ts:188,no-step-marks,"1 steps, no [N mark] prefixes",low,no
SCQ-S-EYE-023,bank,human-eye-and-colourful-world,lazytopper/src/data/questionBanks/class10/science/human-eye-and-colourful-world.chapterwise.ts:188,no-finalAnswer,finalAnswer missing/empty,medium,no
SCQ-S-EYE-024,bank,human-eye-and-colourful-world,lazytopper/src/data/questionBanks/class10/science/human-eye-and-colourful-world.chapterwise.ts:194,no-step-marks,"1 steps, no [N mark] prefixes",low,no
SCQ-S-EYE-024,bank,human-eye-and-colourful-world,lazytopper/src/data/questionBanks/class10/science/human-eye-and-colourful-world.chapterwise.ts:194,no-finalAnswer,finalAnswer missing/empty,medium,no
SCQ-S-EYE-025,bank,human-eye-and-colourful-world,lazytopper/src/data/questionBanks/class10/science/human-eye-and-colourful-world.chapterwise.ts:200,no-step-marks,"1 steps, no [N mark] prefixes",low,no
SCQ-S-EYE-025,bank,human-eye-and-colourful-world,lazytopper/src/data/questionBanks/class10/science/human-eye-and-colourful-world.chapterwise.ts:200,no-finalAnswer,finalAnswer missing/empty,medium,no
SCQ-S-EYE-026,bank,human-eye-and-colourful-world,lazytopper/src/data/questionBanks/class10/science/human-eye-and-colourful-world.chapterwise.ts:206,no-step-marks,"1 steps, no [N mark] prefixes",low,no
SCQ-S-EYE-026,bank,human-eye-and-colourful-world,lazytopper/src/data/questionBanks/class10/science/human-eye-and-colourful-world.chapterwise.ts:206,no-finalAnswer,finalAnswer missing/empty,medium,no
SCQ-S-EYE-027,bank,human-eye-and-colourful-world,lazytopper/src/data/questionBanks/class10/science/human-eye-and-colourful-world.chapterwise.ts:212,no-step-marks,"2 steps, no [N mark] prefixes",low,no
SCQ-S-EYE-027,bank,human-eye-and-colourful-world,lazytopper/src/data/questionBanks/class10/science/human-eye-and-colourful-world.chapterwise.ts:212,no-finalAnswer,finalAnswer missing/empty,medium,no
SCQ-S-EYE-028,bank,human-eye-and-colourful-world,lazytopper/src/data/questionBanks/class10/science/human-eye-and-colourful-world.chapterwise.ts:219,no-step-marks,"1 steps, no [N mark] prefixes",low,no
SCQ-S-EYE-028,bank,human-eye-and-colourful-world,lazytopper/src/data/questionBanks/class10/science/human-eye-and-colourful-world.chapterwise.ts:219,no-finalAnswer,finalAnswer missing/empty,medium,no
SCQ-S-EYE-030,bank,human-eye-and-colourful-world,lazytopper/src/data/questionBanks/class10/science/human-eye-and-colourful-world.chapterwise.ts:233,no-step-marks,"1 steps, no [N mark] prefixes",low,no
SCQ-S-EYE-030,bank,human-eye-and-colourful-world,lazytopper/src/data/questionBanks/class10/science/human-eye-and-colourful-world.chapterwise.ts:233,no-finalAnswer,finalAnswer missing/empty,medium,no
SCQ-S-EYE-031,bank,human-eye-and-colourful-world,lazytopper/src/data/questionBanks/class10/science/human-eye-and-colourful-world.chapterwise.ts:239,no-step-marks,"1 steps, no [N mark] prefixes",low,no
SCQ-S-EYE-031,bank,human-eye-and-colourful-world,lazytopper/src/data/questionBanks/class10/science/human-eye-and-colourful-world.chapterwise.ts:239,no-finalAnswer,finalAnswer missing/empty,medium,no
SCQ-S-EYE-032,bank,human-eye-and-colourful-world,lazytopper/src/data/questionBanks/class10/science/human-eye-and-colourful-world.chapterwise.ts:245,no-step-marks,"1 steps, no [N mark] prefixes",low,no
SCQ-S-EYE-032,bank,human-eye-and-colourful-world,lazytopper/src/data/questionBanks/class10/science/human-eye-and-colourful-world.chapterwise.ts:245,no-finalAnswer,finalAnswer missing/empty,medium,no
SCO-S-ELEC-012,bank,electricity,lazytopper/src/data/questionBanks/class10/science/electricity.chapterwise.ts:100,figure-unbound,stem: shown in the,high,no
SCO-S-ELEC-013,bank,electricity,lazytopper/src/data/questionBanks/class10/science/electricity.chapterwise.ts:109,figure-unbound,stem: shown in the,high,no
SCQ-S-ELEC-018,bank,electricity,lazytopper/src/data/questionBanks/class10/science/electricity.chapterwise.ts:150,no-finalAnswer,finalAnswer missing/empty,medium,no
SCQ-S-ELEC-019,bank,electricity,lazytopper/src/data/questionBanks/class10/science/electricity.chapterwise.ts:156,no-finalAnswer,finalAnswer missing/empty,medium,no
SCQ-S-ELEC-020,bank,electricity,lazytopper/src/data/questionBanks/class10/science/electricity.chapterwise.ts:162,no-finalAnswer,finalAnswer missing/empty,medium,no
SCQ-S-ELEC-021,bank,electricity,lazytopper/src/data/questionBanks/class10/science/electricity.chapterwise.ts:168,no-finalAnswer,finalAnswer missing/empty,medium,no
SCQ-S-ELEC-022,bank,electricity,lazytopper/src/data/questionBanks/class10/science/electricity.chapterwise.ts:174,no-finalAnswer,finalAnswer missing/empty,medium,no
SCQ-S-ELEC-023,bank,electricity,lazytopper/src/data/questionBanks/class10/science/electricity.chapterwise.ts:180,no-finalAnswer,finalAnswer missing/empty,medium,no
SCQ-S-ELEC-024,bank,electricity,lazytopper/src/data/questionBanks/class10/science/electricity.chapterwise.ts:186,no-finalAnswer,finalAnswer missing/empty,medium,no
SCQ-S-ELEC-025,bank,electricity,lazytopper/src/data/questionBanks/class10/science/electricity.chapterwise.ts:192,no-finalAnswer,finalAnswer missing/empty,medium,no
SCQ-S-ELEC-026,bank,electricity,lazytopper/src/data/questionBanks/class10/science/electricity.chapterwise.ts:198,no-finalAnswer,finalAnswer missing/empty,medium,no
SCQ-S-ELEC-027,bank,electricity,lazytopper/src/data/questionBanks/class10/science/electricity.chapterwise.ts:204,no-finalAnswer,finalAnswer missing/empty,medium,no
SCQ-S-ELEC-028,bank,electricity,lazytopper/src/data/questionBanks/class10/science/electricity.chapterwise.ts:210,no-finalAnswer,finalAnswer missing/empty,medium,no
SCQ-S-ELEC-029,bank,electricity,lazytopper/src/data/questionBanks/class10/science/electricity.chapterwise.ts:216,no-finalAnswer,finalAnswer missing/empty,medium,no
SCQ-S-ELEC-030,bank,electricity,lazytopper/src/data/questionBanks/class10/science/electricity.chapterwise.ts:222,no-finalAnswer,finalAnswer missing/empty,medium,no
SCQ-S-ELEC-031,bank,electricity,lazytopper/src/data/questionBanks/class10/science/electricity.chapterwise.ts:228,no-finalAnswer,finalAnswer missing/empty,medium,no
SCQ-S-ELEC-032,bank,electricity,lazytopper/src/data/questionBanks/class10/science/electricity.chapterwise.ts:234,no-finalAnswer,finalAnswer missing/empty,medium,no
SCQ-S-ELEC-032,bank,electricity,lazytopper/src/data/questionBanks/class10/science/electricity.chapterwise.ts:234,figure-unbound,stem: shown in the,high,no
SCQ-S-ELEC-033,bank,electricity,lazytopper/src/data/questionBanks/class10/science/electricity.chapterwise.ts:240,no-finalAnswer,finalAnswer missing/empty,medium,no
SCQ-S-ELEC-035,bank,electricity,lazytopper/src/data/questionBanks/class10/science/electricity.chapterwise.ts:252,no-finalAnswer,finalAnswer missing/empty,medium,no
SCQ-S-ELEC-041,bank,electricity,lazytopper/src/data/questionBanks/class10/science/electricity.chapterwise.ts:323,figure-unbound,stem: shown below,high,no
SCQ-S-MAG-021,bank,magnetic-effects-of-electric-current,lazytopper/src/data/questionBanks/class10/science/magnetic-effects-of-electric-current.chapterwise.ts:176,no-step-marks,"1 steps, no [N mark] prefixes",low,no
SCQ-S-MAG-021,bank,magnetic-effects-of-electric-current,lazytopper/src/data/questionBanks/class10/science/magnetic-effects-of-electric-current.chapterwise.ts:176,no-finalAnswer,finalAnswer missing/empty,medium,no
SCQ-S-MAG-022,bank,magnetic-effects-of-electric-current,lazytopper/src/data/questionBanks/class10/science/magnetic-effects-of-electric-current.chapterwise.ts:182,no-step-marks,"1 steps, no [N mark] prefixes",low,no
SCQ-S-MAG-022,bank,magnetic-effects-of-electric-current,lazytopper/src/data/questionBanks/class10/science/magnetic-effects-of-electric-current.chapterwise.ts:182,no-finalAnswer,finalAnswer missing/empty,medium,no
SCQ-S-MAG-023,bank,magnetic-effects-of-electric-current,lazytopper/src/data/questionBanks/class10/science/magnetic-effects-of-electric-current.chapterwise.ts:188,no-step-marks,"1 steps, no [N mark] prefixes",low,no
SCQ-S-MAG-023,bank,magnetic-effects-of-electric-current,lazytopper/src/data/questionBanks/class10/science/magnetic-effects-of-electric-current.chapterwise.ts:188,no-finalAnswer,finalAnswer missing/empty,medium,no
SCQ-S-MAG-025,bank,magnetic-effects-of-electric-current,lazytopper/src/data/questionBanks/class10/science/magnetic-effects-of-electric-current.chapterwise.ts:200,no-step-marks,"1 steps, no [N mark] prefixes",low,no
SCQ-S-MAG-025,bank,magnetic-effects-of-electric-current,lazytopper/src/data/questionBanks/class10/science/magnetic-effects-of-electric-current.chapterwise.ts:200,no-finalAnswer,finalAnswer missing/empty,medium,no
SCQ-S-MAG-026,bank,magnetic-effects-of-electric-current,lazytopper/src/data/questionBanks/class10/science/magnetic-effects-of-electric-current.chapterwise.ts:206,no-step-marks,"1 steps, no [N mark] prefixes",low,no
SCQ-S-MAG-026,bank,magnetic-effects-of-electric-current,lazytopper/src/data/questionBanks/class10/science/magnetic-effects-of-electric-current.chapterwise.ts:206,no-finalAnswer,finalAnswer missing/empty,medium,no
SCQ-S-MAG-027,bank,magnetic-effects-of-electric-current,lazytopper/src/data/questionBanks/class10/science/magnetic-effects-of-electric-current.chapterwise.ts:212,no-step-marks,"1 steps, no [N mark] prefixes",low,no
SCQ-S-MAG-027,bank,magnetic-effects-of-electric-current,lazytopper/src/data/questionBanks/class10/science/magnetic-effects-of-electric-current.chapterwise.ts:212,no-finalAnswer,finalAnswer missing/empty,medium,no
SCQ-S-MAG-028,bank,magnetic-effects-of-electric-current,lazytopper/src/data/questionBanks/class10/science/magnetic-effects-of-electric-current.chapterwise.ts:218,no-step-marks,"1 steps, no [N mark] prefixes",low,no
SCQ-S-MAG-028,bank,magnetic-effects-of-electric-current,lazytopper/src/data/questionBanks/class10/science/magnetic-effects-of-electric-current.chapterwise.ts:218,no-finalAnswer,finalAnswer missing/empty,medium,no
SCQ-S-MAG-029,bank,magnetic-effects-of-electric-current,lazytopper/src/data/questionBanks/class10/science/magnetic-effects-of-electric-current.chapterwise.ts:224,no-step-marks,"1 steps, no [N mark] prefixes",low,no
SCQ-S-MAG-029,bank,magnetic-effects-of-electric-current,lazytopper/src/data/questionBanks/class10/science/magnetic-effects-of-electric-current.chapterwise.ts:224,no-finalAnswer,finalAnswer missing/empty,medium,no
SCQ-S-MAG-029,bank,magnetic-effects-of-electric-current,lazytopper/src/data/questionBanks/class10/science/magnetic-effects-of-electric-current.chapterwise.ts:224,figure-unbound,stem: figure,high,no
SCQ-S-MAG-030,bank,magnetic-effects-of-electric-current,lazytopper/src/data/questionBanks/class10/science/magnetic-effects-of-electric-current.chapterwise.ts:230,no-step-marks,"1 steps, no [N mark] prefixes",low,no
SCQ-S-MAG-030,bank,magnetic-effects-of-electric-current,lazytopper/src/data/questionBanks/class10/science/magnetic-effects-of-electric-current.chapterwise.ts:230,no-finalAnswer,finalAnswer missing/empty,medium,no
SCQ-S-MAG-031,bank,magnetic-effects-of-electric-current,lazytopper/src/data/questionBanks/class10/science/magnetic-effects-of-electric-current.chapterwise.ts:236,no-step-marks,"1 steps, no [N mark] prefixes",low,no
SCQ-S-MAG-031,bank,magnetic-effects-of-electric-current,lazytopper/src/data/questionBanks/class10/science/magnetic-effects-of-electric-current.chapterwise.ts:236,no-finalAnswer,finalAnswer missing/empty,medium,no
SCQ-S-MAG-032,bank,magnetic-effects-of-electric-current,lazytopper/src/data/questionBanks/class10/science/magnetic-effects-of-electric-current.chapterwise.ts:242,no-step-marks,"1 steps, no [N mark] prefixes",low,no
SCQ-S-MAG-032,bank,magnetic-effects-of-electric-current,lazytopper/src/data/questionBanks/class10/science/magnetic-effects-of-electric-current.chapterwise.ts:242,no-finalAnswer,finalAnswer missing/empty,medium,no
SCQ-S-MAG-034,bank,magnetic-effects-of-electric-current,lazytopper/src/data/questionBanks/class10/science/magnetic-effects-of-electric-current.chapterwise.ts:256,no-step-marks,"1 steps, no [N mark] prefixes",low,no
SCQ-S-MAG-034,bank,magnetic-effects-of-electric-current,lazytopper/src/data/questionBanks/class10/science/magnetic-effects-of-electric-current.chapterwise.ts:256,no-finalAnswer,finalAnswer missing/empty,medium,no
SCQ-S-MAG-035,bank,magnetic-effects-of-electric-current,lazytopper/src/data/questionBanks/class10/science/magnetic-effects-of-electric-current.chapterwise.ts:262,no-step-marks,"1 steps, no [N mark] prefixes",low,no
SCQ-S-MAG-035,bank,magnetic-effects-of-electric-current,lazytopper/src/data/questionBanks/class10/science/magnetic-effects-of-electric-current.chapterwise.ts:262,no-finalAnswer,finalAnswer missing/empty,medium,no
SCQ-S-MAG-036,bank,magnetic-effects-of-electric-current,lazytopper/src/data/questionBanks/class10/science/magnetic-effects-of-electric-current.chapterwise.ts:268,no-step-marks,"3 steps, no [N mark] prefixes",low,no
SCQ-S-MAG-037,bank,magnetic-effects-of-electric-current,lazytopper/src/data/questionBanks/class10/science/magnetic-effects-of-electric-current.chapterwise.ts:276,no-step-marks,"1 steps, no [N mark] prefixes",low,no
SCQ-S-MAG-037,bank,magnetic-effects-of-electric-current,lazytopper/src/data/questionBanks/class10/science/magnetic-effects-of-electric-current.chapterwise.ts:276,no-finalAnswer,finalAnswer missing/empty,medium,no
SCQ-S-MAG-038,bank,magnetic-effects-of-electric-current,lazytopper/src/data/questionBanks/class10/science/magnetic-effects-of-electric-current.chapterwise.ts:282,no-step-marks,"1 steps, no [N mark] prefixes",low,no
SCQ-S-MAG-038,bank,magnetic-effects-of-electric-current,lazytopper/src/data/questionBanks/class10/science/magnetic-effects-of-electric-current.chapterwise.ts:282,no-finalAnswer,finalAnswer missing/empty,medium,no
SCQ-S-MAG-039,bank,magnetic-effects-of-electric-current,lazytopper/src/data/questionBanks/class10/science/magnetic-effects-of-electric-current.chapterwise.ts:288,no-finalAnswer,finalAnswer missing/empty,medium,no
SCQ-S-MAG-040,bank,magnetic-effects-of-electric-current,lazytopper/src/data/questionBanks/class10/science/magnetic-effects-of-electric-current.chapterwise.ts:294,no-finalAnswer,finalAnswer missing/empty,medium,no
SCQ-S-MAG-040,bank,magnetic-effects-of-electric-current,lazytopper/src/data/questionBanks/class10/science/magnetic-effects-of-electric-current.chapterwise.ts:294,figure-unbound,stem: figure,high,no
SCQ-S-MAG-042,bank,magnetic-effects-of-electric-current,lazytopper/src/data/questionBanks/class10/science/magnetic-effects-of-electric-current.chapterwise.ts:306,no-finalAnswer,finalAnswer missing/empty,medium,no
SCQ-S-MAG-043,bank,magnetic-effects-of-electric-current,lazytopper/src/data/questionBanks/class10/science/magnetic-effects-of-electric-current.chapterwise.ts:312,no-finalAnswer,finalAnswer missing/empty,medium,no
SCQ-S-MAG-044,bank,magnetic-effects-of-electric-current,lazytopper/src/data/questionBanks/class10/science/magnetic-effects-of-electric-current.chapterwise.ts:318,no-finalAnswer,finalAnswer missing/empty,medium,no
SCQ-S-ENV-021,bank,our-environment,lazytopper/src/data/questionBanks/class10/science/our-environment.chapterwise.ts:175,no-step-marks,"2 steps, no [N mark] prefixes",low,no
SCQ-S-ENV-021,bank,our-environment,lazytopper/src/data/questionBanks/class10/science/our-environment.chapterwise.ts:175,no-finalAnswer,finalAnswer missing/empty,medium,no
SCQ-S-ENV-022,bank,our-environment,lazytopper/src/data/questionBanks/class10/science/our-environment.chapterwise.ts:182,no-step-marks,"1 steps, no [N mark] prefixes",low,no
SCQ-S-ENV-022,bank,our-environment,lazytopper/src/data/questionBanks/class10/science/our-environment.chapterwise.ts:182,no-finalAnswer,finalAnswer missing/empty,medium,no
SCQ-S-ENV-023,bank,our-environment,lazytopper/src/data/questionBanks/class10/science/our-environment.chapterwise.ts:188,no-step-marks,"2 steps, no [N mark] prefixes",low,no
SCQ-S-ENV-024,bank,our-environment,lazytopper/src/data/questionBanks/class10/science/our-environment.chapterwise.ts:196,no-step-marks,"1 steps, no [N mark] prefixes",low,no
SCQ-S-ENV-024,bank,our-environment,lazytopper/src/data/questionBanks/class10/science/our-environment.chapterwise.ts:196,no-finalAnswer,finalAnswer missing/empty,medium,no
SCQ-S-ENV-025,bank,our-environment,lazytopper/src/data/questionBanks/class10/science/our-environment.chapterwise.ts:202,no-finalAnswer,finalAnswer missing/empty,medium,no
SCQ-S-ENV-028,bank,our-environment,lazytopper/src/data/questionBanks/class10/science/our-environment.chapterwise.ts:209,no-step-marks,"1 steps, no [N mark] prefixes",low,no
SCQ-S-ENV-028,bank,our-environment,lazytopper/src/data/questionBanks/class10/science/our-environment.chapterwise.ts:209,no-finalAnswer,finalAnswer missing/empty,medium,no
SCQ-S-ENV-029,bank,our-environment,lazytopper/src/data/questionBanks/class10/science/our-environment.chapterwise.ts:215,no-step-marks,"1 steps, no [N mark] prefixes",low,no
SCQ-S-ENV-029,bank,our-environment,lazytopper/src/data/questionBanks/class10/science/our-environment.chapterwise.ts:215,no-finalAnswer,finalAnswer missing/empty,medium,no
SCQ-S-ENV-030,bank,our-environment,lazytopper/src/data/questionBanks/class10/science/our-environment.chapterwise.ts:221,no-step-marks,"1 steps, no [N mark] prefixes",low,no
SCQ-S-ENV-030,bank,our-environment,lazytopper/src/data/questionBanks/class10/science/our-environment.chapterwise.ts:221,no-finalAnswer,finalAnswer missing/empty,medium,no
SCQ-S-ENV-031,bank,our-environment,lazytopper/src/data/questionBanks/class10/science/our-environment.chapterwise.ts:228,no-step-marks,"3 steps, no [N mark] prefixes",low,no
SCQ-S-ENV-032,bank,our-environment,lazytopper/src/data/questionBanks/class10/science/our-environment.chapterwise.ts:236,no-step-marks,"1 steps, no [N mark] prefixes",low,no
SCQ-S-ENV-032,bank,our-environment,lazytopper/src/data/questionBanks/class10/science/our-environment.chapterwise.ts:236,no-finalAnswer,finalAnswer missing/empty,medium,no
SCQ-S-ENV-033,bank,our-environment,lazytopper/src/data/questionBanks/class10/science/our-environment.chapterwise.ts:242,no-step-marks,"1 steps, no [N mark] prefixes",low,no
SCQ-S-ENV-033,bank,our-environment,lazytopper/src/data/questionBanks/class10/science/our-environment.chapterwise.ts:242,no-finalAnswer,finalAnswer missing/empty,medium,no
SCQ-S-ENV-034,bank,our-environment,lazytopper/src/data/questionBanks/class10/science/our-environment.chapterwise.ts:248,no-step-marks,"1 steps, no [N mark] prefixes",low,no
SCQ-S-ENV-034,bank,our-environment,lazytopper/src/data/questionBanks/class10/science/our-environment.chapterwise.ts:248,no-finalAnswer,finalAnswer missing/empty,medium,no
SCQ-S-ENV-035,bank,our-environment,lazytopper/src/data/questionBanks/class10/science/our-environment.chapterwise.ts:254,no-step-marks,"1 steps, no [N mark] prefixes",low,no
SCQ-S-ENV-035,bank,our-environment,lazytopper/src/data/questionBanks/class10/science/our-environment.chapterwise.ts:254,no-finalAnswer,finalAnswer missing/empty,medium,no
SCQ-S-ENV-036,bank,our-environment,lazytopper/src/data/questionBanks/class10/science/our-environment.chapterwise.ts:260,no-step-marks,"1 steps, no [N mark] prefixes",low,no
SCQ-S-ENV-036,bank,our-environment,lazytopper/src/data/questionBanks/class10/science/our-environment.chapterwise.ts:260,no-finalAnswer,finalAnswer missing/empty,medium,no
SCQ-S-ENV-037,bank,our-environment,lazytopper/src/data/questionBanks/class10/science/our-environment.chapterwise.ts:266,no-step-marks,"1 steps, no [N mark] prefixes",low,no
SCQ-S-ENV-037,bank,our-environment,lazytopper/src/data/questionBanks/class10/science/our-environment.chapterwise.ts:266,no-finalAnswer,finalAnswer missing/empty,medium,no
SCQ-S-ENV-038,bank,our-environment,lazytopper/src/data/questionBanks/class10/science/our-environment.chapterwise.ts:272,no-step-marks,"3 steps, no [N mark] prefixes",low,no
PYQ-S-CARB-003,bank,carbon-and-its-compounds,lazytopper/src/data/questionBanks/class10/science/carbon-and-its-compounds.pyq.ts:28,no-step-marks,"6 steps, no [N mark] prefixes",low,no
PYQ-S-LIFE-013,bank,life-processes,lazytopper/src/data/questionBanks/class10/science/life-processes.pyq.ts:105,no-step-marks,"7 steps, no [N mark] prefixes",low,no
PYQ-S-CTRL-004,bank,control-and-coordination,lazytopper/src/data/questionBanks/class10/science/control-and-coordination.pyq.ts:34,no-step-marks,"1 steps, no [N mark] prefixes",low,no
PYQ-S-CTRL-005,bank,control-and-coordination,lazytopper/src/data/questionBanks/class10/science/control-and-coordination.pyq.ts:41,no-step-marks,"1 steps, no [N mark] prefixes",low,no
PYQ-S-CTRL-006,bank,control-and-coordination,lazytopper/src/data/questionBanks/class10/science/control-and-coordination.pyq.ts:48,no-step-marks,"4 steps, no [N mark] prefixes",low,no
PYQ-S-CTRL-008,bank,control-and-coordination,lazytopper/src/data/questionBanks/class10/science/control-and-coordination.pyq.ts:63,step-marks-sum,sum=7 marks=5,medium,no
PYQ-S-REPR-004,bank,how-do-organisms-reproduce,lazytopper/src/data/questionBanks/class10/science/how-do-organisms-reproduce.pyq.ts:36,no-step-marks,"8 steps, no [N mark] prefixes",low,no
PYQ-S-REPR-005,bank,how-do-organisms-reproduce,lazytopper/src/data/questionBanks/class10/science/how-do-organisms-reproduce.pyq.ts:43,no-step-marks,"8 steps, no [N mark] prefixes",low,no
PYQ-S-REPR-006,bank,how-do-organisms-reproduce,lazytopper/src/data/questionBanks/class10/science/how-do-organisms-reproduce.pyq.ts:50,step-marks-sum,sum=5 marks=4,medium,no
PYQ-S-HERED-002,bank,heredity,lazytopper/src/data/questionBanks/class10/science/heredity.pyq.ts:20,no-step-marks,"2 steps, no [N mark] prefixes",low,no
PYQ-S-EYE-001,bank,human-eye-and-colourful-world,lazytopper/src/data/questionBanks/class10/science/human-eye-and-colourful-world.pyq.ts:11,no-step-marks,"3 steps, no [N mark] prefixes",low,no
PYQ-S-EYE-003,bank,human-eye-and-colourful-world,lazytopper/src/data/questionBanks/class10/science/human-eye-and-colourful-world.pyq.ts:25,step-marks-sum,sum=6 marks=3,medium,no
PYQ-S-EYE-004,bank,human-eye-and-colourful-world,lazytopper/src/data/questionBanks/class10/science/human-eye-and-colourful-world.pyq.ts:33,no-step-marks,"3 steps, no [N mark] prefixes",low,no
PYQ-S-MAG-006,bank,magnetic-effects-of-electric-current,lazytopper/src/data/questionBanks/class10/science/magnetic-effects-of-electric-current.pyq.ts:53,no-step-marks,"2 steps, no [N mark] prefixes",low,no
PYQ-S-MAG-009,bank,magnetic-effects-of-electric-current,lazytopper/src/data/questionBanks/class10/science/magnetic-effects-of-electric-current.pyq.ts:76,no-step-marks,"4 steps, no [N mark] prefixes",low,no
PYQ-S-ENV-001,bank,our-environment,lazytopper/src/data/questionBanks/class10/science/our-environment.pyq.ts:11,no-step-marks,"2 steps, no [N mark] prefixes",low,no
PYQ-S-ENV-002,bank,our-environment,lazytopper/src/data/questionBanks/class10/science/our-environment.pyq.ts:19,no-step-marks,"2 steps, no [N mark] prefixes",low,no
PYQ-S-ENV-005,bank,our-environment,lazytopper/src/data/questionBanks/class10/science/our-environment.pyq.ts:40,no-step-marks,"3 steps, no [N mark] prefixes",low,no
PYQ-S-ENV-006,bank,our-environment,lazytopper/src/data/questionBanks/class10/science/our-environment.pyq.ts:48,no-step-marks,"3 steps, no [N mark] prefixes",low,no
PYQ-M-RN-003,bank,real-numbers,lazytopper/src/data/questionBanks/class10/maths/real-numbers.pyq.ts:28,no-step-marks,"1 steps, no [N mark] prefixes",low,no
PYQ-M-RN-004,bank,real-numbers,lazytopper/src/data/questionBanks/class10/maths/real-numbers.pyq.ts:35,no-step-marks,"3 steps, no [N mark] prefixes",low,no
PYQ-M-RN-005,bank,real-numbers,lazytopper/src/data/questionBanks/class10/maths/real-numbers.pyq.ts:42,no-step-marks,"1 steps, no [N mark] prefixes",low,no
PYQ-M-QE-005,bank,quadratic-equations,lazytopper/src/data/questionBanks/class10/maths/quadratic-equations.pyq.ts:47,no-step-marks,"4 steps, no [N mark] prefixes",low,no
PYQ-M-QE-006,bank,quadratic-equations,lazytopper/src/data/questionBanks/class10/maths/quadratic-equations.pyq.ts:55,no-step-marks,"3 steps, no [N mark] prefixes",low,no
PYQ-M-QE-008,bank,quadratic-equations,lazytopper/src/data/questionBanks/class10/maths/quadratic-equations.pyq.ts:71,no-step-marks,"4 steps, no [N mark] prefixes",low,no
PYQ-M-AP-002,bank,arithmetic-progression,lazytopper/src/data/questionBanks/class10/maths/arithmetic-progression.pyq.ts:19,step-marks-sum,sum=6 marks=3,medium,no
PYQ-M-AP-004,bank,arithmetic-progression,lazytopper/src/data/questionBanks/class10/maths/arithmetic-progression.pyq.ts:34,no-step-marks,"1 steps, no [N mark] prefixes",low,no
PYQ-M-CG-003,bank,coordinate-geometry,lazytopper/src/data/questionBanks/class10/maths/coordinate-geometry.pyq.ts:27,no-step-marks,"1 steps, no [N mark] prefixes",low,no
PYQ-M-CG-007,bank,coordinate-geometry,lazytopper/src/data/questionBanks/class10/maths/coordinate-geometry.pyq.ts:58,no-step-marks,"2 steps, no [N mark] prefixes",low,no
PYQ-M-TRIG-004,bank,trigonometry,lazytopper/src/data/questionBanks/class10/maths/trigonometry.pyq.ts:34,no-step-marks,"2 steps, no [N mark] prefixes",low,no
PYQ-M-CIRC-009,bank,circles,lazytopper/src/data/questionBanks/class10/maths/circles.pyq.ts:75,no-step-marks,"2 steps, no [N mark] prefixes",low,no
PYQ-M-CIRC-010,bank,circles,lazytopper/src/data/questionBanks/class10/maths/circles.pyq.ts:83,no-step-marks,"2 steps, no [N mark] prefixes",low,no
PYQ-M-CIRC-012,bank,circles,lazytopper/src/data/questionBanks/class10/maths/circles.pyq.ts:98,no-step-marks,"1 steps, no [N mark] prefixes",low,no
PYQ-M-CIRC-014,bank,circles,lazytopper/src/data/questionBanks/class10/maths/circles.pyq.ts:112,no-step-marks,"3 steps, no [N mark] prefixes",low,no
PYQ-M-CIRC-015,bank,circles,lazytopper/src/data/questionBanks/class10/maths/circles.pyq.ts:119,no-step-marks,"3 steps, no [N mark] prefixes",low,no
PYQ-M-PROB-011,bank,probability,lazytopper/src/data/questionBanks/class10/maths/probability.pyq.ts:94,no-step-marks,"3 steps, no [N mark] prefixes",low,no
PYQ-M-2026-REALNUM-001,bank,real-numbers,lazytopper/src/data/questionBanks/class10/maths/real-numbers.pyq2026.ts:12,no-step-marks,"2 steps, no [N mark] prefixes",low,no
PYQ-M-2026-REALNUM-002,bank,real-numbers,lazytopper/src/data/questionBanks/class10/maths/real-numbers.pyq2026.ts:19,no-step-marks,"1 steps, no [N mark] prefixes",low,no
PYQ-M-2026-REALNUM-003,bank,real-numbers,lazytopper/src/data/questionBanks/class10/maths/real-numbers.pyq2026.ts:26,no-step-marks,"2 steps, no [N mark] prefixes",low,no
PYQ-M-2026-REALNUM-004,bank,real-numbers,lazytopper/src/data/questionBanks/class10/maths/real-numbers.pyq2026.ts:33,no-step-marks,"2 steps, no [N mark] prefixes",low,no
PYQ-M-2026-REALNUM-005,bank,real-numbers,lazytopper/src/data/questionBanks/class10/maths/real-numbers.pyq2026.ts:40,no-step-marks,"4 steps, no [N mark] prefixes",low,no
PYQ-M-2026-POLY-003,bank,polynomials,lazytopper/src/data/questionBanks/class10/maths/polynomials.pyq2026.ts:29,no-step-marks,"2 steps, no [N mark] prefixes",low,no
PYQ-M-2026-PLE-004,bank,pair-of-linear-equations,lazytopper/src/data/questionBanks/class10/maths/pair-of-linear-equations.pyq2026.ts:36,no-step-marks,"2 steps, no [N mark] prefixes",low,no
PYQ-M-2026-PLE-005,bank,pair-of-linear-equations,lazytopper/src/data/questionBanks/class10/maths/pair-of-linear-equations.pyq2026.ts:43,no-step-marks,"2 steps, no [N mark] prefixes",low,no
PYQ-M-2026-QE-001,bank,quadratic-equations,lazytopper/src/data/questionBanks/class10/maths/quadratic-equations.pyq2026.ts:12,no-step-marks,"3 steps, no [N mark] prefixes",low,no
PYQ-M-2026-AP-001,bank,arithmetic-progression,lazytopper/src/data/questionBanks/class10/maths/arithmetic-progression.pyq2026.ts:12,figure-unbound,stem: shown below,high,no
PYQ-M-2026-TRI-002,bank,circles,lazytopper/src/data/questionBanks/class10/maths/triangles.pyq2026.ts:21,no-step-marks,"3 steps, no [N mark] prefixes",low,no
PYQ-M-2026-TRI-003,bank,triangles,lazytopper/src/data/questionBanks/class10/maths/triangles.pyq2026.ts:29,no-step-marks,"2 steps, no [N mark] prefixes",low,no
PYQ-M-2026-TRI-005,bank,triangles,lazytopper/src/data/questionBanks/class10/maths/triangles.pyq2026.ts:43,no-step-marks,"4 steps, no [N mark] prefixes",low,no
PYQ-M-2026-CG-003,bank,coordinate-geometry,lazytopper/src/data/questionBanks/class10/maths/coordinate-geometry.pyq2026.ts:28,no-step-marks,"4 steps, no [N mark] prefixes",low,no
PYQ-M-2026-CIRC-002,bank,areas-related-to-circles,lazytopper/src/data/questionBanks/class10/maths/circles.pyq2026.ts:20,no-step-marks,"4 steps, no [N mark] prefixes",low,no
PYQ-M-2026-CIRC-004,bank,areas-related-to-circles,lazytopper/src/data/questionBanks/class10/maths/circles.pyq2026.ts:35,no-step-marks,"4 steps, no [N mark] prefixes",low,no
PYQ-M-2026-STAT-001,bank,statistics,lazytopper/src/data/questionBanks/class10/maths/statistics.pyq2026.ts:12,no-step-marks,"1 steps, no [N mark] prefixes",low,no
PYQ-M-2026-PROB-001,bank,probability,lazytopper/src/data/questionBanks/class10/maths/probability.pyq2026.ts:12,no-step-marks,"3 steps, no [N mark] prefixes",low,no
PYQ-M-2026-PROB-002,bank,probability,lazytopper/src/data/questionBanks/class10/maths/probability.pyq2026.ts:21,no-step-marks,"4 steps, no [N mark] prefixes",low,no
PYQ-M-2024-REALNUM-002,bank,real-numbers,lazytopper/src/data/questionBanks/class10/maths/real-numbers.pyq2024.ts:21,no-step-marks,"2 steps, no [N mark] prefixes",low,no
PYQ-M-2024-REALNUM-003,bank,real-numbers,lazytopper/src/data/questionBanks/class10/maths/real-numbers.pyq2024.ts:28,no-step-marks,"3 steps, no [N mark] prefixes",low,no
PYQ-M-2024-POLY-003,bank,polynomials,lazytopper/src/data/questionBanks/class10/maths/polynomials.pyq2024.ts:29,no-step-marks,"2 steps, no [N mark] prefixes",low,no
PYQ-M-2024-POLY-004,bank,polynomials,lazytopper/src/data/questionBanks/class10/maths/polynomials.pyq2024.ts:37,no-step-marks,"2 steps, no [N mark] prefixes",low,no
PYQ-M-2024-POLY-005a,bank,polynomials,lazytopper/src/data/questionBanks/class10/maths/polynomials.pyq2024.ts:45,no-step-marks,"3 steps, no [N mark] prefixes",low,no
PYQ-M-2024-POLY-005b,bank,polynomials,lazytopper/src/data/questionBanks/class10/maths/polynomials.pyq2024.ts:53,no-step-marks,"3 steps, no [N mark] prefixes",low,no
PYQ-M-2024-POLY-006,bank,polynomials,lazytopper/src/data/questionBanks/class10/maths/polynomials.pyq2024.ts:61,no-step-marks,"3 steps, no [N mark] prefixes",low,no
PYQ-M-2024-POLY-007a,bank,polynomials,lazytopper/src/data/questionBanks/class10/maths/polynomials.pyq2024.ts:69,no-step-marks,"3 steps, no [N mark] prefixes",low,no
PYQ-M-2024-POLY-007b,bank,polynomials,lazytopper/src/data/questionBanks/class10/maths/polynomials.pyq2024.ts:77,no-step-marks,"3 steps, no [N mark] prefixes",low,no
PYQ-M-2024-AP-002a,bank,arithmetic-progression,lazytopper/src/data/questionBanks/class10/maths/arithmetic-progression.pyq2024.ts:20,no-step-marks,"1 steps, no [N mark] prefixes",low,no
PYQ-M-2024-TRI-003b,bank,coordinate-geometry,lazytopper/src/data/questionBanks/class10/maths/triangles.pyq2024.ts:29,no-step-marks,"2 steps, no [N mark] prefixes",low,no
PYQ-M-2024-TRIG-014,bank,trigonometry,lazytopper/src/data/questionBanks/class10/maths/trigonometry.pyq2024.ts:122,no-step-marks,"1 steps, no [N mark] prefixes",low,no
PYQ-M-2024-TRIG-018,bank,trigonometry,lazytopper/src/data/questionBanks/class10/maths/trigonometry.pyq2024.ts:153,no-step-marks,"1 steps, no [N mark] prefixes",low,no
PYQ-M-2024-TRIG-020,bank,trigonometry,lazytopper/src/data/questionBanks/class10/maths/trigonometry.pyq2024.ts:167,no-step-marks,"1 steps, no [N mark] prefixes",low,no
PYQ-M-2024-CIRC-007,bank,circles,lazytopper/src/data/questionBanks/class10/maths/circles.pyq2024.ts:65,no-step-marks,"2 steps, no [N mark] prefixes",low,no
PYQ-M-2024-CIRC-008a,bank,circles,lazytopper/src/data/questionBanks/class10/maths/circles.pyq2024.ts:72,no-step-marks,"2 steps, no [N mark] prefixes",low,no
PYQ-M-2024-CIRC-008b,bank,circles,lazytopper/src/data/questionBanks/class10/maths/circles.pyq2024.ts:80,no-step-marks,"2 steps, no [N mark] prefixes",low,no
PYQ-M-2024-CIRC-009b,bank,circles,lazytopper/src/data/questionBanks/class10/maths/circles.pyq2024.ts:87,no-step-marks,"3 steps, no [N mark] prefixes",low,no
PYQ-M-2024-CIRC-012,bank,circles,lazytopper/src/data/questionBanks/class10/maths/circles.pyq2024.ts:109,no-step-marks,"2 steps, no [N mark] prefixes",low,no
PYQ-M-2024-ARC-008,bank,areas-related-to-circles,lazytopper/src/data/questionBanks/class10/maths/areas-related-to-circles.pyq2024.ts:72,no-step-marks,"3 steps, no [N mark] prefixes",low,no
PYQ-M-2024-PROB-004,bank,probability,lazytopper/src/data/questionBanks/class10/maths/probability.pyq2024.ts:36,no-step-marks,"4 steps, no [N mark] prefixes",low,no
PYQ-M-2025-POLY-001,bank,polynomials,lazytopper/src/data/questionBanks/class10/maths/polynomials.pyq2025.ts:11,no-step-marks,"2 steps, no [N mark] prefixes",low,no
PYQ-M-2025-POLY-002,bank,polynomials,lazytopper/src/data/questionBanks/class10/maths/polynomials.pyq2025.ts:19,no-step-marks,"2 steps, no [N mark] prefixes",low,no
PYQ-M-2025-PLE-004,bank,pair-of-linear-equations,lazytopper/src/data/questionBanks/class10/maths/pair-of-linear-equations.pyq2025.ts:38,step-marks-sum,sum=6 marks=4,medium,no
PYQ-M-2025-TRIG-002,bank,trigonometry,lazytopper/src/data/questionBanks/class10/maths/trigonometry.pyq2025.ts:18,no-step-marks,"2 steps, no [N mark] prefixes",low,no
PYQ-M-2025-CIRC-002,bank,circles,lazytopper/src/data/questionBanks/class10/maths/circles.pyq2025.ts:19,no-step-marks,"2 steps, no [N mark] prefixes",low,no
PYQ-M-2025-CIRC-003,bank,circles,lazytopper/src/data/questionBanks/class10/maths/circles.pyq2025.ts:26,no-step-marks,"2 steps, no [N mark] prefixes",low,no
PYQ-M-2025-CIRC-004,bank,circles,lazytopper/src/data/questionBanks/class10/maths/circles.pyq2025.ts:33,no-step-marks,"2 steps, no [N mark] prefixes",low,no
PYQ-M-2025-CIRC-005,bank,areas-related-to-circles,lazytopper/src/data/questionBanks/class10/maths/circles.pyq2025.ts:40,no-step-marks,"3 steps, no [N mark] prefixes",low,no
PYQ-M-2025-CIRC-006,bank,circles,lazytopper/src/data/questionBanks/class10/maths/circles.pyq2025.ts:48,no-step-marks,"3 steps, no [N mark] prefixes",low,no
PYQ-M-2025-CIRC-007,bank,circles,lazytopper/src/data/questionBanks/class10/maths/circles.pyq2025.ts:56,no-step-marks,"3 steps, no [N mark] prefixes",low,no
PYQ-M-2025-SAV-003,bank,surface-areas-and-volumes,lazytopper/src/data/questionBanks/class10/maths/surface-areas-and-volumes.pyq2025.ts:28,no-step-marks,"2 steps, no [N mark] prefixes",low,no
PYQ-M-2025-PROB-003,bank,probability,lazytopper/src/data/questionBanks/class10/maths/probability.pyq2025.ts:28,no-step-marks,"5 steps, no [N mark] prefixes",low,no
PYQ-M-2025-PROB-004,bank,probability,lazytopper/src/data/questionBanks/class10/maths/probability.pyq2025.ts:37,no-step-marks,"4 steps, no [N mark] prefixes",low,no
PYQ-S-2026-CTRL-007,bank,control-and-coordination,lazytopper/src/data/questionBanks/class10/science/controlCoordination.pyq2026.ts:61,no-step-marks,"4 steps, no [N mark] prefixes",low,no
PYQ-S-2026-CTRL-008,bank,control-and-coordination,lazytopper/src/data/questionBanks/class10/science/controlCoordination.pyq2026.ts:69,no-step-marks,"4 steps, no [N mark] prefixes",low,no
PYQ-S-2026-CTRL-009,bank,control-and-coordination,lazytopper/src/data/questionBanks/class10/science/controlCoordination.pyq2026.ts:76,no-step-marks,"3 steps, no [N mark] prefixes",low,no
PYQ-S-2026-CTRL-010,bank,control-and-coordination,lazytopper/src/data/questionBanks/class10/science/controlCoordination.pyq2026.ts:83,no-step-marks,"4 steps, no [N mark] prefixes",low,no
PYQ-S-2026-REPR-005,bank,how-do-organisms-reproduce,lazytopper/src/data/questionBanks/class10/science/howOrganismsReproduce.pyq2026.ts:44,no-step-marks,"5 steps, no [N mark] prefixes",low,no
PYQ-S-2026-HERED-004,bank,heredity,lazytopper/src/data/questionBanks/class10/science/heredity.pyq2026.ts:35,no-step-marks,"2 steps, no [N mark] prefixes",low,no
PYQ-S-2026-HERED-005,bank,heredity,lazytopper/src/data/questionBanks/class10/science/heredity.pyq2026.ts:42,no-step-marks,"6 steps, no [N mark] prefixes",low,no
PYQ-S-2026-HERED-008,bank,heredity,lazytopper/src/data/questionBanks/class10/science/heredity.pyq2026.ts:63,no-step-marks,"3 steps, no [N mark] prefixes",low,no
PYQ-S-2026-HERED-010,bank,heredity,lazytopper/src/data/questionBanks/class10/science/heredity.pyq2026.ts:78,no-step-marks,"3 steps, no [N mark] prefixes",low,no
PYQ-S-2026-EYE-004,bank,human-eye-and-colourful-world,lazytopper/src/data/questionBanks/class10/science/humanEye.pyq2026.ts:33,no-step-marks,"3 steps, no [N mark] prefixes",low,no
PYQ-S-2026-ELEC-007,bank,electricity,lazytopper/src/data/questionBanks/class10/science/electricity.pyq2026.ts:54,figure-unbound,stem: figure,high,no
PYQ-S-2026-MAG-003,bank,magnetic-effects-of-electric-current,lazytopper/src/data/questionBanks/class10/science/magneticEffects.pyq2026.ts:26,no-step-marks,"6 steps, no [N mark] prefixes",low,no
PYQ-S-2026-ENV-009,bank,our-environment,lazytopper/src/data/questionBanks/class10/science/ourEnvironment.pyq2026.ts:75,no-step-marks,"2 steps, no [N mark] prefixes",low,no
PYQ-S-2026-ENV-010,bank,our-environment,lazytopper/src/data/questionBanks/class10/science/ourEnvironment.pyq2026.ts:82,no-step-marks,"2 steps, no [N mark] prefixes",low,no
PYQ-S-2026-ENV-011,bank,our-environment,lazytopper/src/data/questionBanks/class10/science/ourEnvironment.pyq2026.ts:89,no-step-marks,"3 steps, no [N mark] prefixes",low,no
PYQ-S-2026-ENV-012,bank,our-environment,lazytopper/src/data/questionBanks/class10/science/ourEnvironment.pyq2026.ts:96,no-step-marks,"4 steps, no [N mark] prefixes",low,no
PYQ-S-2026-ENV-014,bank,our-environment,lazytopper/src/data/questionBanks/class10/science/ourEnvironment.pyq2026.ts:111,no-step-marks,"3 steps, no [N mark] prefixes",low,no
PYQ-S-2026-ENV-015,bank,our-environment,lazytopper/src/data/questionBanks/class10/science/ourEnvironment.pyq2026.ts:118,no-step-marks,"2 steps, no [N mark] prefixes",low,no
PYQ-S-2026-ENV-016,bank,our-environment,lazytopper/src/data/questionBanks/class10/science/ourEnvironment.pyq2026.ts:125,no-step-marks,"4 steps, no [N mark] prefixes",low,no
PYQ-S-2025-CARB-001,bank,carbon-and-its-compounds,lazytopper/src/data/questionBanks/class10/science/carbonCompounds.pyq2025.ts:11,no-step-marks,"2 steps, no [N mark] prefixes",low,no
PYQ-S-2025-CTRL-003,bank,control-and-coordination,lazytopper/src/data/questionBanks/class10/science/controlCoordination.pyq2025.ts:27,no-step-marks,"3 steps, no [N mark] prefixes",low,no
PYQ-S-2025-CTRL-004,bank,control-and-coordination,lazytopper/src/data/questionBanks/class10/science/controlCoordination.pyq2025.ts:34,no-step-marks,"3 steps, no [N mark] prefixes",low,no
PYQ-S-2025-CTRL-005,bank,control-and-coordination,lazytopper/src/data/questionBanks/class10/science/controlCoordination.pyq2025.ts:41,no-step-marks,"4 steps, no [N mark] prefixes",low,no
PYQ-S-2025-CTRL-006,bank,control-and-coordination,lazytopper/src/data/questionBanks/class10/science/controlCoordination.pyq2025.ts:48,no-step-marks,"4 steps, no [N mark] prefixes",low,no
PYQ-S-2025-CTRL-007,bank,control-and-coordination,lazytopper/src/data/questionBanks/class10/science/controlCoordination.pyq2025.ts:55,no-step-marks,"3 steps, no [N mark] prefixes",low,no
PYQ-S-2025-CTRL-009,bank,control-and-coordination,lazytopper/src/data/questionBanks/class10/science/controlCoordination.pyq2025.ts:69,no-step-marks,"4 steps, no [N mark] prefixes",low,no
PYQ-S-2025-REPR-007,bank,how-do-organisms-reproduce,lazytopper/src/data/questionBanks/class10/science/howOrganismsReproduce.pyq2025.ts:58,no-step-marks,"7 steps, no [N mark] prefixes",low,no
PYQ-S-2025-REPR-008,bank,how-do-organisms-reproduce,lazytopper/src/data/questionBanks/class10/science/howOrganismsReproduce.pyq2025.ts:65,no-step-marks,"6 steps, no [N mark] prefixes",low,no
PYQ-S-2025-HERED-003,bank,heredity,lazytopper/src/data/questionBanks/class10/science/heredity.pyq2025.ts:27,no-step-marks,"3 steps, no [N mark] prefixes",low,no
PYQ-S-2025-HERED-005,bank,heredity,lazytopper/src/data/questionBanks/class10/science/heredity.pyq2025.ts:41,no-step-marks,"3 steps, no [N mark] prefixes",low,no
PYQ-S-2025-HERED-006,bank,heredity,lazytopper/src/data/questionBanks/class10/science/heredity.pyq2025.ts:48,no-step-marks,"3 steps, no [N mark] prefixes",low,no
PYQ-S-2025-HERED-007,bank,heredity,lazytopper/src/data/questionBanks/class10/science/heredity.pyq2025.ts:55,no-step-marks,"4 steps, no [N mark] prefixes",low,no
PYQ-S-2025-HERED-009,bank,heredity,lazytopper/src/data/questionBanks/class10/science/heredity.pyq2025.ts:69,no-step-marks,"3 steps, no [N mark] prefixes",low,no
PYQ-S-2025-HERED-010,bank,heredity,lazytopper/src/data/questionBanks/class10/science/heredity.pyq2025.ts:76,no-step-marks,"3 steps, no [N mark] prefixes",low,no
PYQ-S-2025-EYE-003,bank,human-eye-and-colourful-world,lazytopper/src/data/questionBanks/class10/science/humanEye.pyq2025.ts:26,no-step-marks,"5 steps, no [N mark] prefixes",low,no
PYQ-S-2025-MAG-004,bank,magnetic-effects-of-electric-current,lazytopper/src/data/questionBanks/class10/science/magneticEffects.pyq2025.ts:37,no-step-marks,"3 steps, no [N mark] prefixes",low,no
PYQ-S-2025-MAG-005,bank,magnetic-effects-of-electric-current,lazytopper/src/data/questionBanks/class10/science/magneticEffects.pyq2025.ts:44,no-step-marks,"3 steps, no [N mark] prefixes",low,no
PYQ-S-2025-MAG-006,bank,magnetic-effects-of-electric-current,lazytopper/src/data/questionBanks/class10/science/magneticEffects.pyq2025.ts:51,no-step-marks,"3 steps, no [N mark] prefixes",low,no
PYQ-S-2025-MAG-007,bank,magnetic-effects-of-electric-current,lazytopper/src/data/questionBanks/class10/science/magneticEffects.pyq2025.ts:58,no-step-marks,"5 steps, no [N mark] prefixes",low,no
PYQ-S-2025-MAG-007,bank,magnetic-effects-of-electric-current,lazytopper/src/data/questionBanks/class10/science/magneticEffects.pyq2025.ts:58,figure-unbound,stem: figure,high,no
PYQ-S-2024-CARB-001,bank,carbon-and-its-compounds,lazytopper/src/data/questionBanks/class10/science/carbonCompounds.pyq2024.ts:12,no-step-marks,"2 steps, no [N mark] prefixes",low,no
PYQ-S-2024-CARB-002,bank,carbon-and-its-compounds,lazytopper/src/data/questionBanks/class10/science/carbonCompounds.pyq2024.ts:19,no-step-marks,"2 steps, no [N mark] prefixes",low,no
PYQ-S-2024-LIFEP-006,bank,life-processes,lazytopper/src/data/questionBanks/class10/science/lifeProcesses.pyq2024.ts:55,no-step-marks,"6 steps, no [N mark] prefixes",low,no
PYQ-S-2024-CTRL-002,bank,control-and-coordination,lazytopper/src/data/questionBanks/class10/science/controlCoordination.pyq2024.ts:21,no-step-marks,"3 steps, no [N mark] prefixes",low,no
PYQ-S-2024-CTRL-003,bank,control-and-coordination,lazytopper/src/data/questionBanks/class10/science/controlCoordination.pyq2024.ts:29,no-step-marks,"3 steps, no [N mark] prefixes",low,no
PYQ-S-2024-CTRL-004,bank,control-and-coordination,lazytopper/src/data/questionBanks/class10/science/controlCoordination.pyq2024.ts:36,no-step-marks,"5 steps, no [N mark] prefixes",low,no
PYQ-S-2024-REPR-004,bank,how-do-organisms-reproduce,lazytopper/src/data/questionBanks/class10/science/howOrganismsReproduce.pyq2024.ts:39,no-step-marks,"2 steps, no [N mark] prefixes",low,no
PYQ-S-2024-REPR-005,bank,how-do-organisms-reproduce,lazytopper/src/data/questionBanks/class10/science/howOrganismsReproduce.pyq2024.ts:46,no-step-marks,"2 steps, no [N mark] prefixes",low,no
PYQ-S-2024-REPR-006,bank,how-do-organisms-reproduce,lazytopper/src/data/questionBanks/class10/science/howOrganismsReproduce.pyq2024.ts:53,no-step-marks,"3 steps, no [N mark] prefixes",low,no
PYQ-S-2024-REPR-007,bank,how-do-organisms-reproduce,lazytopper/src/data/questionBanks/class10/science/howOrganismsReproduce.pyq2024.ts:60,no-step-marks,"4 steps, no [N mark] prefixes",low,no
PYQ-S-2024-HERED-001,bank,heredity,lazytopper/src/data/questionBanks/class10/science/heredity.pyq2024.ts:12,no-step-marks,"3 steps, no [N mark] prefixes",low,no
PYQ-S-2024-HERED-002,bank,heredity,lazytopper/src/data/questionBanks/class10/science/heredity.pyq2024.ts:19,no-step-marks,"2 steps, no [N mark] prefixes",low,no
PYQ-S-2024-HERED-003,bank,heredity,lazytopper/src/data/questionBanks/class10/science/heredity.pyq2024.ts:26,no-step-marks,"2 steps, no [N mark] prefixes",low,no
PYQ-S-2024-HERED-004,bank,heredity,lazytopper/src/data/questionBanks/class10/science/heredity.pyq2024.ts:33,no-step-marks,"4 steps, no [N mark] prefixes",low,no
PYQ-S-2024-HERED-006,bank,heredity,lazytopper/src/data/questionBanks/class10/science/heredity.pyq2024.ts:48,no-step-marks,"3 steps, no [N mark] prefixes",low,no
PYQ-S-2024-HERED-007,bank,heredity,lazytopper/src/data/questionBanks/class10/science/heredity.pyq2024.ts:55,no-step-marks,"3 steps, no [N mark] prefixes",low,no
CFPQ-S-MNM-006,bank,metals-and-non-metals,lazytopper/src/data/questionBanks/class10/science/metals-and-non-metals.cfpq.ts:193,step-marks-sum,sum=9 marks=5,medium,no
CFPQ-S-CARB-008,bank,carbon-and-its-compounds,lazytopper/src/data/questionBanks/class10/science/carbon-and-its-compounds.cfpq.ts:224,step-marks-sum,sum=3.5 marks=3,medium,no
CFPQ-S-CARB-011,bank,carbon-and-its-compounds,lazytopper/src/data/questionBanks/class10/science/carbon-and-its-compounds.cfpq.ts:295,step-marks-sum,sum=6 marks=3,medium,no
CFPQ-S-CARB-019,bank,carbon-and-its-compounds,lazytopper/src/data/questionBanks/class10/science/carbon-and-its-compounds.cfpq.ts:496,step-marks-sum,sum=4 marks=3,medium,no
CFPQ-S-LIFE-009,bank,life-processes,lazytopper/src/data/questionBanks/class10/science/life-processes.cfpq.ts:236,step-marks-sum,sum=4 marks=3,medium,no
CFPQ-S-LIFE-014,bank,life-processes,lazytopper/src/data/questionBanks/class10/science/life-processes.cfpq.ts:362,step-marks-sum,sum=8 marks=5,medium,no
CFPQ-S-ELEC-006,bank,electricity,lazytopper/src/data/questionBanks/class10/science/electricity.cfpq.ts:196,step-marks-sum,sum=10 marks=5,medium,no
GDR-L-CBJ-019,bank,light-reflection-and-refraction,lazytopper/src/data/questionBanks/class10/science/light-reflection-and-refraction.gdr.ts:901,figure-unbound,stem: figure,high,no
PYQ-S-2024-EYE-002,bank,human-eye-and-colourful-world,lazytopper/src/data/questionBanks/class10/science/humanEye.pyq2024.ts:21,no-step-marks,"2 steps, no [N mark] prefixes",low,no
PYQ-S-2024-EYE-003,bank,human-eye-and-colourful-world,lazytopper/src/data/questionBanks/class10/science/humanEye.pyq2024.ts:28,no-step-marks,"2 steps, no [N mark] prefixes",low,no
PYQ-S-2024-EYE-004,bank,human-eye-and-colourful-world,lazytopper/src/data/questionBanks/class10/science/humanEye.pyq2024.ts:35,no-step-marks,"3 steps, no [N mark] prefixes",low,no
PYQ-S-2024-MAG-003,bank,magnetic-effects-of-electric-current,lazytopper/src/data/questionBanks/class10/science/magneticEffects.pyq2024.ts:29,no-step-marks,"4 steps, no [N mark] prefixes",low,no
PYQ-S-2024-MAG-004,bank,magnetic-effects-of-electric-current,lazytopper/src/data/questionBanks/class10/science/magneticEffects.pyq2024.ts:36,no-step-marks,"3 steps, no [N mark] prefixes",low,no
PYQ-S-2024-ENV-003,bank,our-environment,lazytopper/src/data/questionBanks/class10/science/ourEnvironment.pyq2024.ts:29,no-step-marks,"3 steps, no [N mark] prefixes",low,no
PYQ-S-2024-ENV-004,bank,our-environment,lazytopper/src/data/questionBanks/class10/science/ourEnvironment.pyq2024.ts:36,no-step-marks,"3 steps, no [N mark] prefixes",low,no
2026-TRIG-APP-01,bank,trigonometry,lazytopper/src/data/questionBanks/class10/curatedInline.ts:12,no-step-marks,"8 steps, no [N mark] prefixes",low,no
2026-TRIG-APP-01,bank,trigonometry,lazytopper/src/data/questionBanks/class10/curatedInline.ts:12,no-finalAnswer,finalAnswer missing/empty,medium,no
2026-ARC-SA-01,bank,areas-related-to-circles,lazytopper/src/data/questionBanks/class10/curatedInline.ts:41,no-step-marks,"7 steps, no [N mark] prefixes",low,no
2026-ARC-SA-01,bank,areas-related-to-circles,lazytopper/src/data/questionBanks/class10/curatedInline.ts:41,no-finalAnswer,finalAnswer missing/empty,medium,no
2026-AP-SA-01,bank,arithmetic-progression,lazytopper/src/data/questionBanks/class10/curatedInline.ts:69,no-step-marks,"7 steps, no [N mark] prefixes",low,no
2026-AP-SA-01,bank,arithmetic-progression,lazytopper/src/data/questionBanks/class10/curatedInline.ts:69,no-finalAnswer,finalAnswer missing/empty,medium,no
2026-CIRC-SA-01,bank,circles,lazytopper/src/data/questionBanks/class10/curatedInline.ts:97,no-step-marks,"7 steps, no [N mark] prefixes",low,no
2026-CIRC-SA-01,bank,circles,lazytopper/src/data/questionBanks/class10/curatedInline.ts:97,no-finalAnswer,finalAnswer missing/empty,medium,no
2026-CG-SA-01,bank,coordinate-geometry,lazytopper/src/data/questionBanks/class10/curatedInline.ts:125,no-step-marks,"7 steps, no [N mark] prefixes",low,no
2026-CG-SA-01,bank,coordinate-geometry,lazytopper/src/data/questionBanks/class10/curatedInline.ts:125,no-finalAnswer,finalAnswer missing/empty,medium,no
2026-TRIG-SA-01,bank,trigonometry,lazytopper/src/data/questionBanks/class10/curatedInline.ts:153,no-step-marks,"7 steps, no [N mark] prefixes",low,no
2026-TRIG-SA-01,bank,trigonometry,lazytopper/src/data/questionBanks/class10/curatedInline.ts:153,no-finalAnswer,finalAnswer missing/empty,medium,no
2026-PLE-SA-02,bank,pair-of-linear-equations,lazytopper/src/data/questionBanks/class10/curatedInline.ts:181,no-step-marks,"9 steps, no [N mark] prefixes",low,no
2026-PLE-SA-02,bank,pair-of-linear-equations,lazytopper/src/data/questionBanks/class10/curatedInline.ts:181,no-finalAnswer,finalAnswer missing/empty,medium,no
2026-PROB-SA-01,bank,probability,lazytopper/src/data/questionBanks/class10/curatedInline.ts:211,no-step-marks,"5 steps, no [N mark] prefixes",low,no
2026-PROB-SA-01,bank,probability,lazytopper/src/data/questionBanks/class10/curatedInline.ts:211,no-finalAnswer,finalAnswer missing/empty,medium,no
2026-QE-SA-01,bank,quadratic-equations,lazytopper/src/data/questionBanks/class10/curatedInline.ts:237,no-step-marks,"6 steps, no [N mark] prefixes",low,no
2026-QE-SA-01,bank,quadratic-equations,lazytopper/src/data/questionBanks/class10/curatedInline.ts:237,no-finalAnswer,finalAnswer missing/empty,medium,no
2026-STAT-SA-02,bank,statistics,lazytopper/src/data/questionBanks/class10/curatedInline.ts:264,no-step-marks,"9 steps, no [N mark] prefixes",low,no
2026-STAT-SA-02,bank,statistics,lazytopper/src/data/questionBanks/class10/curatedInline.ts:264,no-finalAnswer,finalAnswer missing/empty,medium,no
2026-STAT-SA-03,bank,statistics,lazytopper/src/data/questionBanks/class10/curatedInline.ts:294,no-step-marks,"9 steps, no [N mark] prefixes",low,no
2026-STAT-SA-03,bank,statistics,lazytopper/src/data/questionBanks/class10/curatedInline.ts:294,no-finalAnswer,finalAnswer missing/empty,medium,no
2026-SAV-SA-01,bank,surface-areas-and-volumes,lazytopper/src/data/questionBanks/class10/curatedInline.ts:324,no-step-marks,"7 steps, no [N mark] prefixes",low,no
2026-SAV-SA-01,bank,surface-areas-and-volumes,lazytopper/src/data/questionBanks/class10/curatedInline.ts:324,no-finalAnswer,finalAnswer missing/empty,medium,no
sci-chem-acids-2m-2022-01,bank,acids-bases-and-salts,lazytopper/src/data/questionBanks/class10/curatedInline.ts:352,no-finalAnswer,finalAnswer missing/empty,medium,no
sci-chem-carbon-3m-2026-01,bank,carbon-and-its-compounds,lazytopper/src/data/questionBanks/class10/curatedInline.ts:377,no-step-marks,"5 steps, no [N mark] prefixes",low,no
sci-chem-carbon-3m-2026-01,bank,carbon-and-its-compounds,lazytopper/src/data/questionBanks/class10/curatedInline.ts:377,no-finalAnswer,finalAnswer missing/empty,medium,no
sci-bio-cc-3m-2026-01,bank,control-and-coordination,lazytopper/src/data/questionBanks/class10/curatedInline.ts:425,no-step-marks,"7 steps, no [N mark] prefixes",low,no
sci-bio-cc-3m-2026-01,bank,control-and-coordination,lazytopper/src/data/questionBanks/class10/curatedInline.ts:425,no-finalAnswer,finalAnswer missing/empty,medium,no
sci-bio-heredity-3m-2026-01,bank,heredity,lazytopper/src/data/questionBanks/class10/curatedInline.ts:479,no-step-marks,"7 steps, no [N mark] prefixes",low,no
sci-bio-heredity-3m-2026-01,bank,heredity,lazytopper/src/data/questionBanks/class10/curatedInline.ts:479,no-finalAnswer,finalAnswer missing/empty,medium,no
sci-bio-repro-3m-2026-01,bank,how-do-organisms-reproduce,lazytopper/src/data/questionBanks/class10/curatedInline.ts:507,no-step-marks,"5 steps, no [N mark] prefixes",low,no
sci-bio-repro-3m-2026-01,bank,how-do-organisms-reproduce,lazytopper/src/data/questionBanks/class10/curatedInline.ts:507,no-finalAnswer,finalAnswer missing/empty,medium,no
sci-phy-eye-3m-2026-01,bank,human-eye-and-colourful-world,lazytopper/src/data/questionBanks/class10/curatedInline.ts:533,no-step-marks,"6 steps, no [N mark] prefixes",low,no
sci-phy-eye-3m-2026-01,bank,human-eye-and-colourful-world,lazytopper/src/data/questionBanks/class10/curatedInline.ts:533,no-finalAnswer,finalAnswer missing/empty,medium,no
sci-bio-lp-3m-2026-01,bank,life-processes,lazytopper/src/data/questionBanks/class10/curatedInline.ts:560,no-step-marks,"7 steps, no [N mark] prefixes",low,no
sci-bio-lp-3m-2026-01,bank,life-processes,lazytopper/src/data/questionBanks/class10/curatedInline.ts:560,no-finalAnswer,finalAnswer missing/empty,medium,no
sci-phy-light-3m-2026-01,bank,light-reflection-and-refraction,lazytopper/src/data/questionBanks/class10/curatedInline.ts:588,no-step-marks,"6 steps, no [N mark] prefixes",low,no
sci-phy-light-3m-2026-01,bank,light-reflection-and-refraction,lazytopper/src/data/questionBanks/class10/curatedInline.ts:588,no-finalAnswer,finalAnswer missing/empty,medium,no
sci-phy-magnetic-3m-2026-01,bank,magnetic-effects-of-electric-current,lazytopper/src/data/questionBanks/class10/curatedInline.ts:615,no-step-marks,"4 steps, no [N mark] prefixes",low,no
sci-phy-magnetic-3m-2026-01,bank,magnetic-effects-of-electric-current,lazytopper/src/data/questionBanks/class10/curatedInline.ts:615,no-finalAnswer,finalAnswer missing/empty,medium,no
sci-chem-mnm-3m-2026-02,bank,metals-and-non-metals,lazytopper/src/data/questionBanks/class10/curatedInline.ts:664,no-finalAnswer,finalAnswer missing/empty,medium,no
sci-env-3m-2026-01,bank,our-environment,lazytopper/src/data/questionBanks/class10/curatedInline.ts:690,no-step-marks,"6 steps, no [N mark] prefixes",low,no
sci-env-3m-2026-01,bank,our-environment,lazytopper/src/data/questionBanks/class10/curatedInline.ts:690,no-finalAnswer,finalAnswer missing/empty,medium,no
LTG-S-REPR-103,bank,how-do-organisms-reproduce,lazytopper/src/data/questionBanks/class10/science/how-do-organisms-reproduce.cbq.ltgen.ts:61,step-marks-sum,sum=5 marks=4,medium,yes
LTG-S-REPR-110,bank,how-do-organisms-reproduce,lazytopper/src/data/questionBanks/class10/science/how-do-organisms-reproduce.cbq.ltgen.ts:254,step-marks-sum,sum=4 marks=3,medium,yes
LTG-S-REPR-111,bank,how-do-organisms-reproduce,lazytopper/src/data/questionBanks/class10/science/how-do-organisms-reproduce.cbq.ltgen.ts:281,step-marks-sum,sum=7 marks=5,medium,yes
LTG-S-CTRL-101,bank,control-and-coordination,lazytopper/src/data/questionBanks/class10/science/control-and-coordination.cbq.ltgen.ts:7,step-marks-sum,sum=5 marks=4,medium,yes
LTG-S-CTRL-104,bank,control-and-coordination,lazytopper/src/data/questionBanks/class10/science/control-and-coordination.cbq.ltgen.ts:88,step-marks-sum,sum=5 marks=4,medium,yes
LTG-S-CTRL-105,bank,control-and-coordination,lazytopper/src/data/questionBanks/class10/science/control-and-coordination.cbq.ltgen.ts:115,step-marks-sum,sum=5 marks=4,medium,yes
LTG-S-CTRL-109,bank,control-and-coordination,lazytopper/src/data/questionBanks/class10/science/control-and-coordination.cbq.ltgen.ts:227,step-marks-sum,sum=4 marks=3,medium,yes
LTG-S-CTRL-110,bank,control-and-coordination,lazytopper/src/data/questionBanks/class10/science/control-and-coordination.cbq.ltgen.ts:254,step-marks-sum,sum=8 marks=5,medium,yes
LTG-M-TRI-280,bank,triangles,lazytopper/src/data/questionBanks/class10/maths/triangles.cbq.ltgen.ts:2154,source-residue,matched 'Set 1',medium,yes
LTG-M-TRI-303,bank,triangles,lazytopper/src/data/questionBanks/class10/maths/triangles.cbq.ltgen.ts:2781,figure-unbound,stem: adjoining,high,yes
LTG-M-STAT-208,bank,statistics,lazytopper/src/data/questionBanks/class10/maths/statistics.cbq.ltgen.ts:209,figure-unbound,stem: shown below,high,yes
LTG-M-STAT-217,bank,statistics,lazytopper/src/data/questionBanks/class10/maths/statistics.cbq.ltgen.ts:470,figure-unbound,stem: figure,high,yes
LTG-M-CG-272,bank,coordinate-geometry,lazytopper/src/data/questionBanks/class10/maths/coordinate-geometry.cbq.ltgen.ts:1927,figure-unbound,stem: figure,high,yes
LTG-S-ENV-310,bank,our-environment,lazytopper/src/data/questionBanks/class10/science/our-environment.c3.cbq.ltgen.ts:257,figure-unbound,stem: figure,high,yes
2026-RN-SA-02,predicted,Real Numbers,lazytopper/src/data/predictedQuestions.ts:59,topicKey-not-slug,"Real Numbers (predicted layer: display-name key, matched at runtime by topicMatches, predictionCore.ts:285)",low,no
2026-POLY-MCQ-01,predicted,Polynomials,lazytopper/src/data/predictedQuestions.ts:86,topicKey-not-slug,"Polynomials (predicted layer: display-name key, matched at runtime by topicMatches, predictionCore.ts:285)",low,no
2026-PLE-MCQ-01,predicted,Pair of Linear Equations,lazytopper/src/data/predictedQuestions.ts:115,topicKey-not-slug,"Pair of Linear Equations (predicted layer: display-name key, matched at runtime by topicMatches, predictionCore.ts:285)",low,no
2026-PLE-SA-02b,predicted,Pair of Linear Equations,lazytopper/src/data/predictedQuestions.ts:141,topicKey-not-slug,"Pair of Linear Equations (predicted layer: display-name key, matched at runtime by topicMatches, predictionCore.ts:285)",low,no
2026-PLE-SA-03,predicted,Pair of Linear Equations,lazytopper/src/data/predictedQuestions.ts:166,topicKey-not-slug,"Pair of Linear Equations (predicted layer: display-name key, matched at runtime by topicMatches, predictionCore.ts:285)",low,no
2026-PLE-LA-04,predicted,Pair of Linear Equations,lazytopper/src/data/predictedQuestions.ts:190,topicKey-not-slug,"Pair of Linear Equations (predicted layer: display-name key, matched at runtime by topicMatches, predictionCore.ts:285)",low,no
2026-QE-MCQ-01,predicted,Quadratic Equations,lazytopper/src/data/predictedQuestions.ts:219,topicKey-not-slug,"Quadratic Equations (predicted layer: display-name key, matched at runtime by topicMatches, predictionCore.ts:285)",low,no
2026-QE-LA-02,predicted,Quadratic Equations,lazytopper/src/data/predictedQuestions.ts:245,topicKey-not-slug,"Quadratic Equations (predicted layer: display-name key, matched at runtime by topicMatches, predictionCore.ts:285)",low,no
2026-QE-SA-03,predicted,Quadratic Equations,lazytopper/src/data/predictedQuestions.ts:269,topicKey-not-slug,"Quadratic Equations (predicted layer: display-name key, matched at runtime by topicMatches, predictionCore.ts:285)",low,no
2026-QE-LA-04,predicted,Quadratic Equations,lazytopper/src/data/predictedQuestions.ts:293,topicKey-not-slug,"Quadratic Equations (predicted layer: display-name key, matched at runtime by topicMatches, predictionCore.ts:285)",low,no
2026-AP-MCQ-01,predicted,Arithmetic Progression,lazytopper/src/data/predictedQuestions.ts:323,topicKey-not-slug,"Arithmetic Progression (predicted layer: display-name key, matched at runtime by topicMatches, predictionCore.ts:285)",low,no
2026-AP-SA-02,predicted,Arithmetic Progression,lazytopper/src/data/predictedQuestions.ts:348,topicKey-not-slug,"Arithmetic Progression (predicted layer: display-name key, matched at runtime by topicMatches, predictionCore.ts:285)",low,no
2026-CG-MCQ-01,predicted,Coordinate Geometry,lazytopper/src/data/predictedQuestions.ts:375,topicKey-not-slug,"Coordinate Geometry (predicted layer: display-name key, matched at runtime by topicMatches, predictionCore.ts:285)",low,no
2026-CG-SA-02,predicted,Coordinate Geometry,lazytopper/src/data/predictedQuestions.ts:401,topicKey-not-slug,"Coordinate Geometry (predicted layer: display-name key, matched at runtime by topicMatches, predictionCore.ts:285)",low,no
2026-TRIG-LA-02,predicted,Trigonometry,lazytopper/src/data/predictedQuestions.ts:429,topicKey-not-slug,"Trigonometry (predicted layer: display-name key, matched at runtime by topicMatches, predictionCore.ts:285)",low,no
2026-TRIG-MCQ-03,predicted,Trigonometry,lazytopper/src/data/predictedQuestions.ts:456,topicKey-not-slug,"Trigonometry (predicted layer: display-name key, matched at runtime by topicMatches, predictionCore.ts:285)",low,no
2026-TRIG-SA-04,predicted,Trigonometry,lazytopper/src/data/predictedQuestions.ts:479,topicKey-not-slug,"Trigonometry (predicted layer: display-name key, matched at runtime by topicMatches, predictionCore.ts:285)",low,no
2026-TRIG-LA-05,predicted,Trigonometry,lazytopper/src/data/predictedQuestions.ts:504,topicKey-not-slug,"Trigonometry (predicted layer: display-name key, matched at runtime by topicMatches, predictionCore.ts:285)",low,no
2026-CIRC-SA-01b,predicted,Circles,lazytopper/src/data/predictedQuestions.ts:532,topicKey-not-slug,"Circles (predicted layer: display-name key, matched at runtime by topicMatches, predictionCore.ts:285)",low,no
2026-ARC-SA-01b,predicted,Areas Related to Circles,lazytopper/src/data/predictedQuestions.ts:561,topicKey-not-slug,"Areas Related to Circles (predicted layer: display-name key, matched at runtime by topicMatches, predictionCore.ts:285)",low,no
2026-SAV-SA-01b,predicted,Surface Areas and Volumes,lazytopper/src/data/predictedQuestions.ts:588,topicKey-not-slug,"Surface Areas and Volumes (predicted layer: display-name key, matched at runtime by topicMatches, predictionCore.ts:285)",low,no
2026-STAT-SA-01,predicted,Statistics,lazytopper/src/data/predictedQuestions.ts:615,topicKey-not-slug,"Statistics (predicted layer: display-name key, matched at runtime by topicMatches, predictionCore.ts:285)",low,no
2026-STAT-CASE-01,predicted,Statistics,lazytopper/src/data/predictedQuestions.ts:640,topicKey-not-slug,"Statistics (predicted layer: display-name key, matched at runtime by topicMatches, predictionCore.ts:285)",low,no
2026-PROB-MCQ-01,predicted,Probability,lazytopper/src/data/predictedQuestions.ts:668,topicKey-not-slug,"Probability (predicted layer: display-name key, matched at runtime by topicMatches, predictionCore.ts:285)",low,no
2026-PROB-SA-02,predicted,Probability,lazytopper/src/data/predictedQuestions.ts:693,topicKey-not-slug,"Probability (predicted layer: display-name key, matched at runtime by topicMatches, predictionCore.ts:285)",low,no
2026-POLY-MCQ-02,predicted,Polynomials,lazytopper/src/data/predictedQuestions.ts:720,topicKey-not-slug,"Polynomials (predicted layer: display-name key, matched at runtime by topicMatches, predictionCore.ts:285)",low,no
2026-POLY-AR-03,predicted,Polynomials,lazytopper/src/data/predictedQuestions.ts:744,topicKey-not-slug,"Polynomials (predicted layer: display-name key, matched at runtime by topicMatches, predictionCore.ts:285)",low,no
2026-PLE-AR-05,predicted,Pair of Linear Equations,lazytopper/src/data/predictedQuestions.ts:770,topicKey-not-slug,"Pair of Linear Equations (predicted layer: display-name key, matched at runtime by topicMatches, predictionCore.ts:285)",low,no
2026-PLE-CASE-06,predicted,Pair of Linear Equations,lazytopper/src/data/predictedQuestions.ts:794,topicKey-not-slug,"Pair of Linear Equations (predicted layer: display-name key, matched at runtime by topicMatches, predictionCore.ts:285)",low,no
2026-QE-AR-05,predicted,Quadratic Equations,lazytopper/src/data/predictedQuestions.ts:820,topicKey-not-slug,"Quadratic Equations (predicted layer: display-name key, matched at runtime by topicMatches, predictionCore.ts:285)",low,no
2026-QE-SA-06,predicted,Quadratic Equations,lazytopper/src/data/predictedQuestions.ts:843,topicKey-not-slug,"Quadratic Equations (predicted layer: display-name key, matched at runtime by topicMatches, predictionCore.ts:285)",low,no
2026-AP-AR-03,predicted,Arithmetic Progression,lazytopper/src/data/predictedQuestions.ts:868,topicKey-not-slug,"Arithmetic Progression (predicted layer: display-name key, matched at runtime by topicMatches, predictionCore.ts:285)",low,no
2026-AP-CASE-04,predicted,Arithmetic Progression,lazytopper/src/data/predictedQuestions.ts:892,topicKey-not-slug,"Arithmetic Progression (predicted layer: display-name key, matched at runtime by topicMatches, predictionCore.ts:285)",low,no
2026-TRI-SA-04,predicted,Triangles,lazytopper/src/data/predictedQuestions.ts:918,topicKey-not-slug,"Triangles (predicted layer: display-name key, matched at runtime by topicMatches, predictionCore.ts:285)",low,no
2026-CIRC-AR-03,predicted,Circles,lazytopper/src/data/predictedQuestions.ts:943,topicKey-not-slug,"Circles (predicted layer: display-name key, matched at runtime by topicMatches, predictionCore.ts:285)",low,no
2026-SAV-SA-02,predicted,Surface Areas and Volumes,lazytopper/src/data/predictedQuestions.ts:971,topicKey-not-slug,"Surface Areas and Volumes (predicted layer: display-name key, matched at runtime by topicMatches, predictionCore.ts:285)",low,no
2026-STAT-SA-02b,predicted,Statistics,lazytopper/src/data/predictedQuestions.ts:996,topicKey-not-slug,"Statistics (predicted layer: display-name key, matched at runtime by topicMatches, predictionCore.ts:285)",low,no
2026-STAT-AR-03,predicted,Statistics,lazytopper/src/data/predictedQuestions.ts:1019,topicKey-not-slug,"Statistics (predicted layer: display-name key, matched at runtime by topicMatches, predictionCore.ts:285)",low,no
2026-TRIG-APP-MCQ-06,predicted,Trigonometry,lazytopper/src/data/predictedQuestions.ts:1047,topicKey-not-slug,"Trigonometry (predicted layer: display-name key, matched at runtime by topicMatches, predictionCore.ts:285)",low,no
2026-TRIG-APP-SA-07,predicted,Trigonometry,lazytopper/src/data/predictedQuestions.ts:1071,topicKey-not-slug,"Trigonometry (predicted layer: display-name key, matched at runtime by topicMatches, predictionCore.ts:285)",low,no
2026-TRIG-APP-CASE-08,predicted,Trigonometry,lazytopper/src/data/predictedQuestions.ts:1093,topicKey-not-slug,"Trigonometry (predicted layer: display-name key, matched at runtime by topicMatches, predictionCore.ts:285)",low,no
2026-CG-CASE-05,predicted,Coordinate Geometry,lazytopper/src/data/predictedQuestions.ts:1119,topicKey-not-slug,"Coordinate Geometry (predicted layer: display-name key, matched at runtime by topicMatches, predictionCore.ts:285)",low,no
2026-SAV-MCQ-03,predicted,Surface Areas and Volumes,lazytopper/src/data/predictedQuestions.ts:1147,topicKey-not-slug,"Surface Areas and Volumes (predicted layer: display-name key, matched at runtime by topicMatches, predictionCore.ts:285)",low,no
2026-STAT-MCQ-03,predicted,Statistics,lazytopper/src/data/predictedQuestions.ts:1171,topicKey-not-slug,"Statistics (predicted layer: display-name key, matched at runtime by topicMatches, predictionCore.ts:285)",low,no
2026-STAT-SA-04,predicted,Statistics,lazytopper/src/data/predictedQuestions.ts:1193,topicKey-not-slug,"Statistics (predicted layer: display-name key, matched at runtime by topicMatches, predictionCore.ts:285)",low,no
2026-POLY-AR-03X,predicted,Polynomials,lazytopper/src/data/predictedQuestions.ts:1220,topicKey-not-slug,"Polynomials (predicted layer: display-name key, matched at runtime by topicMatches, predictionCore.ts:285)",low,no
2026-PLE-AR-05X,predicted,Pair of Linear Equations,lazytopper/src/data/predictedQuestions.ts:1246,topicKey-not-slug,"Pair of Linear Equations (predicted layer: display-name key, matched at runtime by topicMatches, predictionCore.ts:285)",low,no
2026-PLE-CASE-06X,predicted,Pair of Linear Equations,lazytopper/src/data/predictedQuestions.ts:1270,topicKey-not-slug,"Pair of Linear Equations (predicted layer: display-name key, matched at runtime by topicMatches, predictionCore.ts:285)",low,no
2026-QE-SA-05,predicted,Polynomials,lazytopper/src/data/predictedQuestions.ts:1296,topicKey-not-slug,"Polynomials (predicted layer: display-name key, matched at runtime by topicMatches, predictionCore.ts:285)",low,no
2026-AP-AR-03X,predicted,Arithmetic Progression,lazytopper/src/data/predictedQuestions.ts:1321,topicKey-not-slug,"Arithmetic Progression (predicted layer: display-name key, matched at runtime by topicMatches, predictionCore.ts:285)",low,no
2026-AP-CASE-04X,predicted,Arithmetic Progression,lazytopper/src/data/predictedQuestions.ts:1345,topicKey-not-slug,"Arithmetic Progression (predicted layer: display-name key, matched at runtime by topicMatches, predictionCore.ts:285)",low,no
2026-TRI-AR-03,predicted,Triangles,lazytopper/src/data/predictedQuestions.ts:1371,topicKey-not-slug,"Triangles (predicted layer: display-name key, matched at runtime by topicMatches, predictionCore.ts:285)",low,no
2026-TRIG-AR-06,predicted,Trigonometry,lazytopper/src/data/predictedQuestions.ts:1399,topicKey-not-slug,"Trigonometry (predicted layer: display-name key, matched at runtime by topicMatches, predictionCore.ts:285)",low,no
2026-ARC-AR-02,predicted,Areas Related to Circles,lazytopper/src/data/predictedQuestions.ts:1427,topicKey-not-slug,"Areas Related to Circles (predicted layer: display-name key, matched at runtime by topicMatches, predictionCore.ts:285)",low,no
2026-SAV-CASE-05,predicted,Surface Areas and Volumes,lazytopper/src/data/predictedQuestions.ts:1451,topicKey-not-slug,"Surface Areas and Volumes (predicted layer: display-name key, matched at runtime by topicMatches, predictionCore.ts:285)",low,no
2026-STAT-SA-05,predicted,Statistics,lazytopper/src/data/predictedQuestions.ts:1477,topicKey-not-slug,"Statistics (predicted layer: display-name key, matched at runtime by topicMatches, predictionCore.ts:285)",low,no
2026-STAT-SA-06,predicted,Statistics,lazytopper/src/data/predictedQuestions.ts:1500,topicKey-not-slug,"Statistics (predicted layer: display-name key, matched at runtime by topicMatches, predictionCore.ts:285)",low,no
2026-PLE-MCQ-07,predicted,Pair of Linear Equations,lazytopper/src/data/predictedQuestions.ts:1528,topicKey-not-slug,"Pair of Linear Equations (predicted layer: display-name key, matched at runtime by topicMatches, predictionCore.ts:285)",low,no
2026-PLE-MCQ-08,predicted,Pair of Linear Equations,lazytopper/src/data/predictedQuestions.ts:1556,topicKey-not-slug,"Pair of Linear Equations (predicted layer: display-name key, matched at runtime by topicMatches, predictionCore.ts:285)",low,no
2026-PLE-SA-09,predicted,Pair of Linear Equations,lazytopper/src/data/predictedQuestions.ts:1578,topicKey-not-slug,"Pair of Linear Equations (predicted layer: display-name key, matched at runtime by topicMatches, predictionCore.ts:285)",low,no
2026-PLE-SA-10,predicted,Pair of Linear Equations,lazytopper/src/data/predictedQuestions.ts:1601,topicKey-not-slug,"Pair of Linear Equations (predicted layer: display-name key, matched at runtime by topicMatches, predictionCore.ts:285)",low,no
2026-PLE-AR-11,predicted,Pair of Linear Equations,lazytopper/src/data/predictedQuestions.ts:1622,topicKey-not-slug,"Pair of Linear Equations (predicted layer: display-name key, matched at runtime by topicMatches, predictionCore.ts:285)",low,no
2026-QE-MCQ-07,predicted,Quadratic Equations,lazytopper/src/data/predictedQuestions.ts:1648,topicKey-not-slug,"Quadratic Equations (predicted layer: display-name key, matched at runtime by topicMatches, predictionCore.ts:285)",low,no
2026-QE-MCQ-08,predicted,Polynomials,lazytopper/src/data/predictedQuestions.ts:1676,topicKey-not-slug,"Polynomials (predicted layer: display-name key, matched at runtime by topicMatches, predictionCore.ts:285)",low,no
2026-QE-SA-09,predicted,Quadratic Equations,lazytopper/src/data/predictedQuestions.ts:1698,topicKey-not-slug,"Quadratic Equations (predicted layer: display-name key, matched at runtime by topicMatches, predictionCore.ts:285)",low,no
2026-QE-SA-10,predicted,Quadratic Equations,lazytopper/src/data/predictedQuestions.ts:1721,topicKey-not-slug,"Quadratic Equations (predicted layer: display-name key, matched at runtime by topicMatches, predictionCore.ts:285)",low,no
2026-QE-AR-11,predicted,Quadratic Equations,lazytopper/src/data/predictedQuestions.ts:1744,topicKey-not-slug,"Quadratic Equations (predicted layer: display-name key, matched at runtime by topicMatches, predictionCore.ts:285)",low,no
2026-QE-CASE-12,predicted,Quadratic Equations,lazytopper/src/data/predictedQuestions.ts:1767,topicKey-not-slug,"Quadratic Equations (predicted layer: display-name key, matched at runtime by topicMatches, predictionCore.ts:285)",low,no
2026-TRI-MCQ-05,predicted,Triangles,lazytopper/src/data/predictedQuestions.ts:1794,topicKey-not-slug,"Triangles (predicted layer: display-name key, matched at runtime by topicMatches, predictionCore.ts:285)",low,no
2026-TRI-SA-07,predicted,Triangles,lazytopper/src/data/predictedQuestions.ts:1816,topicKey-not-slug,"Triangles (predicted layer: display-name key, matched at runtime by topicMatches, predictionCore.ts:285)",low,no
2026-TRI-AR-09,predicted,Triangles,lazytopper/src/data/predictedQuestions.ts:1838,topicKey-not-slug,"Triangles (predicted layer: display-name key, matched at runtime by topicMatches, predictionCore.ts:285)",low,no
2026-TRIG-MCQ-09,predicted,Trigonometry,lazytopper/src/data/predictedQuestions.ts:1862,topicKey-not-slug,"Trigonometry (predicted layer: display-name key, matched at runtime by topicMatches, predictionCore.ts:285)",low,no
2026-TRIG-MCQ-10,predicted,Trigonometry,lazytopper/src/data/predictedQuestions.ts:1884,topicKey-not-slug,"Trigonometry (predicted layer: display-name key, matched at runtime by topicMatches, predictionCore.ts:285)",low,no
2026-TRIG-SA-12,predicted,Trigonometry,lazytopper/src/data/predictedQuestions.ts:1906,topicKey-not-slug,"Trigonometry (predicted layer: display-name key, matched at runtime by topicMatches, predictionCore.ts:285)",low,no
2026-TRIG-CASE-14,predicted,Trigonometry,lazytopper/src/data/predictedQuestions.ts:1929,topicKey-not-slug,"Trigonometry (predicted layer: display-name key, matched at runtime by topicMatches, predictionCore.ts:285)",low,no
2026-STAT-MCQ-07,predicted,Statistics,lazytopper/src/data/predictedQuestions.ts:1956,topicKey-not-slug,"Statistics (predicted layer: display-name key, matched at runtime by topicMatches, predictionCore.ts:285)",low,no
2026-STAT-MCQ-08,predicted,Statistics,lazytopper/src/data/predictedQuestions.ts:1978,topicKey-not-slug,"Statistics (predicted layer: display-name key, matched at runtime by topicMatches, predictionCore.ts:285)",low,no
2026-STAT-SA-09,predicted,Statistics,lazytopper/src/data/predictedQuestions.ts:2000,topicKey-not-slug,"Statistics (predicted layer: display-name key, matched at runtime by topicMatches, predictionCore.ts:285)",low,no
2026-STAT-SA-10,predicted,Statistics,lazytopper/src/data/predictedQuestions.ts:2023,topicKey-not-slug,"Statistics (predicted layer: display-name key, matched at runtime by topicMatches, predictionCore.ts:285)",low,no
2026-STAT-AR-11,predicted,Statistics,lazytopper/src/data/predictedQuestions.ts:2046,topicKey-not-slug,"Statistics (predicted layer: display-name key, matched at runtime by topicMatches, predictionCore.ts:285)",low,no
2026-STAT-CASE-12,predicted,Statistics,lazytopper/src/data/predictedQuestions.ts:2069,topicKey-not-slug,"Statistics (predicted layer: display-name key, matched at runtime by topicMatches, predictionCore.ts:285)",low,no
2026-PROB-MCQ-09,predicted,Probability,lazytopper/src/data/predictedQuestions.ts:2096,topicKey-not-slug,"Probability (predicted layer: display-name key, matched at runtime by topicMatches, predictionCore.ts:285)",low,no
2026-PROB-MCQ-10,predicted,Probability,lazytopper/src/data/predictedQuestions.ts:2118,topicKey-not-slug,"Probability (predicted layer: display-name key, matched at runtime by topicMatches, predictionCore.ts:285)",low,no
2026-PROB-SA-11,predicted,Probability,lazytopper/src/data/predictedQuestions.ts:2140,topicKey-not-slug,"Probability (predicted layer: display-name key, matched at runtime by topicMatches, predictionCore.ts:285)",low,no
2026-PROB-SA-12,predicted,Probability,lazytopper/src/data/predictedQuestions.ts:2163,topicKey-not-slug,"Probability (predicted layer: display-name key, matched at runtime by topicMatches, predictionCore.ts:285)",low,no
2026-PROB-AR-13,predicted,Probability,lazytopper/src/data/predictedQuestions.ts:2186,topicKey-not-slug,"Probability (predicted layer: display-name key, matched at runtime by topicMatches, predictionCore.ts:285)",low,no
2026-RN-MCQ-04,predicted,Real Numbers,lazytopper/src/data/predictedQuestions.ts:2211,topicKey-not-slug,"Real Numbers (predicted layer: display-name key, matched at runtime by topicMatches, predictionCore.ts:285)",low,no
2026-POLY-CASE-08,predicted,Polynomials,lazytopper/src/data/predictedQuestions.ts:2235,topicKey-not-slug,"Polynomials (predicted layer: display-name key, matched at runtime by topicMatches, predictionCore.ts:285)",low,no
2026-AP-MCQ-05,predicted,Arithmetic Progression,lazytopper/src/data/predictedQuestions.ts:2262,topicKey-not-slug,"Arithmetic Progression (predicted layer: display-name key, matched at runtime by topicMatches, predictionCore.ts:285)",low,no
2026-AP-MCQ-06,predicted,Arithmetic Progression,lazytopper/src/data/predictedQuestions.ts:2285,topicKey-not-slug,"Arithmetic Progression (predicted layer: display-name key, matched at runtime by topicMatches, predictionCore.ts:285)",low,no
2026-AP-SA-07,predicted,Arithmetic Progression,lazytopper/src/data/predictedQuestions.ts:2308,topicKey-not-slug,"Arithmetic Progression (predicted layer: display-name key, matched at runtime by topicMatches, predictionCore.ts:285)",low,no
2026-AP-AR-08,predicted,Arithmetic Progression,lazytopper/src/data/predictedQuestions.ts:2331,topicKey-not-slug,"Arithmetic Progression (predicted layer: display-name key, matched at runtime by topicMatches, predictionCore.ts:285)",low,no
2026-CG-MCQ-08,predicted,Coordinate Geometry,lazytopper/src/data/predictedQuestions.ts:2357,topicKey-not-slug,"Coordinate Geometry (predicted layer: display-name key, matched at runtime by topicMatches, predictionCore.ts:285)",low,no
2026-CG-MCQ-09,predicted,Coordinate Geometry,lazytopper/src/data/predictedQuestions.ts:2380,topicKey-not-slug,"Coordinate Geometry (predicted layer: display-name key, matched at runtime by topicMatches, predictionCore.ts:285)",low,no
2026-CG-SA-10,predicted,Coordinate Geometry,lazytopper/src/data/predictedQuestions.ts:2405,topicKey-not-slug,"Coordinate Geometry (predicted layer: display-name key, matched at runtime by topicMatches, predictionCore.ts:285)",low,no
2026-CIRC-MCQ-08,predicted,Circles,lazytopper/src/data/predictedQuestions.ts:2430,topicKey-not-slug,"Circles (predicted layer: display-name key, matched at runtime by topicMatches, predictionCore.ts:285)",low,no
2026-CIRC-MCQ-09,predicted,Circles,lazytopper/src/data/predictedQuestions.ts:2455,topicKey-not-slug,"Circles (predicted layer: display-name key, matched at runtime by topicMatches, predictionCore.ts:285)",low,no
2026-CIRC-SA-10,predicted,Circles,lazytopper/src/data/predictedQuestions.ts:2481,topicKey-not-slug,"Circles (predicted layer: display-name key, matched at runtime by topicMatches, predictionCore.ts:285)",low,no
2026-CIRC-CASE-11,predicted,Circles,lazytopper/src/data/predictedQuestions.ts:2504,topicKey-not-slug,"Circles (predicted layer: display-name key, matched at runtime by topicMatches, predictionCore.ts:285)",low,no
2026-SAV-MCQ-06,predicted,Surface Areas and Volumes,lazytopper/src/data/predictedQuestions.ts:2531,topicKey-not-slug,"Surface Areas and Volumes (predicted layer: display-name key, matched at runtime by topicMatches, predictionCore.ts:285)",low,no
2026-SAV-MCQ-07,predicted,Surface Areas and Volumes,lazytopper/src/data/predictedQuestions.ts:2560,topicKey-not-slug,"Surface Areas and Volumes (predicted layer: display-name key, matched at runtime by topicMatches, predictionCore.ts:285)",low,no
2026-SAV-CASE-09,predicted,Surface Areas and Volumes,lazytopper/src/data/predictedQuestions.ts:2586,topicKey-not-slug,"Surface Areas and Volumes (predicted layer: display-name key, matched at runtime by topicMatches, predictionCore.ts:285)",low,no
2026-ARC-MCQ-03,predicted,Areas Related to Circles,lazytopper/src/data/predictedQuestions.ts:2612,topicKey-not-slug,"Areas Related to Circles (predicted layer: display-name key, matched at runtime by topicMatches, predictionCore.ts:285)",low,no
2026-TRIG-LA-13,predicted,Trigonometry,lazytopper/src/data/predictedQuestions.ts:2634,topicKey-not-slug,"Trigonometry (predicted layer: display-name key, matched at runtime by topicMatches, predictionCore.ts:285)",low,no
2026-AP-LA-03,predicted,Arithmetic Progression,lazytopper/src/data/predictedQuestions.ts:2664,topicKey-not-slug,"Arithmetic Progression (predicted layer: display-name key, matched at runtime by topicMatches, predictionCore.ts:285)",low,no
2026-RN-SA-08,predicted,Real Numbers,lazytopper/src/data/predictedQuestions.ts:2691,topicKey-not-slug,"Real Numbers (predicted layer: display-name key, matched at runtime by topicMatches, predictionCore.ts:285)",low,no
2026-RN-SA-09,predicted,Real Numbers,lazytopper/src/data/predictedQuestions.ts:2716,topicKey-not-slug,"Real Numbers (predicted layer: display-name key, matched at runtime by topicMatches, predictionCore.ts:285)",low,no
2026-CIRCLE-LA-02,predicted,Circles,lazytopper/src/data/predictedQuestions.ts:2740,topicKey-not-slug,"Circles (predicted layer: display-name key, matched at runtime by topicMatches, predictionCore.ts:285)",low,no
2026-STAT-LA-02,predicted,Statistics,lazytopper/src/data/predictedQuestions.ts:2767,topicKey-not-slug,"Statistics (predicted layer: display-name key, matched at runtime by topicMatches, predictionCore.ts:285)",low,no
2026-PROB-LA-02,predicted,Probability,lazytopper/src/data/predictedQuestions.ts:2794,topicKey-not-slug,"Probability (predicted layer: display-name key, matched at runtime by topicMatches, predictionCore.ts:285)",low,no
2026-POLY-LA-03,predicted,Polynomials,lazytopper/src/data/predictedQuestions.ts:2821,topicKey-not-slug,"Polynomials (predicted layer: display-name key, matched at runtime by topicMatches, predictionCore.ts:285)",low,no
2026-TRIANGLE-LA-03,predicted,Triangles,lazytopper/src/data/predictedQuestions.ts:2848,topicKey-not-slug,"Triangles (predicted layer: display-name key, matched at runtime by topicMatches, predictionCore.ts:285)",low,no
2026-SA-LA-03,predicted,Surface Areas and Volumes,lazytopper/src/data/predictedQuestions.ts:2875,topicKey-not-slug,"Surface Areas and Volumes (predicted layer: display-name key, matched at runtime by topicMatches, predictionCore.ts:285)",low,no
2026-QE-LA-05,predicted,Quadratic Equations,lazytopper/src/data/predictedQuestions.ts:2902,topicKey-not-slug,"Quadratic Equations (predicted layer: display-name key, matched at runtime by topicMatches, predictionCore.ts:285)",low,no
2026-CR-MCQ-01,predicted,ChemicalReactions,lazytopper/src/data/predictedQuestionsScience.ts:57,topicKey-not-slug,"ChemicalReactions (predicted layer: display-name key, matched at runtime by topicMatches, predictionCore.ts:285)",low,no
2026-CR-SA-02,predicted,ChemicalReactions,lazytopper/src/data/predictedQuestionsScience.ts:88,topicKey-not-slug,"ChemicalReactions (predicted layer: display-name key, matched at runtime by topicMatches, predictionCore.ts:285)",low,no
2026-CR-SA-03,predicted,ChemicalReactions,lazytopper/src/data/predictedQuestionsScience.ts:114,topicKey-not-slug,"ChemicalReactions (predicted layer: display-name key, matched at runtime by topicMatches, predictionCore.ts:285)",low,no
2026-CR-AR-04,predicted,ChemicalReactions,lazytopper/src/data/predictedQuestionsScience.ts:140,topicKey-not-slug,"ChemicalReactions (predicted layer: display-name key, matched at runtime by topicMatches, predictionCore.ts:285)",low,no
2026-CR-CASE-05,predicted,ChemicalReactions,lazytopper/src/data/predictedQuestionsScience.ts:170,topicKey-not-slug,"ChemicalReactions (predicted layer: display-name key, matched at runtime by topicMatches, predictionCore.ts:285)",low,no
2026-ABS-MCQ-01,predicted,AcidsBasesSalts,lazytopper/src/data/predictedQuestionsScience.ts:199,topicKey-not-slug,"AcidsBasesSalts (predicted layer: display-name key, matched at runtime by topicMatches, predictionCore.ts:285)",low,no
2026-ABS-AR-02,predicted,AcidsBasesSalts,lazytopper/src/data/predictedQuestionsScience.ts:223,topicKey-not-slug,"AcidsBasesSalts (predicted layer: display-name key, matched at runtime by topicMatches, predictionCore.ts:285)",low,no
2026-ABS-SA-03,predicted,AcidsBasesSalts,lazytopper/src/data/predictedQuestionsScience.ts:253,topicKey-not-slug,"AcidsBasesSalts (predicted layer: display-name key, matched at runtime by topicMatches, predictionCore.ts:285)",low,no
2026-ABS-SA-04,predicted,AcidsBasesSalts,lazytopper/src/data/predictedQuestionsScience.ts:277,topicKey-not-slug,"AcidsBasesSalts (predicted layer: display-name key, matched at runtime by topicMatches, predictionCore.ts:285)",low,no
2026-ABS-CASE-05,predicted,AcidsBasesSalts,lazytopper/src/data/predictedQuestionsScience.ts:301,topicKey-not-slug,"AcidsBasesSalts (predicted layer: display-name key, matched at runtime by topicMatches, predictionCore.ts:285)",low,no
2026-MNM-MCQ-01,predicted,MetalsNonMetals,lazytopper/src/data/predictedQuestionsScience.ts:330,topicKey-not-slug,"MetalsNonMetals (predicted layer: display-name key, matched at runtime by topicMatches, predictionCore.ts:285)",low,no
2026-MNM-SA-02,predicted,MetalsNonMetals,lazytopper/src/data/predictedQuestionsScience.ts:354,topicKey-not-slug,"MetalsNonMetals (predicted layer: display-name key, matched at runtime by topicMatches, predictionCore.ts:285)",low,no
2026-MNM-SA-03,predicted,MetalsNonMetals,lazytopper/src/data/predictedQuestionsScience.ts:378,topicKey-not-slug,"MetalsNonMetals (predicted layer: display-name key, matched at runtime by topicMatches, predictionCore.ts:285)",low,no
2026-MNM-CASE-04,predicted,MetalsNonMetals,lazytopper/src/data/predictedQuestionsScience.ts:402,topicKey-not-slug,"MetalsNonMetals (predicted layer: display-name key, matched at runtime by topicMatches, predictionCore.ts:285)",low,no
2026-CC-MCQ-01,predicted,CarbonCompounds,lazytopper/src/data/predictedQuestionsScience.ts:431,topicKey-not-slug,"CarbonCompounds (predicted layer: display-name key, matched at runtime by topicMatches, predictionCore.ts:285)",low,no
2026-CC-MCQ-02,predicted,CarbonCompounds,lazytopper/src/data/predictedQuestionsScience.ts:455,topicKey-not-slug,"CarbonCompounds (predicted layer: display-name key, matched at runtime by topicMatches, predictionCore.ts:285)",low,no
2026-CC-SA-03,predicted,CarbonCompounds,lazytopper/src/data/predictedQuestionsScience.ts:479,topicKey-not-slug,"CarbonCompounds (predicted layer: display-name key, matched at runtime by topicMatches, predictionCore.ts:285)",low,no
2026-CC-SA-04,predicted,CarbonCompounds,lazytopper/src/data/predictedQuestionsScience.ts:503,topicKey-not-slug,"CarbonCompounds (predicted layer: display-name key, matched at runtime by topicMatches, predictionCore.ts:285)",low,no
2026-CC-CASE-05,predicted,CarbonCompounds,lazytopper/src/data/predictedQuestionsScience.ts:527,topicKey-not-slug,"CarbonCompounds (predicted layer: display-name key, matched at runtime by topicMatches, predictionCore.ts:285)",low,no
2026-LP-MCQ-01,predicted,LifeProcesses,lazytopper/src/data/predictedQuestionsScience.ts:556,topicKey-not-slug,"LifeProcesses (predicted layer: display-name key, matched at runtime by topicMatches, predictionCore.ts:285)",low,no
2026-LP-MCQ-02,predicted,LifeProcesses,lazytopper/src/data/predictedQuestionsScience.ts:580,topicKey-not-slug,"LifeProcesses (predicted layer: display-name key, matched at runtime by topicMatches, predictionCore.ts:285)",low,no
2026-LP-SA-03,predicted,LifeProcesses,lazytopper/src/data/predictedQuestionsScience.ts:609,topicKey-not-slug,"LifeProcesses (predicted layer: display-name key, matched at runtime by topicMatches, predictionCore.ts:285)",low,no
2026-LP-SA-04,predicted,LifeProcesses,lazytopper/src/data/predictedQuestionsScience.ts:633,topicKey-not-slug,"LifeProcesses (predicted layer: display-name key, matched at runtime by topicMatches, predictionCore.ts:285)",low,no
2026-LP-SA-05,predicted,LifeProcesses,lazytopper/src/data/predictedQuestionsScience.ts:659,topicKey-not-slug,"LifeProcesses (predicted layer: display-name key, matched at runtime by topicMatches, predictionCore.ts:285)",low,no
2026-LP-CASE-06,predicted,LifeProcesses,lazytopper/src/data/predictedQuestionsScience.ts:683,topicKey-not-slug,"LifeProcesses (predicted layer: display-name key, matched at runtime by topicMatches, predictionCore.ts:285)",low,no
2026-LP-LA-07,predicted,LifeProcesses,lazytopper/src/data/predictedQuestionsScience.ts:708,topicKey-not-slug,"LifeProcesses (predicted layer: display-name key, matched at runtime by topicMatches, predictionCore.ts:285)",low,no
2026-CCO-MCQ-01,predicted,ControlAndCoordination,lazytopper/src/data/predictedQuestionsScience.ts:738,topicKey-not-slug,"ControlAndCoordination (predicted layer: display-name key, matched at runtime by topicMatches, predictionCore.ts:285)",low,no
2026-CCO-SA-02,predicted,ControlAndCoordination,lazytopper/src/data/predictedQuestionsScience.ts:762,topicKey-not-slug,"ControlAndCoordination (predicted layer: display-name key, matched at runtime by topicMatches, predictionCore.ts:285)",low,no
2026-CCO-SA-03,predicted,ControlAndCoordination,lazytopper/src/data/predictedQuestionsScience.ts:786,topicKey-not-slug,"ControlAndCoordination (predicted layer: display-name key, matched at runtime by topicMatches, predictionCore.ts:285)",low,no
2026-CCO-CASE-04,predicted,ControlAndCoordination,lazytopper/src/data/predictedQuestionsScience.ts:810,topicKey-not-slug,"ControlAndCoordination (predicted layer: display-name key, matched at runtime by topicMatches, predictionCore.ts:285)",low,no
2026-REP-MCQ-01,predicted,Reproduction,lazytopper/src/data/predictedQuestionsScience.ts:839,topicKey-not-slug,"Reproduction (predicted layer: display-name key, matched at runtime by topicMatches, predictionCore.ts:285)",low,no
2026-REP-SA-02,predicted,Reproduction,lazytopper/src/data/predictedQuestionsScience.ts:863,topicKey-not-slug,"Reproduction (predicted layer: display-name key, matched at runtime by topicMatches, predictionCore.ts:285)",low,no
2026-REP-SA-03,predicted,Reproduction,lazytopper/src/data/predictedQuestionsScience.ts:887,topicKey-not-slug,"Reproduction (predicted layer: display-name key, matched at runtime by topicMatches, predictionCore.ts:285)",low,no
2026-REP-SA-04,predicted,Reproduction,lazytopper/src/data/predictedQuestionsScience.ts:911,topicKey-not-slug,"Reproduction (predicted layer: display-name key, matched at runtime by topicMatches, predictionCore.ts:285)",low,no
2026-HE-MCQ-01,predicted,HeredityEvolution,lazytopper/src/data/predictedQuestionsScience.ts:939,topicKey-not-slug,"HeredityEvolution (predicted layer: display-name key, matched at runtime by topicMatches, predictionCore.ts:285)",low,no
2026-HE-SA-02,predicted,HeredityEvolution,lazytopper/src/data/predictedQuestionsScience.ts:963,topicKey-not-slug,"HeredityEvolution (predicted layer: display-name key, matched at runtime by topicMatches, predictionCore.ts:285)",low,no
2026-LIGHT-MCQ-01,predicted,Light,lazytopper/src/data/predictedQuestionsScience.ts:993,topicKey-not-slug,"Light (predicted layer: display-name key, matched at runtime by topicMatches, predictionCore.ts:285)",low,no
2026-LIGHT-MCQ-02,predicted,Light,lazytopper/src/data/predictedQuestionsScience.ts:1021,topicKey-not-slug,"Light (predicted layer: display-name key, matched at runtime by topicMatches, predictionCore.ts:285)",low,no
2026-LIGHT-SA-03,predicted,Light,lazytopper/src/data/predictedQuestionsScience.ts:1049,topicKey-not-slug,"Light (predicted layer: display-name key, matched at runtime by topicMatches, predictionCore.ts:285)",low,no
2026-LIGHT-SA-04,predicted,Light,lazytopper/src/data/predictedQuestionsScience.ts:1073,topicKey-not-slug,"Light (predicted layer: display-name key, matched at runtime by topicMatches, predictionCore.ts:285)",low,no
2026-LIGHT-SA-05,predicted,Light,lazytopper/src/data/predictedQuestionsScience.ts:1097,topicKey-not-slug,"Light (predicted layer: display-name key, matched at runtime by topicMatches, predictionCore.ts:285)",low,no
2026-LIGHT-CASE-06,predicted,Light,lazytopper/src/data/predictedQuestionsScience.ts:1121,topicKey-not-slug,"Light (predicted layer: display-name key, matched at runtime by topicMatches, predictionCore.ts:285)",low,no
2026-LIGHT-LA-07,predicted,Light,lazytopper/src/data/predictedQuestionsScience.ts:1146,topicKey-not-slug,"Light (predicted layer: display-name key, matched at runtime by topicMatches, predictionCore.ts:285)",low,no
2026-LIGHT-MCQ-08,predicted,Light,lazytopper/src/data/predictedQuestionsScience.ts:1175,topicKey-not-slug,"Light (predicted layer: display-name key, matched at runtime by topicMatches, predictionCore.ts:285)",low,no
2026-LIGHT-MCQ-09,predicted,Light,lazytopper/src/data/predictedQuestionsScience.ts:1204,topicKey-not-slug,"Light (predicted layer: display-name key, matched at runtime by topicMatches, predictionCore.ts:285)",low,no
2026-LIGHT-SA-08,predicted,Light,lazytopper/src/data/predictedQuestionsScience.ts:1234,topicKey-not-slug,"Light (predicted layer: display-name key, matched at runtime by topicMatches, predictionCore.ts:285)",low,no
2026-LIGHT-SA-09,predicted,Light,lazytopper/src/data/predictedQuestionsScience.ts:1258,topicKey-not-slug,"Light (predicted layer: display-name key, matched at runtime by topicMatches, predictionCore.ts:285)",low,no
2026-LIGHT-SA-10,predicted,Light,lazytopper/src/data/predictedQuestionsScience.ts:1282,topicKey-not-slug,"Light (predicted layer: display-name key, matched at runtime by topicMatches, predictionCore.ts:285)",low,no
2026-LIGHT-SA-11,predicted,Light,lazytopper/src/data/predictedQuestionsScience.ts:1306,topicKey-not-slug,"Light (predicted layer: display-name key, matched at runtime by topicMatches, predictionCore.ts:285)",low,no
2026-LIGHT-LA-08,predicted,Light,lazytopper/src/data/predictedQuestionsScience.ts:1330,topicKey-not-slug,"Light (predicted layer: display-name key, matched at runtime by topicMatches, predictionCore.ts:285)",low,no
2026-HECW-MCQ-01,predicted,HumanEyeAndColourfulWorld,lazytopper/src/data/predictedQuestionsScience.ts:1359,topicKey-not-slug,"HumanEyeAndColourfulWorld (predicted layer: display-name key, matched at runtime by topicMatches, predictionCore.ts:285)",low,no
2026-HECW-SA-02,predicted,HumanEyeAndColourfulWorld,lazytopper/src/data/predictedQuestionsScience.ts:1382,topicKey-not-slug,"HumanEyeAndColourfulWorld (predicted layer: display-name key, matched at runtime by topicMatches, predictionCore.ts:285)",low,no
2026-HECW-SA-03,predicted,HumanEyeAndColourfulWorld,lazytopper/src/data/predictedQuestionsScience.ts:1406,topicKey-not-slug,"HumanEyeAndColourfulWorld (predicted layer: display-name key, matched at runtime by topicMatches, predictionCore.ts:285)",low,no
2026-EL-MCQ-01,predicted,Electricity,lazytopper/src/data/predictedQuestionsScience.ts:1435,topicKey-not-slug,"Electricity (predicted layer: display-name key, matched at runtime by topicMatches, predictionCore.ts:285)",low,no
2026-EL-MCQ-02,predicted,Electricity,lazytopper/src/data/predictedQuestionsScience.ts:1458,topicKey-not-slug,"Electricity (predicted layer: display-name key, matched at runtime by topicMatches, predictionCore.ts:285)",low,no
2026-EL-SA-03,predicted,Electricity,lazytopper/src/data/predictedQuestionsScience.ts:1482,topicKey-not-slug,"Electricity (predicted layer: display-name key, matched at runtime by topicMatches, predictionCore.ts:285)",low,no
2026-EL-SA-04,predicted,Electricity,lazytopper/src/data/predictedQuestionsScience.ts:1506,topicKey-not-slug,"Electricity (predicted layer: display-name key, matched at runtime by topicMatches, predictionCore.ts:285)",low,no
2026-EL-SA-05,predicted,Electricity,lazytopper/src/data/predictedQuestionsScience.ts:1530,topicKey-not-slug,"Electricity (predicted layer: display-name key, matched at runtime by topicMatches, predictionCore.ts:285)",low,no
2026-EL-CASE-06,predicted,Electricity,lazytopper/src/data/predictedQuestionsScience.ts:1554,topicKey-not-slug,"Electricity (predicted layer: display-name key, matched at runtime by topicMatches, predictionCore.ts:285)",low,no
2026-EL-LA-07,predicted,Electricity,lazytopper/src/data/predictedQuestionsScience.ts:1579,topicKey-not-slug,"Electricity (predicted layer: display-name key, matched at runtime by topicMatches, predictionCore.ts:285)",low,no
2026-ME-MCQ-01,predicted,MagneticEffects,lazytopper/src/data/predictedQuestionsScience.ts:1609,topicKey-not-slug,"MagneticEffects (predicted layer: display-name key, matched at runtime by topicMatches, predictionCore.ts:285)",low,no
2026-ME-SA-02,predicted,MagneticEffects,lazytopper/src/data/predictedQuestionsScience.ts:1638,topicKey-not-slug,"MagneticEffects (predicted layer: display-name key, matched at runtime by topicMatches, predictionCore.ts:285)",low,no
2026-EL-MCQ-06,predicted,Electricity,lazytopper/src/data/predictedQuestionsScience.ts:1669,topicKey-not-slug,"Electricity (predicted layer: display-name key, matched at runtime by topicMatches, predictionCore.ts:285)",low,no
2026-EL-SA-04b,predicted,Electricity,lazytopper/src/data/predictedQuestionsScience.ts:1698,topicKey-not-slug,"Electricity (predicted layer: display-name key, matched at runtime by topicMatches, predictionCore.ts:285)",low,no
2026-EL-SA-05b,predicted,Electricity,lazytopper/src/data/predictedQuestionsScience.ts:1722,topicKey-not-slug,"Electricity (predicted layer: display-name key, matched at runtime by topicMatches, predictionCore.ts:285)",low,no
2026-EL-CS-01,predicted,Electricity,lazytopper/src/data/predictedQuestionsScience.ts:1746,topicKey-not-slug,"Electricity (predicted layer: display-name key, matched at runtime by topicMatches, predictionCore.ts:285)",low,no
2026-MG-MCQ-05,predicted,MagneticEffects,lazytopper/src/data/predictedQuestionsScience.ts:1777,topicKey-not-slug,"MagneticEffects (predicted layer: display-name key, matched at runtime by topicMatches, predictionCore.ts:285)",low,no
2026-MG-SA-04,predicted,MagneticEffects,lazytopper/src/data/predictedQuestionsScience.ts:1805,topicKey-not-slug,"MagneticEffects (predicted layer: display-name key, matched at runtime by topicMatches, predictionCore.ts:285)",low,no
2026-MG-CS-01,predicted,MagneticEffects,lazytopper/src/data/predictedQuestionsScience.ts:1831,topicKey-not-slug,"MagneticEffects (predicted layer: display-name key, matched at runtime by topicMatches, predictionCore.ts:285)",low,no
2026-HE-MCQ-05,predicted,HumanEyeAndColourfulWorld,lazytopper/src/data/predictedQuestionsScience.ts:1861,topicKey-not-slug,"HumanEyeAndColourfulWorld (predicted layer: display-name key, matched at runtime by topicMatches, predictionCore.ts:285)",low,no
2026-HE-SA-03,predicted,HumanEyeAndColourfulWorld,lazytopper/src/data/predictedQuestionsScience.ts:1890,topicKey-not-slug,"HumanEyeAndColourfulWorld (predicted layer: display-name key, matched at runtime by topicMatches, predictionCore.ts:285)",low,no
2026-HE-SA-04,predicted,HumanEyeAndColourfulWorld,lazytopper/src/data/predictedQuestionsScience.ts:1916,topicKey-not-slug,"HumanEyeAndColourfulWorld (predicted layer: display-name key, matched at runtime by topicMatches, predictionCore.ts:285)",low,no
2026-LP-MCQ-05,predicted,LifeProcesses,lazytopper/src/data/predictedQuestionsScience.ts:1944,topicKey-not-slug,"LifeProcesses (predicted layer: display-name key, matched at runtime by topicMatches, predictionCore.ts:285)",low,no
2026-LP-SA-03b,predicted,LifeProcesses,lazytopper/src/data/predictedQuestionsScience.ts:1968,topicKey-not-slug,"LifeProcesses (predicted layer: display-name key, matched at runtime by topicMatches, predictionCore.ts:285)",low,no
2026-LP-SA-04b,predicted,LifeProcesses,lazytopper/src/data/predictedQuestionsScience.ts:1992,topicKey-not-slug,"LifeProcesses (predicted layer: display-name key, matched at runtime by topicMatches, predictionCore.ts:285)",low,no
2026-LP-CS-01,predicted,LifeProcesses,lazytopper/src/data/predictedQuestionsScience.ts:2017,topicKey-not-slug,"LifeProcesses (predicted layer: display-name key, matched at runtime by topicMatches, predictionCore.ts:285)",low,no
2026-AB-SA-06,predicted,AcidsBasesSalts,lazytopper/src/data/predictedQuestionsScience.ts:2053,topicKey-not-slug,"AcidsBasesSalts (predicted layer: display-name key, matched at runtime by topicMatches, predictionCore.ts:285)",low,no
2026-AB-CS-02,predicted,AcidsBasesSalts,lazytopper/src/data/predictedQuestionsScience.ts:2077,topicKey-not-slug,"AcidsBasesSalts (predicted layer: display-name key, matched at runtime by topicMatches, predictionCore.ts:285)",low,no
2026-MN-SA-05,predicted,MetalsNonMetals,lazytopper/src/data/predictedQuestionsScience.ts:2109,topicKey-not-slug,"MetalsNonMetals (predicted layer: display-name key, matched at runtime by topicMatches, predictionCore.ts:285)",low,no
2026-MN-CS-02,predicted,MetalsNonMetals,lazytopper/src/data/predictedQuestionsScience.ts:2134,topicKey-not-slug,"MetalsNonMetals (predicted layer: display-name key, matched at runtime by topicMatches, predictionCore.ts:285)",low,no
2026-CC-SA-06,predicted,CarbonCompounds,lazytopper/src/data/predictedQuestionsScience.ts:2166,topicKey-not-slug,"CarbonCompounds (predicted layer: display-name key, matched at runtime by topicMatches, predictionCore.ts:285)",low,no
2026-CC-CS-02,predicted,CarbonCompounds,lazytopper/src/data/predictedQuestionsScience.ts:2192,topicKey-not-slug,"CarbonCompounds (predicted layer: display-name key, matched at runtime by topicMatches, predictionCore.ts:285)",low,no
2026-CCN-SA-05,predicted,ControlAndCoordination,lazytopper/src/data/predictedQuestionsScience.ts:2224,topicKey-not-slug,"ControlAndCoordination (predicted layer: display-name key, matched at runtime by topicMatches, predictionCore.ts:285)",low,no
2026-CCN-CS-02,predicted,ControlAndCoordination,lazytopper/src/data/predictedQuestionsScience.ts:2249,topicKey-not-slug,"ControlAndCoordination (predicted layer: display-name key, matched at runtime by topicMatches, predictionCore.ts:285)",low,no
2026-RP-SA-06,predicted,Reproduction,lazytopper/src/data/predictedQuestionsScience.ts:2281,topicKey-not-slug,"Reproduction (predicted layer: display-name key, matched at runtime by topicMatches, predictionCore.ts:285)",low,no
2026-HEV-SA-05,predicted,HeredityEvolution,lazytopper/src/data/predictedQuestionsScience.ts:2308,topicKey-not-slug,"HeredityEvolution (predicted layer: display-name key, matched at runtime by topicMatches, predictionCore.ts:285)",low,no
2026-ELEC-LA-12,predicted,Electricity,lazytopper/src/data/predictedQuestionsScience.ts:2334,topicKey-not-slug,"Electricity (predicted layer: display-name key, matched at runtime by topicMatches, predictionCore.ts:285)",low,no
2026-LP-LA-06,predicted,LifeProcesses,lazytopper/src/data/predictedQuestionsScience.ts:2362,topicKey-not-slug,"LifeProcesses (predicted layer: display-name key, matched at runtime by topicMatches, predictionCore.ts:285)",low,no
2026-LP-LA-07b,predicted,LifeProcesses,lazytopper/src/data/predictedQuestionsScience.ts:2389,topicKey-not-slug,"LifeProcesses (predicted layer: display-name key, matched at runtime by topicMatches, predictionCore.ts:285)",low,no
2026-CC-LA-06,predicted,ControlAndCoordination,lazytopper/src/data/predictedQuestionsScience.ts:2416,topicKey-not-slug,"ControlAndCoordination (predicted layer: display-name key, matched at runtime by topicMatches, predictionCore.ts:285)",low,no
2026-REPRO-LA-06,predicted,Reproduction,lazytopper/src/data/predictedQuestionsScience.ts:2443,topicKey-not-slug,"Reproduction (predicted layer: display-name key, matched at runtime by topicMatches, predictionCore.ts:285)",low,no
2026-LIGHT-LA-06,predicted,Light,lazytopper/src/data/predictedQuestionsScience.ts:2469,topicKey-not-slug,"Light (predicted layer: display-name key, matched at runtime by topicMatches, predictionCore.ts:285)",low,no
2026-MNM-LA-05,predicted,MetalsNonMetals,lazytopper/src/data/predictedQuestionsScience.ts:2496,topicKey-not-slug,"MetalsNonMetals (predicted layer: display-name key, matched at runtime by topicMatches, predictionCore.ts:285)",low,no
2026-HE-LA-06,predicted,HeredityEvolution,lazytopper/src/data/predictedQuestionsScience.ts:2523,topicKey-not-slug,"HeredityEvolution (predicted layer: display-name key, matched at runtime by topicMatches, predictionCore.ts:285)",low,no
2026-ABS-LA-06,predicted,AcidsBasesSalts,lazytopper/src/data/predictedQuestionsScience.ts:2550,topicKey-not-slug,"AcidsBasesSalts (predicted layer: display-name key, matched at runtime by topicMatches, predictionCore.ts:285)",low,no
ple-hpq-101,hpq,Pair of Linear Equations in Two Variables,lazytopper/src/data/highlyProbableQuestions.ts:17,1mark-not-4option,format=MCQ; options=0,high,no
le-comp-02,hpq,Pair of Linear Equations in Two Variables,lazytopper/src/data/hpqCompetencyAdditions.ts:871,no-finalAnswer,finalAnswer missing/empty,low,no
poly-comp-01,hpq,Polynomials,lazytopper/src/data/hpqCompetencyAdditions.ts:39,no-finalAnswer,finalAnswer missing/empty,low,no
qe-hpq-101,hpq,Quadratic Equations,lazytopper/src/data/highlyProbableQuestions.ts:160,1mark-not-4option,format=MCQ; options=0,high,no
trig-hpq-101,hpq,Trigonometry,lazytopper/src/data/highlyProbableQuestions.ts:336,1mark-not-4option,format=MCQ; options=0,high,no
trig-comp-01,hpq,Trigonometry,lazytopper/src/data/hpqCompetencyAdditions.ts:1029,figure-unbound,stem: figure,high,no
trig-comp-02,hpq,Trigonometry,lazytopper/src/data/hpqCompetencyAdditions.ts:1050,no-finalAnswer,finalAnswer missing/empty,low,no
math-ap-hpq-1,hpq,Arithmetic Progressions,lazytopper/src/data/highlyProbableQuestions.ts:2408,1mark-not-4option,format=MCQ; options=0,high,no
ap-comp-01,hpq,Arithmetic Progressions,lazytopper/src/data/hpqCompetencyAdditions.ts:98,no-finalAnswer,finalAnswer missing/empty,low,no
ap-comp-03,hpq,Arithmetic Progressions,lazytopper/src/data/hpqCompetencyAdditions.ts:1112,no-finalAnswer,finalAnswer missing/empty,low,no
math-tri-hpq-1,hpq,Triangles,lazytopper/src/data/highlyProbableQuestions.ts:2490,1mark-not-4option,format=MCQ; options=0,high,no
tri-hpq-101,hpq,Triangles,lazytopper/src/data/highlyProbableQuestions.ts:304,1mark-not-4option,format=MCQ; options=0,high,no
tri-comp-02,hpq,Triangles,lazytopper/src/data/hpqCompetencyAdditions.ts:705,no-finalAnswer,finalAnswer missing/empty,low,no
stat-hpq-101,hpq,Statistics,lazytopper/src/data/highlyProbableQuestions.ts:482,1mark-not-4option,format=MCQ; options=0,high,no
prob-hpq-101,hpq,Probability,lazytopper/src/data/highlyProbableQuestions.ts:627,1mark-not-4option,format=MCQ; options=0,high,no
prob-comp-02,hpq,Probability,lazytopper/src/data/hpqCompetencyAdditions.ts:788,no-finalAnswer,finalAnswer missing/empty,low,no
cg-comp-03,hpq,Coordinate Geometry,lazytopper/src/data/hpqCompetencyAdditions.ts:1218,no-finalAnswer,finalAnswer missing/empty,low,no
circ-comp-01,hpq,Circles,lazytopper/src/data/hpqCompetencyAdditions.ts:186,no-finalAnswer,finalAnswer missing/empty,low,no
circ-comp-02,hpq,Circles,lazytopper/src/data/hpqCompetencyAdditions.ts:1252,no-finalAnswer,finalAnswer missing/empty,low,no
sci-cre-hpq-1,hpq,Chemical Reactions & Equations,lazytopper/src/data/highlyProbableQuestions.ts:1392,1mark-not-4option,format=MCQ; options=0,high,no
sci-chem-comp-02,hpq,Chemical Reactions & Equations,lazytopper/src/data/hpqCompetencyAdditions.ts:1183,no-finalAnswer,finalAnswer missing/empty,low,no
sci-abs-hpq-1,hpq,"Acids, Bases & Salts",lazytopper/src/data/highlyProbableQuestions.ts:1486,1mark-not-4option,format=MCQ; options=0,high,no
2026-MNM-01b,hpq,Metals & Non-metals,lazytopper/src/data/class10SciencePredictiveEngine.ts:154,1mark-not-4option,format=MCQ; options=0,high,no
2026-MNM-02,hpq,Metals & Non-metals,lazytopper/src/data/class10SciencePredictiveEngine.ts:167,1mark-not-4option,format=MCQ; options=0,high,no
mnm-hpq-101,hpq,Metals & Non-metals,lazytopper/src/data/highlyProbableQuestions.ts:745,1mark-not-4option,format=MCQ; options=0,high,no
sci-mnm-comp-01,hpq,Metals & Non-metals,lazytopper/src/data/hpqCompetencyAdditions.ts:322,no-finalAnswer,finalAnswer missing/empty,low,no
sci-metals-comp-02,hpq,Metals & Non-metals,lazytopper/src/data/hpqCompetencyAdditions.ts:1147,no-finalAnswer,finalAnswer missing/empty,low,no
sci-cic-hpq-1,hpq,Carbon & its Compounds,lazytopper/src/data/highlyProbableQuestions.ts:1745,1mark-not-4option,format=MCQ; options=0,high,no
sci-cc-comp-01,hpq,Carbon & its Compounds,lazytopper/src/data/hpqCompetencyAdditions.ts:361,no-finalAnswer,finalAnswer missing/empty,low,no
sci-carbon-comp-02,hpq,Carbon & its Compounds,lazytopper/src/data/hpqCompetencyAdditions.ts:906,no-finalAnswer,finalAnswer missing/empty,low,no
sci-lp-hpq-1,hpq,Life Processes,lazytopper/src/data/highlyProbableQuestions.ts:1866,1mark-not-4option,format=MCQ; options=0,high,no
lp-hpq-101,hpq,Life Processes,lazytopper/src/data/highlyProbableQuestions.ts:898,1mark-not-4option,format=MCQ; options=0,high,no
sci-lp-comp-02,hpq,Life Processes,lazytopper/src/data/hpqCompetencyAdditions.ts:636,no-finalAnswer,finalAnswer missing/empty,low,no
sci-hdor-hpq-1,hpq,How do Organisms Reproduce?,lazytopper/src/data/highlyProbableQuestions.ts:1961,1mark-not-4option,format=MCQ; options=0,high,no
sci-light-hpq-1,hpq,Light – Reflection & Refraction,lazytopper/src/data/highlyProbableQuestions.ts:2026,1mark-not-4option,format=MCQ; options=0,high,no
sci-lrr-comp-02,hpq,Light – Reflection & Refraction,lazytopper/src/data/hpqCompetencyAdditions.ts:506,no-finalAnswer,finalAnswer missing/empty,low,no
sci-lrr-comp-03,hpq,Light – Reflection & Refraction,lazytopper/src/data/hpqCompetencyAdditions.ts:1353,no-finalAnswer,finalAnswer missing/empty,low,no
sci-eye-hpq-1,hpq,Human Eye & Colourful World,lazytopper/src/data/highlyProbableQuestions.ts:2121,1mark-not-4option,format=MCQ; options=0,high,no
sci-elec-hpq-1,hpq,Electricity,lazytopper/src/data/highlyProbableQuestions.ts:2185,1mark-not-4option,format=MCQ; options=0,high,no
sci-elec-comp-01,hpq,Electricity,lazytopper/src/data/hpqCompetencyAdditions.ts:575,no-finalAnswer,finalAnswer missing/empty,low,no
sci-elec-comp-02,hpq,Electricity,lazytopper/src/data/hpqCompetencyAdditions.ts:971,no-finalAnswer,finalAnswer missing/empty,low,no
sci-mec-hpq-1,hpq,Magnetic Effects of Electric Current,lazytopper/src/data/highlyProbableQuestions.ts:2308,1mark-not-4option,format=MCQ; options=0,high,no
sci-cc-hpq-1,hpq,Control and Coordination,lazytopper/src/data/highlyProbableQuestions.ts:2549,1mark-not-4option,format=MCQ; options=0,high,no
sci-cc-bio-comp-02,hpq,Control and Coordination,lazytopper/src/data/hpqCompetencyAdditions.ts:414,no-finalAnswer,finalAnswer missing/empty,low,no
sci-cc-comp-02,hpq,Control and Coordination,lazytopper/src/data/hpqCompetencyAdditions.ts:1287,no-finalAnswer,finalAnswer missing/empty,low,no
sci-he-hpq-1,hpq,Heredity,lazytopper/src/data/highlyProbableQuestions.ts:2639,1mark-not-4option,format=MCQ; options=0,high,no
sci-he-comp-01,hpq,Heredity,lazytopper/src/data/hpqCompetencyAdditions.ts:453,no-finalAnswer,finalAnswer missing/empty,low,no
sci-hered-comp-02,hpq,Heredity,lazytopper/src/data/hpqCompetencyAdditions.ts:942,no-finalAnswer,finalAnswer missing/empty,low,no
